ticket_id,title,description,account,location,status,priority,source,estimated_hours,primary_resource,role,queue,issue_type,sub_issue_type,work_type,contract_name,sla,created_at,created_by,completed_at,due_at,first_response_at,resolution,completed_by,is_legacy,priority_numeric,estimated_hours_clean,is_completed,resolution_hours,resolution_days,first_response_minutes,hours_until_due,hours_past_due,title_word_count,description_word_count,ticket_text,created_year,created_month,created_day,created_hour,created_day_of_week,created_week_of_year,created_is_weekend,created_is_business_hours,created_part_of_day,is_priority_low,is_priority_medium,is_priority_high,is_priority_critical,priority_weight,is_active_ticket,is_waiting_state,is_unassigned,is_overdue_open,ticket_text_char_count,ticket_text_has_server,ticket_text_has_backup,ticket_text_has_vpn,ticket_text_has_email,ticket_text_has_printer,ticket_text_has_access_issue,ticket_text_has_urgent_language,issue_type_group,queue_group,role_group,sla_priority_class,sla_coverage_type,sla_initial_response_hours,sla_status_update_hours,sla_weight,is_sla_high_urgency,is_service_request,is_maintenance,first_response_sla_met,ticket_age_hours,sla_age_ratio,sla_breach_risk,sla_breach_severity,resolution_hours_log,met_estimate_flag,estimate_error_hours
T20120604.0001,Alert: ABLE Manufacturing HQ Server Connectivity Failed,Customer: ABLE Manufacturing HQ Device: Server- 192.168.10.10 Service: Connectivity State Transition: From Indeterminate To Failed Time Of State Transition: 14:11:27.207469-05 Probe(s): Appliance #1: 192.168.10.5 Scandetails: Packet Loss (%): 100 Time To Live (hops): 0 Average Round Trip Time (ms): 0 Notification: 1 Notification Activated: 14:11:48.030423-05 Notification Sent: 14:12:05.615903-05,ABLE Manufacturing HQ,,New,Critical,,0.0,"Taylor, Mark",IT:Technician II,IT:Level II,IT:Hardware,Server,IT:Emergency (Non-Billable),,,2012-06-18 07:54:00,"Administrator, Autotask",,2012-06-19 07:54:00,2012-06-18 07:54:00,,,True,4,,False,,,0.0,24.0,,7,48,Alert: ABLE Manufacturing HQ Server Connectivity Failed Customer: ABLE Manufacturing HQ Device: Server- 192.168.10.10 Service: Connectivity State Transition: From Indeterminate To Failed Time Of State Transition: 14:11:27.207469-05 Probe(s): Appliance #1: 192.168.10.5 Scandetails: Packet Loss (%): 100 Time To Live (hops): 0 Average Round Trip Time (ms): 0 Notification: 1 Notification Activated: 14:11:48.030423-05 Notification Sent: 14:12:05.615903-05,2012,6,18,7,0,25,False,False,Morning,False,False,False,True,4,True,False,False,True,454,True,False,False,False,False,False,False,IT,IT,IT,High,Expanded,0.25,4.0,4,True,False,False,True,120818.41,483273.63,True,Critical,,False,
T20120604.0009,Request for Help,Request for Help,ABLE Manufacturing HQ,,New,Medium,Email,2.0,,,Triage,Triage,,0:Triage,Able Manufacturing - Recurring Service,,2012-06-17 20:00:00,"Administrator, Autotask",,2012-06-25 11:00:00,2012-06-18 20:00:00,,,True,2,2.0,False,,,1440.0,183.0,,3,3,Request for Help Request for Help,2012,6,17,20,6,24,True,False,Evening,False,True,False,False,2,True,False,True,True,33,False,False,False,False,False,False,False,Triage,Triage,,Service Request,Expanded,24.0,24.0,1,False,True,False,True,120830.31,5034.6,True,Critical,,False,
T20260226.0001,Request for Tony,Request for Tony,ABLE Manufacturing HQ,Primary Location,New,Medium,Email,2.0,,,Triage,Triage,,0:Triage,Able Manufacturing - Recurring Service,IT:Premium SLA,2026-02-26 20:00:00,"Administrator, Autotask",,2026-03-06 11:00:00,2026-02-26 20:00:00,,,False,2,2.0,False,,,0.0,183.0,,3,3,Request for Tony Request for Tony,2026,2,26,20,3,9,False,False,Evening,False,True,False,False,2,True,False,True,True,33,False,False,False,False,False,False,False,Triage,Triage,,Service Request,Expanded,24.0,24.0,1,False,True,False,True,782.31,32.6,True,Critical,,False,
T20260226.0002,Request for Tony2,Request for Tony2,ABLE Manufacturing HQ,Primary Location,New,Medium,Email,2.0,"Taylor, Mark",IT:Technician II,IT:Level I,Triage,,0:Triage,Able Manufacturing - Recurring Service,IT:Premium SLA,2026-02-26 20:00:00,"Administrator, Autotask",,2026-03-06 11:00:00,2026-02-26 20:00:00,,,False,2,2.0,False,,,0.0,183.0,,3,3,Request for Tony2 Request for Tony2,2026,2,26,20,3,9,False,False,Evening,False,True,False,False,2,True,False,False,True,35,False,False,False,False,False,False,False,Triage,IT,IT,Service Request,Expanded,24.0,24.0,1,False,True,False,True,782.31,32.6,True,Critical,,False,
T20251221.0001,Slow computer performance,User's workstation takes over 5 minutes to boot and applications are sluggish. Machine is 4 years old with HDD.,ABLE Manufacturing HQ,Primary Location,New,Low,Email,2.0,"Anderson, Scott",IT:Service Manager,IT:Level I,SW:Defect,,,Able Manufacturing - Recurring Service,IT:Premium SLA,2025-12-21 01:00:00,"Administrator, Autotask",,2025-12-29 11:00:00,2025-12-21 01:00:00,,,False,1,2.0,False,,,0.0,202.0,,3,19,Slow computer performance User's workstation takes over 5 minutes to boot and applications are sluggish. Machine is 4 years old with HDD.,2025,12,21,1,6,51,True,False,Overnight,True,False,False,False,1,True,False,False,True,137,False,False,False,False,False,False,False,SW,IT,IT,Low,Expanded,4.0,48.0,1,False,False,False,True,2409.31,602.33,True,Critical,,False,
T20260226.0003,Request for Tony2,Request for Tony2,ABLE Manufacturing HQ,Primary Location,New,Medium,Email,2.0,"Taylor, Mark",IT:Technician II,IT:Level I,Triage,,,Able Manufacturing - Recurring Service,IT:Premium SLA,2026-02-26 20:00:00,"Administrator, Autotask",,2026-03-06 11:00:00,2026-02-26 20:00:00,,,False,2,2.0,False,,,0.0,183.0,,3,3,Request for Tony2 Request for Tony2,2026,2,26,20,3,9,False,False,Evening,False,True,False,False,2,True,False,False,True,35,False,False,False,False,False,False,False,Triage,IT,IT,Service Request,Expanded,24.0,24.0,1,False,True,False,True,782.31,32.6,True,Critical,,False,
T20260106.0001,MFA not working on mobile device,User replaced their phone and can no longer receive MFA push notifications. Needs MFA token re-enrolled.,ABLE Manufacturing HQ,Primary Location,New,High,Email,2.0,"Moore, James",IT:Technician II,IT:Level I,IT:Hardware,,,Able Manufacturing - Recurring Service,IT:Premium SLA,2026-01-06 17:00:00,"Administrator, Autotask",,2026-01-14 11:00:00,2026-01-06 17:00:00,,,False,3,2.0,False,,,0.0,186.0,,6,16,MFA not working on mobile device User replaced their phone and can no longer receive MFA push notifications. Needs MFA token re-enrolled.,2026,1,6,17,1,2,False,False,Afternoon,False,False,True,False,3,True,False,False,True,137,False,False,False,False,False,False,False,IT,IT,IT,High,Expanded,0.25,4.0,4,True,False,False,True,2009.31,8037.23,True,Critical,,False,
T20251219.0001,Password reset request,Employee locked out of their account after multiple failed login attempts. Requesting password reset and account unlock.,ABLE Manufacturing HQ,Primary Location,New,High,Email,2.0,"Taylor, Mark",IT:Technician II,IT:Level I,SW:Change,,,Able Manufacturing - Recurring Service,IT:Premium SLA,2025-12-19 16:00:00,"Administrator, Autotask",,2025-12-29 10:00:00,2025-12-19 16:00:00,,,False,3,2.0,False,,,0.0,234.0,,3,17,Password reset request Employee locked out of their account after multiple failed login attempts. Requesting password reset and account unlock.,2025,12,19,16,4,51,False,True,Afternoon,False,False,True,False,3,True,False,False,True,143,False,False,False,False,False,False,False,SW,IT,IT,Service Request,Standard,24.0,24.0,1,False,True,False,True,2442.31,101.76,True,Critical,,False,
T20260208.0002,File recovery request,User accidentally deleted a folder from the shared drive and needs it restored from backup.,ABLE Manufacturing HQ,Primary Location,New,Critical,Email,2.0,"Anderson, Scott",IT:Service Manager,Triage,Triage,,,Able Manufacturing - Recurring Service,IT:Premium SLA,2026-02-08 19:00:00,"Administrator, Autotask",,2026-02-16 11:00:00,2026-02-08 19:00:00,,,False,4,2.0,False,,,0.0,184.0,,3,15,File recovery request User accidentally deleted a folder from the shared drive and needs it restored from backup.,2026,2,8,19,6,6,True,False,Evening,False,False,False,True,4,True,False,False,True,113,False,True,False,False,False,False,False,Triage,Triage,IT,Service Request,Expanded,24.0,24.0,1,False,True,False,True,1215.31,50.64,True,Critical,,False,
T20251229.0001,Software license expired for Adobe Acrobat,Adobe Acrobat Pro license has expired for the Marketing department. Three users unable to edit PDFs.,ABLE Manufacturing HQ,Primary Location,New,Medium,Email,2.0,"Taylor, Mark",IT:Technician II,IT:Change Requests,IT:Change,,,Able Manufacturing - Recurring Service,IT:Premium SLA,2025-12-29 11:00:00,"Administrator, Autotask",,2026-01-05 14:00:00,2025-12-29 11:00:00,,,False,2,2.0,False,,,0.0,171.0,,6,16,Software license expired for Adobe Acrobat Adobe Acrobat Pro license has expired for the Marketing department. Three users unable to edit PDFs.,2025,12,29,11,0,1,False,True,Morning,False,True,False,False,2,True,False,False,True,143,False,False,False,False,False,False,False,IT,IT,IT,Service Request,Standard,24.0,24.0,1,False,True,False,True,2207.31,91.97,True,Critical,,False,
T20260217.0002,MFA not working on mobile device,User replaced their phone and can no longer receive MFA push notifications. Needs MFA token re-enrolled.,ABLE Manufacturing HQ,Primary Location,New,High,Email,2.0,"Taylor, Mark",IT:Technician II,IT:Level I,SW:Change,,,Able Manufacturing - Recurring Service,IT:Premium SLA,2026-02-17 07:00:00,"Administrator, Autotask",,2026-02-24 11:00:00,2026-02-17 07:00:00,,,False,3,2.0,False,,,0.0,172.0,,6,16,MFA not working on mobile device User replaced their phone and can no longer receive MFA push notifications. Needs MFA token re-enrolled.,2026,2,17,7,1,8,False,False,Morning,False,False,True,False,3,True,False,False,True,137,False,False,False,False,False,False,False,SW,IT,IT,Service Request,Expanded,24.0,24.0,1,False,True,False,True,1011.31,42.14,True,Critical,,False,
T20251204.0001,Shared drive access denied,User in Accounting cannot access the shared S: drive. Permissions appear correct in AD but access is still denied.,ABLE Manufacturing HQ,Primary Location,New,Low,Email,2.0,"Moore, James",IT:Technician II,Triage,IT:Change,,,Able Manufacturing - Recurring Service,IT:Premium SLA,2025-12-04 17:00:00,"Administrator, Autotask",,2025-12-12 11:00:00,2025-12-04 17:00:00,,,False,1,2.0,False,,,0.0,186.0,,4,19,Shared drive access denied User in Accounting cannot access the shared S: drive. Permissions appear correct in AD but access is still denied.,2025,12,4,17,3,49,False,False,Afternoon,True,False,False,False,1,True,False,False,True,141,False,False,False,False,False,True,False,IT,Triage,IT,Service Request,Expanded,24.0,24.0,1,False,True,False,True,2801.31,116.72,True,Critical,,False,
T20260213.0002,VPN connection drops intermittently,"Remote employee experiences frequent VPN disconnections throughout the day, disrupting access to internal resources.",ABLE Manufacturing HQ,Primary Location,New,Low,Email,2.0,"Moore, James",IT:Technician II,Triage,SW:Defect,,,Able Manufacturing - Recurring Service,IT:Premium SLA,2026-02-13 16:30:00,"Administrator, Autotask",,2026-02-23 10:30:00,2026-02-13 16:30:00,,,False,1,2.0,False,,,0.0,234.0,,4,14,"VPN connection drops intermittently Remote employee experiences frequent VPN disconnections throughout the day, disrupting access to internal resources.",2026,2,13,16,4,7,False,True,Afternoon,True,False,False,False,1,True,False,False,True,152,False,False,True,False,False,True,False,SW,Triage,IT,Low,Standard,4.0,48.0,1,False,False,False,True,1097.81,274.45,True,Critical,,False,
T20251210.0001,Desk phone not receiving calls,User's VoIP desk phone rings but no audio when answered. Other phones on the same switch work fine.,ABLE Manufacturing HQ,Primary Location,New,Critical,Email,2.0,"Anderson, Scott",IT:Service Manager,IT:Level II,IT:Change,,,Able Manufacturing - Recurring Service,IT:Premium SLA,2025-12-10 17:00:00,"Administrator, Autotask",,2025-12-18 11:00:00,2025-12-10 17:00:00,,,False,4,2.0,False,,,0.0,186.0,,5,18,Desk phone not receiving calls User's VoIP desk phone rings but no audio when answered. Other phones on the same switch work fine.,2025,12,10,17,2,50,False,False,Afternoon,False,False,False,True,4,True,False,False,True,130,False,False,False,False,False,False,False,IT,IT,IT,Service Request,Expanded,24.0,24.0,1,False,True,False,True,2657.31,110.72,True,Critical,,False,
T20260116.0002,Network printer offline,The Ricoh copier/printer in the main office shows offline status for all users. Physical device appears powered on.,ABLE Manufacturing HQ,Primary Location,New,Low,Email,2.0,"Moore, James",IT:Technician II,IT:Level II,IT:Hardware,,,Able Manufacturing - Recurring Service,IT:Premium SLA,2026-01-16 23:30:00,"Administrator, Autotask",,2026-01-26 11:00:00,2026-01-16 23:30:00,,,False,1,2.0,False,,,0.0,227.5,,3,18,Network printer offline The Ricoh copier/printer in the main office shows offline status for all users. Physical device appears powered on.,2026,1,16,23,4,3,False,False,Late Night,True,False,False,False,1,True,False,False,True,139,False,False,False,False,True,False,False,IT,IT,IT,Low,Expanded,4.0,48.0,1,False,False,False,True,1762.81,440.7,True,Critical,,False,
T20260223.0003,VPN connection drops intermittently,"Remote employee experiences frequent VPN disconnections throughout the day, disrupting access to internal resources.",ABLE Manufacturing HQ,Primary Location,New,Medium,Email,2.0,"Moore, James",IT:Technician II,IT:Level I,SW:Change,,,Able Manufacturing - Recurring Service,IT:Premium SLA,2026-02-23 20:30:00,"Administrator, Autotask",,2026-03-03 11:00:00,2026-02-23 20:30:00,,,False,2,2.0,False,,,0.0,182.5,,4,14,"VPN connection drops intermittently Remote employee experiences frequent VPN disconnections throughout the day, disrupting access to internal resources.",2026,2,23,20,0,9,False,False,Evening,False,True,False,False,2,True,False,False,True,152,False,False,True,False,False,True,False,SW,IT,IT,Service Request,Expanded,24.0,24.0,1,False,True,False,True,853.81,35.58,True,Critical,,False,
T20260105.0002,Zoom meeting room setup,Need to configure the new conference room TV and camera system for Zoom Rooms integration.,ABLE Manufacturing HQ,Primary Location,New,Low,Email,2.0,"Anderson, Scott",IT:Service Manager,Triage,IT:Applications,,,Able Manufacturing - Recurring Service,IT:Premium SLA,2026-01-05 17:30:00,"Administrator, Autotask",,2026-01-13 11:00:00,2026-01-05 17:30:00,,,False,1,2.0,False,,,0.0,185.5,,4,15,Zoom meeting room setup Need to configure the new conference room TV and camera system for Zoom Rooms integration.,2026,1,5,17,0,2,False,False,Afternoon,True,False,False,False,1,True,False,False,True,114,False,False,False,False,False,False,False,IT,Triage,IT,Service Request,Expanded,24.0,24.0,1,False,True,False,True,2032.81,84.7,True,Critical,,False,
T20260208.0005,Windows update causing BSOD,Two workstations experiencing Blue Screen of Death after latest Windows cumulative update was installed.,ABLE Manufacturing HQ,Primary Location,New,Medium,Email,2.0,"Miller, Susan",SW:Support II,IT:Level II,SW:Defect,,,Able Manufacturing - Recurring Service,IT:Premium SLA,2026-02-08 01:00:00,"Administrator, Autotask",,2026-02-16 11:00:00,2026-02-08 01:00:00,,,False,2,2.0,False,,,0.0,202.0,,4,14,Windows update causing BSOD Two workstations experiencing Blue Screen of Death after latest Windows cumulative update was installed.,2026,2,8,1,6,6,True,False,Overnight,False,True,False,False,2,True,False,False,True,132,False,False,False,False,False,False,False,SW,IT,SW,Maintenance,Expanded,24.0,24.0,1,False,False,True,True,1233.31,51.39,True,Critical,,False,
T20251226.0001,Network printer offline,The Ricoh copier/printer in the main office shows offline status for all users. Physical device appears powered on.,ABLE Manufacturing HQ,Primary Location,Waiting Customer,Critical,Email,2.0,"Anderson, Scott",IT:Service Manager,IT:Level I,IT:Change,,,Able Manufacturing - Recurring Service,IT:Premium SLA,2025-12-26 09:00:00,"Administrator, Autotask",,2026-01-05 09:00:00,2025-12-26 09:00:00,,,False,4,2.0,False,,,0.0,240.0,,3,18,Network printer offline The Ricoh copier/printer in the main office shows offline status for all users. Physical device appears powered on.,2025,12,26,9,4,52,False,True,Morning,False,False,False,True,4,True,True,False,True,139,False,False,False,False,True,False,False,IT,IT,IT,Service Request,Standard,24.0,24.0,1,False,True,False,True,2281.31,95.05,True,Critical,,False,
T20260125.0001,VPN connection drops intermittently,"Remote employee experiences frequent VPN disconnections throughout the day, disrupting access to internal resources.",ABLE Manufacturing HQ,Primary Location,Waiting Customer,Critical,Email,2.0,"Taylor, Mark",IT:Technician II,IT:Change Requests,IT:Change,,,Able Manufacturing - Recurring Service,IT:Premium SLA,2026-01-25 11:30:00,"Administrator, Autotask",,2026-02-04 11:30:00,2026-01-25 11:30:00,,,False,4,2.0,False,,,0.0,240.0,,4,14,"VPN connection drops intermittently Remote employee experiences frequent VPN disconnections throughout the day, disrupting access to internal resources.",2026,1,25,11,6,4,True,False,Morning,False,False,False,True,4,True,True,False,True,152,False,False,True,False,False,True,False,IT,IT,IT,Service Request,Expanded,24.0,24.0,1,False,True,False,True,1558.81,64.95,True,Critical,,False,
T20251213.0002,Backup job failed overnight,Nightly backup job for the file server failed with a timeout error. Last successful backup was 3 days ago.,ABLE Manufacturing HQ,Primary Location,Waiting Customer,High,Email,2.0,"Anderson, Scott",IT:Service Manager,IT:Change Requests,SW:Change,,,Able Manufacturing - Recurring Service,IT:Premium SLA,2025-12-13 11:00:00,"Administrator, Autotask",,2025-12-23 11:00:00,2025-12-13 11:00:00,,,False,3,2.0,False,,,0.0,240.0,,4,19,Backup job failed overnight Nightly backup job for the file server failed with a timeout error. Last successful backup was 3 days ago.,2025,12,13,11,5,50,True,False,Morning,False,False,True,False,3,True,True,False,True,134,True,True,False,False,False,False,False,SW,IT,IT,Service Request,Expanded,24.0,24.0,1,False,True,False,True,2591.31,107.97,True,Critical,,False,
T20251224.0001,Backup job failed overnight,Nightly backup job for the file server failed with a timeout error. Last successful backup was 3 days ago.,ABLE Manufacturing HQ,Primary Location,Waiting Customer,Medium,Email,2.0,"Moore, James",IT:Technician II,IT:Level I,SW:Change,,,Able Manufacturing - Recurring Service,IT:Premium SLA,2025-12-24 09:00:00,"Administrator, Autotask",,2026-01-03 09:00:00,2025-12-24 09:00:00,,,False,2,2.0,False,,,0.0,240.0,,4,19,Backup job failed overnight Nightly backup job for the file server failed with a timeout error. Last successful backup was 3 days ago.,2025,12,24,9,2,52,False,True,Morning,False,True,False,False,2,True,True,False,True,134,True,True,False,False,False,False,False,SW,IT,IT,Service Request,Standard,24.0,24.0,1,False,True,False,True,2329.31,97.05,True,Critical,,False,
T20260218.0001,New user account creation,"HR requests new Active Directory account, email, and standard group memberships for incoming Accounting associate.",ABLE Manufacturing HQ,Primary Location,Waiting Customer,Low,Email,2.0,"Anderson, Scott",IT:Service Manager,IT:Level I,SW:Change,,,Able Manufacturing - Recurring Service,IT:Premium SLA,2026-02-18 03:30:00,"Administrator, Autotask",,2026-02-28 03:30:00,2026-02-18 03:30:00,,,False,1,2.0,False,,,0.0,240.0,,4,15,"New user account creation HR requests new Active Directory account, email, and standard group memberships for incoming Accounting associate.",2026,2,18,3,2,8,False,False,Overnight,True,False,False,False,1,True,True,False,True,140,False,False,False,True,False,False,False,SW,IT,IT,Service Request,Expanded,24.0,24.0,1,False,True,False,True,990.81,41.28,True,Critical,,False,
T20251219.0002,New employee laptop setup,"New hire starting next Monday needs a laptop configured with standard software suite, email, and VPN access.",ABLE Manufacturing HQ,Primary Location,Waiting Customer,Medium,Email,2.0,"Anderson, Scott",IT:Service Manager,IT:Level I,Triage,,,Able Manufacturing - Recurring Service,IT:Premium SLA,2025-12-19 12:00:00,"Administrator, Autotask",,2025-12-29 12:00:00,2025-12-19 12:00:00,,,False,2,2.0,False,,,0.0,240.0,,4,17,"New employee laptop setup New hire starting next Monday needs a laptop configured with standard software suite, email, and VPN access.",2025,12,19,12,4,51,False,True,Afternoon,False,True,False,False,2,True,True,False,True,134,False,False,True,True,False,True,False,Triage,IT,IT,Service Request,Standard,24.0,24.0,1,False,True,False,True,2446.31,101.93,True,Critical,,False,
T20260113.0001,Teams calls have audio echo,Multiple users in the open office area report audio echo issues during Microsoft Teams calls.,ABLE Manufacturing HQ,Primary Location,Waiting Customer,Medium,Email,2.0,"Moore, James",IT:Technician II,IT:Change Requests,SW:Change,,,Able Manufacturing - Recurring Service,IT:Premium SLA,2026-01-13 21:00:00,"Administrator, Autotask",,2026-01-23 21:00:00,2026-01-13 21:00:00,,,False,2,2.0,False,,,0.0,240.0,,5,15,Teams calls have audio echo Multiple users in the open office area report audio echo issues during Microsoft Teams calls.,2026,1,13,21,1,3,False,False,Evening,False,True,False,False,2,True,True,False,True,121,False,False,False,False,False,False,False,SW,IT,IT,Service Request,Expanded,24.0,24.0,1,False,True,False,True,1837.31,76.55,True,Critical,,False,
T20251231.0002,Software license expired for Adobe Acrobat,Adobe Acrobat Pro license has expired for the Marketing department. Three users unable to edit PDFs.,ABLE Manufacturing HQ,Primary Location,Waiting Customer,Critical,Email,2.0,"Taylor, Mark",IT:Technician II,IT:Change Requests,IT:Applications,,,Able Manufacturing - Recurring Service,IT:Premium SLA,2025-12-31 01:30:00,"Administrator, Autotask",,2026-01-10 01:30:00,2025-12-31 01:30:00,,,False,4,2.0,False,,,0.0,240.0,,6,16,Software license expired for Adobe Acrobat Adobe Acrobat Pro license has expired for the Marketing department. Three users unable to edit PDFs.,2025,12,31,1,2,1,False,False,Overnight,False,False,False,True,4,True,True,False,True,143,False,False,False,False,False,False,False,IT,IT,IT,Service Request,Expanded,24.0,24.0,1,False,True,False,True,2168.81,90.37,True,Critical,,False,
T20260111.0001,Network printer offline,The Ricoh copier/printer in the main office shows offline status for all users. Physical device appears powered on.,ABLE Manufacturing HQ,Primary Location,Waiting Customer,Critical,Email,2.0,"Anderson, Scott",IT:Service Manager,IT:Change Requests,IT:Change,,,Able Manufacturing - Recurring Service,IT:Premium SLA,2026-01-11 14:00:00,"Administrator, Autotask",,2026-01-21 14:00:00,2026-01-11 14:00:00,,,False,4,2.0,False,,,0.0,240.0,,3,18,Network printer offline The Ricoh copier/printer in the main office shows offline status for all users. Physical device appears powered on.,2026,1,11,14,6,2,True,False,Afternoon,False,False,False,True,4,True,True,False,True,139,False,False,False,False,True,False,False,IT,IT,IT,Service Request,Expanded,24.0,24.0,1,False,True,False,True,1892.31,78.85,True,Critical,,False,
T20251203.0002,Monitor flickering on docking station,User's external monitor flickers when connected via USB-C docking station. Works fine with direct HDMI connection.,ABLE Manufacturing HQ,Primary Location,Waiting Customer,Low,Email,2.0,"Moore, James",IT:Technician II,IT:Change Requests,IT:Applications,,,Able Manufacturing - Recurring Service,IT:Premium SLA,2025-12-03 04:30:00,"Administrator, Autotask",,2025-12-13 04:30:00,2025-12-03 04:30:00,,,False,1,2.0,False,,,0.0,240.0,,5,16,Monitor flickering on docking station User's external monitor flickers when connected via USB-C docking station. Works fine with direct HDMI connection.,2025,12,3,4,2,49,False,False,Overnight,True,False,False,False,1,True,True,False,True,152,False,False,False,False,False,False,False,IT,IT,IT,Service Request,Expanded,24.0,24.0,1,False,True,False,True,2837.81,118.24,True,Critical,,False,
T20251219.0003,Email bouncing back to external clients,Several external clients report emails to our sales team are bouncing back with a 550 error.,ABLE Manufacturing HQ,Primary Location,Waiting Customer,Critical,Email,2.0,"Moore, James",IT:Technician II,IT:Change Requests,IT:Change,,,Able Manufacturing - Recurring Service,IT:Premium SLA,2025-12-19 08:30:00,"Administrator, Autotask",,2025-12-29 08:30:00,2025-12-19 08:30:00,,,False,4,2.0,False,,,0.0,240.0,,6,16,Email bouncing back to external clients Several external clients report emails to our sales team are bouncing back with a 550 error.,2025,12,19,8,4,51,False,True,Morning,False,False,False,True,4,True,True,False,True,132,False,False,False,True,False,False,False,IT,IT,IT,Service Request,Standard,24.0,24.0,1,False,True,False,True,2449.81,102.08,True,Critical,,False,
T20260121.0003,Teams calls have audio echo,Multiple users in the open office area report audio echo issues during Microsoft Teams calls.,ABLE Manufacturing HQ,Primary Location,Waiting Customer,Low,Email,2.0,"Anderson, Scott",IT:Service Manager,IT:Change Requests,SW:Support,,,Able Manufacturing - Recurring Service,IT:Premium SLA,2026-01-21 13:30:00,"Administrator, Autotask",,2026-01-31 13:30:00,2026-01-21 13:30:00,,,False,1,2.0,False,,,0.0,240.0,,5,15,Teams calls have audio echo Multiple users in the open office area report audio echo issues during Microsoft Teams calls.,2026,1,21,13,2,4,False,True,Afternoon,True,False,False,False,1,True,True,False,True,121,False,False,False,False,False,False,False,SW,IT,IT,Service Request,Standard,24.0,24.0,1,False,True,False,True,1652.81,68.87,True,Critical,,False,
T20120530.0001,Dan is still having issues with his email,Dan is still having issues with his email - all of a sudden actually worse since last week. I am wondering if you would be able to see something that I cannot. Below is the error message I am getting from Dan's email - it has been since last week happening all the time.,ABLE Manufacturing HQ,,In Progress,Medium,Client Portal,3.0,"Taylor, Mark",IT:Technician I,IT:Level I,IT:Applications,Email,IT:Remote (Billable),Able Manufacturing - Incident,,2012-06-12 20:00:00,"Administrator, Autotask",,2012-06-20 11:00:00,2012-06-13 20:00:00,,,True,2,3.0,False,,,1440.0,183.0,,8,54,Dan is still having issues with his email Dan is still having issues with his email - all of a sudden actually worse since last week. I am wondering if you would be able to see something that I cannot. Below is the error message I am getting from Dan's email - it has been since last week happening all the time.,2012,6,12,20,1,24,False,False,Evening,False,True,False,False,2,True,False,False,True,312,False,False,False,True,False,False,False,IT,IT,IT,Medium,Expanded,2.0,8.0,2,False,False,False,False,120950.31,60475.15,True,Critical,,False,
T20251209.0001,Windows update causing BSOD,Two workstations experiencing Blue Screen of Death after latest Windows cumulative update was installed.,ABLE Manufacturing HQ,Primary Location,In Progress,Medium,Email,2.0,"Taylor, Mark",IT:Technician II,Triage,SW:Support,,,Able Manufacturing - Recurring Service,IT:Premium SLA,2025-12-09 02:00:00,"Administrator, Autotask",,2025-12-16 11:00:00,2025-12-09 02:00:00,,,False,2,2.0,False,,,0.0,177.0,,4,14,Windows update causing BSOD Two workstations experiencing Blue Screen of Death after latest Windows cumulative update was installed.,2025,12,9,2,1,50,False,False,Overnight,False,True,False,False,2,True,False,False,True,132,False,False,False,False,False,False,False,SW,Triage,IT,Maintenance,Expanded,24.0,24.0,1,False,False,True,True,2696.31,112.35,True,Critical,,False,
T20260208.0001,Need access to CRM application,Sales rep needs access provisioned to the Salesforce CRM. Manager has approved the request.,ABLE Manufacturing HQ,Primary Location,In Progress,High,Email,2.0,"Moore, James",IT:Technician II,IT:Level I,SW:Support,,,Able Manufacturing - Recurring Service,IT:Premium SLA,2026-02-08 23:00:00,"Administrator, Autotask",,2026-02-16 11:00:00,2026-02-08 23:00:00,,,False,3,2.0,False,,,0.0,180.0,,5,14,Need access to CRM application Sales rep needs access provisioned to the Salesforce CRM. Manager has approved the request.,2026,2,8,23,6,6,True,False,Late Night,False,False,True,False,3,True,False,False,True,122,False,False,False,False,False,True,False,SW,IT,IT,Service Request,Expanded,24.0,24.0,1,False,True,False,True,1211.31,50.47,True,Critical,,False,
T20251213.0001,New employee laptop setup,"New hire starting next Monday needs a laptop configured with standard software suite, email, and VPN access.",ABLE Manufacturing HQ,Primary Location,In Progress,Low,Email,2.0,"Moore, James",IT:Technician II,IT:Change Requests,SW:Support,,,Able Manufacturing - Recurring Service,IT:Premium SLA,2025-12-13 03:30:00,"Administrator, Autotask",,2025-12-22 11:00:00,2025-12-13 03:30:00,,,False,1,2.0,False,,,0.0,223.5,,4,17,"New employee laptop setup New hire starting next Monday needs a laptop configured with standard software suite, email, and VPN access.",2025,12,13,3,5,50,True,False,Overnight,True,False,False,False,1,True,False,False,True,134,False,False,True,True,False,True,False,SW,IT,IT,Service Request,Expanded,24.0,24.0,1,False,True,False,True,2598.81,108.28,True,Critical,,False,
T20260228.0002,Zoom meeting room setup,Need to configure the new conference room TV and camera system for Zoom Rooms integration.,ABLE Manufacturing HQ,Primary Location,In Progress,Critical,Email,2.0,"Anderson, Scott",IT:Service Manager,IT:Level II,SW:Support,,,Able Manufacturing - Recurring Service,IT:Premium SLA,2026-02-28 22:30:00,"Administrator, Autotask",,2026-03-09 11:00:00,2026-02-28 22:30:00,,,False,4,2.0,False,,,0.0,204.5,,4,15,Zoom meeting room setup Need to configure the new conference room TV and camera system for Zoom Rooms integration.,2026,2,28,22,5,9,True,False,Late Night,False,False,False,True,4,True,False,False,True,114,False,False,False,False,False,False,False,SW,IT,IT,Service Request,Expanded,24.0,24.0,1,False,True,False,True,731.81,30.49,True,Critical,,False,
T20260118.0001,Teams calls have audio echo,Multiple users in the open office area report audio echo issues during Microsoft Teams calls.,ABLE Manufacturing HQ,Primary Location,In Progress,Medium,Email,2.0,"Anderson, Scott",IT:Service Manager,IT:Level II,IT:Applications,,,Able Manufacturing - Recurring Service,IT:Premium SLA,2026-01-18 05:30:00,"Administrator, Autotask",,2026-01-26 11:00:00,2026-01-18 05:30:00,,,False,2,2.0,False,,,0.0,197.5,,5,15,Teams calls have audio echo Multiple users in the open office area report audio echo issues during Microsoft Teams calls.,2026,1,18,5,6,3,True,False,Overnight,False,True,False,False,2,True,False,False,True,121,False,False,False,False,False,False,False,IT,IT,IT,Medium,Expanded,2.0,8.0,2,False,False,False,True,1732.81,866.4,True,Critical,,False,
T20251205.0003,Password reset request,Employee locked out of their account after multiple failed login attempts. Requesting password reset and account unlock.,ABLE Manufacturing HQ,Primary Location,In Progress,High,Email,2.0,"Moore, James",IT:Technician II,IT:Change Requests,SW:Internal,,,Able Manufacturing - Recurring Service,IT:Premium SLA,2025-12-05 19:30:00,"Administrator, Autotask",,2025-12-15 11:00:00,2025-12-05 19:30:00,,,False,3,2.0,False,,,0.0,231.5,,3,17,Password reset request Employee locked out of their account after multiple failed login attempts. Requesting password reset and account unlock.,2025,12,5,19,4,49,False,False,Evening,False,False,True,False,3,True,False,False,True,143,False,False,False,False,False,False,False,SW,IT,IT,Service Request,Expanded,24.0,24.0,1,False,True,False,True,2774.81,115.62,True,Critical,,False,
T20260131.0002,File recovery request,User accidentally deleted a folder from the shared drive and needs it restored from backup.,ABLE Manufacturing HQ,Primary Location,In Progress,Critical,Email,2.0,"Miller, Susan",SW:Support II,IT:Level II,Triage,,,Able Manufacturing - Recurring Service,IT:Premium SLA,2026-01-31 13:00:00,"Administrator, Autotask",,2026-02-09 11:00:00,2026-01-31 13:00:00,,,False,4,2.0,False,,,0.0,214.0,,3,15,File recovery request User accidentally deleted a folder from the shared drive and needs it restored from backup.,2026,1,31,13,5,5,True,False,Afternoon,False,False,False,True,4,True,False,False,True,113,False,True,False,False,False,False,False,Triage,IT,SW,Service Request,Expanded,24.0,24.0,1,False,True,False,True,1413.31,58.89,True,Critical,,False,
T20260212.0002,New employee laptop setup,"New hire starting next Monday needs a laptop configured with standard software suite, email, and VPN access.",ABLE Manufacturing HQ,Primary Location,In Progress,High,Email,2.0,"Taylor, Mark",IT:Technician II,Triage,SW:Support,,,Able Manufacturing - Recurring Service,IT:Premium SLA,2026-02-12 11:30:00,"Administrator, Autotask",,2026-02-19 14:30:00,2026-02-12 11:30:00,,,False,3,2.0,False,,,0.0,171.0,,4,17,"New employee laptop setup New hire starting next Monday needs a laptop configured with standard software suite, email, and VPN access.",2026,2,12,11,3,7,False,True,Morning,False,False,True,False,3,True,False,False,True,134,False,False,True,True,False,True,False,SW,Triage,IT,Service Request,Standard,24.0,24.0,1,False,True,False,True,1126.81,46.95,True,Critical,,False,
T20260224.0001,OneDrive sync errors,User getting persistent sync conflict errors in OneDrive. Several files showing duplicate versions.,ABLE Manufacturing HQ,Primary Location,In Progress,Medium,Email,2.0,"Moore, James",IT:Technician II,IT:Level II,SW:Internal,,,Able Manufacturing - Recurring Service,IT:Premium SLA,2026-02-24 18:00:00,"Administrator, Autotask",,2026-03-04 11:00:00,2026-02-24 18:00:00,,,False,2,2.0,False,,,0.0,185.0,,3,13,OneDrive sync errors User getting persistent sync conflict errors in OneDrive. Several files showing duplicate versions.,2026,2,24,18,1,9,False,False,Evening,False,True,False,False,2,True,False,False,True,120,False,False,False,False,False,False,False,SW,IT,IT,Medium,Expanded,2.0,8.0,2,False,False,False,True,832.31,416.15,True,Critical,,False,
T20260113.0002,Desk phone not receiving calls,User's VoIP desk phone rings but no audio when answered. Other phones on the same switch work fine.,ABLE Manufacturing HQ,Primary Location,In Progress,Critical,Email,2.0,"Taylor, Mark",IT:Technician II,IT:Level I,IT:Hardware,,,Able Manufacturing - Recurring Service,IT:Premium SLA,2026-01-13 19:00:00,"Administrator, Autotask",,2026-01-21 11:00:00,2026-01-13 19:00:00,,,False,4,2.0,False,,,0.0,184.0,,5,18,Desk phone not receiving calls User's VoIP desk phone rings but no audio when answered. Other phones on the same switch work fine.,2026,1,13,19,1,3,False,False,Evening,False,False,False,True,4,True,False,False,True,130,False,False,False,False,False,False,False,IT,IT,IT,High,Expanded,0.25,4.0,4,True,False,False,True,1839.31,7357.23,True,Critical,,False,
T20260115.0003,QuickBooks not launching after update,QuickBooks Desktop crashes immediately on launch after the latest update was applied overnight.,ABLE Manufacturing HQ,Primary Location,In Progress,High,Email,2.0,"Taylor, Mark",IT:Technician II,IT:Level I,SW:Support,,,Able Manufacturing - Recurring Service,IT:Premium SLA,2026-01-15 08:00:00,"Administrator, Autotask",,2026-01-22 11:00:00,2026-01-15 08:00:00,,,False,3,2.0,False,,,0.0,171.0,,5,13,QuickBooks not launching after update QuickBooks Desktop crashes immediately on launch after the latest update was applied overnight.,2026,1,15,8,3,3,False,True,Morning,False,False,True,False,3,True,False,False,True,133,False,False,False,False,False,False,True,SW,IT,IT,Maintenance,Standard,24.0,24.0,1,False,False,True,True,1802.31,75.1,True,Critical,,False,
T20260221.0001,Request to install project management software,Project lead requesting installation of Monday.com desktop app on their workstation.,ABLE Manufacturing HQ,Primary Location,In Progress,Low,Email,2.0,"Miller, Susan",SW:Support II,IT:Change Requests,IT:Applications,,,Able Manufacturing - Recurring Service,IT:Premium SLA,2026-02-21 01:30:00,"Administrator, Autotask",,2026-03-02 11:00:00,2026-02-21 01:30:00,,,False,1,2.0,False,,,0.0,225.5,,6,11,Request to install project management software Project lead requesting installation of Monday.com desktop app on their workstation.,2026,2,21,1,5,8,True,False,Overnight,True,False,False,False,1,True,False,False,True,131,False,False,False,False,False,False,False,IT,IT,SW,Service Request,Expanded,24.0,24.0,1,False,True,False,True,920.81,38.37,True,Critical,,False,
T20251216.0001,MFA not working on mobile device,User replaced their phone and can no longer receive MFA push notifications. Needs MFA token re-enrolled.,ABLE Manufacturing HQ,Primary Location,In Progress,Medium,Email,2.0,"Moore, James",IT:Technician II,IT:Change Requests,Triage,,,Able Manufacturing - Recurring Service,IT:Premium SLA,2025-12-16 11:00:00,"Administrator, Autotask",,2025-12-23 14:00:00,2025-12-16 11:00:00,,,False,2,2.0,False,,,0.0,171.0,,6,16,MFA not working on mobile device User replaced their phone and can no longer receive MFA push notifications. Needs MFA token re-enrolled.,2025,12,16,11,1,51,False,True,Morning,False,True,False,False,2,True,False,False,True,137,False,False,False,False,False,False,False,Triage,IT,IT,Service Request,Standard,24.0,24.0,1,False,True,False,True,2519.31,104.97,True,Critical,,False,
T20260206.0001,Request for additional monitor,Department manager requesting a second monitor for their workstation to improve productivity.,ABLE Manufacturing HQ,Primary Location,Waiting Materials,Low,Email,2.0,"Taylor, Mark",IT:Technician II,IT:Level II,SW:Support,,,Able Manufacturing - Recurring Service,IT:Premium SLA,2026-02-06 23:30:00,"Administrator, Autotask",,2026-02-16 11:00:00,2026-02-06 23:30:00,,,False,1,2.0,False,,,0.0,227.5,,4,12,Request for additional monitor Department manager requesting a second monitor for their workstation to improve productivity.,2026,2,6,23,4,6,False,False,Late Night,True,False,False,False,1,True,True,False,True,124,False,False,False,False,False,False,False,SW,IT,IT,Service Request,Expanded,24.0,24.0,1,False,True,False,True,1258.81,52.45,True,Critical,,False,
T20260217.0001,Teams calls have audio echo,Multiple users in the open office area report audio echo issues during Microsoft Teams calls.,ABLE Manufacturing HQ,Primary Location,Waiting Materials,Medium,Email,2.0,"Anderson, Scott",IT:Service Manager,IT:Level I,SW:Defect,,,Able Manufacturing - Recurring Service,IT:Premium SLA,2026-02-17 08:00:00,"Administrator, Autotask",,2026-02-24 11:00:00,2026-02-17 08:00:00,,,False,2,2.0,False,,,0.0,171.0,,5,15,Teams calls have audio echo Multiple users in the open office area report audio echo issues during Microsoft Teams calls.,2026,2,17,8,1,8,False,True,Morning,False,True,False,False,2,True,True,False,True,121,False,False,False,False,False,False,False,SW,IT,IT,Medium,Standard,2.0,8.0,2,False,False,False,True,1010.31,505.15,True,Critical,,False,
T20260121.0001,Monitor flickering on docking station,User's external monitor flickers when connected via USB-C docking station. Works fine with direct HDMI connection.,ABLE Manufacturing HQ,Primary Location,Waiting Materials,High,Email,2.0,"Moore, James",IT:Technician II,IT:Level II,SW:Internal,,,Able Manufacturing - Recurring Service,IT:Premium SLA,2026-01-21 01:00:00,"Administrator, Autotask",,2026-01-28 11:00:00,2026-01-21 01:00:00,,,False,3,2.0,False,,,0.0,178.0,,5,16,Monitor flickering on docking station User's external monitor flickers when connected via USB-C docking station. Works fine with direct HDMI connection.,2026,1,21,1,2,4,False,False,Overnight,False,False,True,False,3,True,True,False,True,152,False,False,False,False,False,False,False,SW,IT,IT,High,Expanded,0.25,4.0,4,True,False,False,True,1665.31,6661.23,True,Critical,,False,
T20251227.0001,MFA not working on mobile device,User replaced their phone and can no longer receive MFA push notifications. Needs MFA token re-enrolled.,ABLE Manufacturing HQ,Primary Location,Waiting Materials,Low,Email,2.0,"Anderson, Scott",IT:Service Manager,IT:Level II,SW:Internal,,,Able Manufacturing - Recurring Service,IT:Premium SLA,2025-12-27 17:30:00,"Administrator, Autotask",,2026-01-05 11:00:00,2025-12-27 17:30:00,,,False,1,2.0,False,,,0.0,209.5,,6,16,MFA not working on mobile device User replaced their phone and can no longer receive MFA push notifications. Needs MFA token re-enrolled.,2025,12,27,17,5,52,True,False,Afternoon,True,False,False,False,1,True,True,False,True,137,False,False,False,False,False,False,False,SW,IT,IT,Low,Expanded,4.0,48.0,1,False,False,False,True,2248.81,562.2,True,Critical,,False,
T20260212.0003,Request to install project management software,Project lead requesting installation of Monday.com desktop app on their workstation.,ABLE Manufacturing HQ,Primary Location,Waiting Materials,Low,Email,2.0,"Miller, Susan",SW:Support II,Triage,SW:Change,,,Able Manufacturing - Recurring Service,IT:Premium SLA,2026-02-12 08:00:00,"Administrator, Autotask",,2026-02-19 11:00:00,2026-02-12 08:00:00,,,False,1,2.0,False,,,0.0,171.0,,6,11,Request to install project management software Project lead requesting installation of Monday.com desktop app on their workstation.,2026,2,12,8,3,7,False,True,Morning,True,False,False,False,1,True,True,False,True,131,False,False,False,False,False,False,False,SW,Triage,SW,Service Request,Standard,24.0,24.0,1,False,True,False,True,1130.31,47.1,True,Critical,,False,
T20260205.0002,MFA not working on mobile device,User replaced their phone and can no longer receive MFA push notifications. Needs MFA token re-enrolled.,ABLE Manufacturing HQ,Primary Location,Waiting Materials,Medium,Email,2.0,"Miller, Susan",SW:Support II,IT:Change Requests,SW:Defect,,,Able Manufacturing - Recurring Service,IT:Premium SLA,2026-02-05 17:00:00,"Administrator, Autotask",,2026-02-13 11:00:00,2026-02-05 17:00:00,,,False,2,2.0,False,,,0.0,186.0,,6,16,MFA not working on mobile device User replaced their phone and can no longer receive MFA push notifications. Needs MFA token re-enrolled.,2026,2,5,17,3,6,False,False,Afternoon,False,True,False,False,2,True,True,False,True,137,False,False,False,False,False,False,False,SW,IT,SW,Service Request,Expanded,24.0,24.0,1,False,True,False,True,1289.31,53.72,True,Critical,,False,
T20260125.0002,Slow computer performance,User's workstation takes over 5 minutes to boot and applications are sluggish. Machine is 4 years old with HDD.,ABLE Manufacturing HQ,Primary Location,Waiting Materials,Critical,Email,2.0,"Moore, James",IT:Technician II,IT:Level I,IT:Change,,,Able Manufacturing - Recurring Service,IT:Premium SLA,2026-01-25 14:00:00,"Administrator, Autotask",,2026-02-02 11:00:00,2026-01-25 14:00:00,,,False,4,2.0,False,,,0.0,189.0,,3,19,Slow computer performance User's workstation takes over 5 minutes to boot and applications are sluggish. Machine is 4 years old with HDD.,2026,1,25,14,6,4,True,False,Afternoon,False,False,False,True,4,True,True,False,True,137,False,False,False,False,False,False,False,IT,IT,IT,Service Request,Expanded,24.0,24.0,1,False,True,False,True,1556.31,64.85,True,Critical,,False,
T20251229.0003,Zoom meeting room setup,Need to configure the new conference room TV and camera system for Zoom Rooms integration.,ABLE Manufacturing HQ,Primary Location,Waiting Materials,Low,Email,2.0,"Taylor, Mark",IT:Technician II,IT:Level II,IT:Applications,,,Able Manufacturing - Recurring Service,IT:Premium SLA,2025-12-29 17:00:00,"Administrator, Autotask",,2026-01-06 11:00:00,2025-12-29 17:00:00,,,False,1,2.0,False,,,0.0,186.0,,4,15,Zoom meeting room setup Need to configure the new conference room TV and camera system for Zoom Rooms integration.,2025,12,29,17,0,1,False,False,Afternoon,True,False,False,False,1,True,True,False,True,114,False,False,False,False,False,False,False,IT,IT,IT,Service Request,Expanded,24.0,24.0,1,False,True,False,True,2201.31,91.72,True,Critical,,False,
T20260111.0002,Wi-Fi connectivity issues in conference room B,Staff report intermittent Wi-Fi drops in conference room B during video calls. Signal strength appears weak.,ABLE Manufacturing HQ,Primary Location,Waiting Materials,Medium,Email,2.0,"Anderson, Scott",IT:Service Manager,IT:Level II,SW:Internal,,,Able Manufacturing - Recurring Service,IT:Premium SLA,2026-01-11 13:30:00,"Administrator, Autotask",,2026-01-19 11:00:00,2026-01-11 13:30:00,,,False,2,2.0,False,,,0.0,189.5,,7,16,Wi-Fi connectivity issues in conference room B Staff report intermittent Wi-Fi drops in conference room B during video calls. Signal strength appears weak.,2026,1,11,13,6,2,True,False,Afternoon,False,True,False,False,2,True,True,False,True,155,False,False,False,False,False,False,False,SW,IT,IT,Medium,Expanded,2.0,8.0,2,False,False,False,True,1892.81,946.4,True,Critical,,False,
T20260220.0005,Software license expired for Adobe Acrobat,Adobe Acrobat Pro license has expired for the Marketing department. Three users unable to edit PDFs.,ABLE Manufacturing HQ,Primary Location,Waiting Materials,High,Email,2.0,"Moore, James",IT:Technician II,IT:Change Requests,IT:Change,,,Able Manufacturing - Recurring Service,IT:Premium SLA,2026-02-20 08:30:00,"Administrator, Autotask",,2026-02-27 11:30:00,2026-02-20 08:30:00,,,False,3,2.0,False,,,0.0,171.0,,6,16,Software license expired for Adobe Acrobat Adobe Acrobat Pro license has expired for the Marketing department. Three users unable to edit PDFs.,2026,2,20,8,4,8,False,True,Morning,False,False,True,False,3,True,True,False,True,143,False,False,False,False,False,False,False,IT,IT,IT,Service Request,Standard,24.0,24.0,1,False,True,False,True,937.81,39.08,True,Critical,,False,
T20120604.0002.001,Monthy Services Checkup,Monthy Services Checkup,ABLE Manufacturing HQ,,Scheduled,Low,In Person/Onsite,2.0,"Taylor, Mark",IT:Technician I,IT:Level I,IT:Hardware,Other,IT:Onsite (Billable),,,2012-06-18 08:08:00,"Administrator, Autotask",,2012-06-18 12:00:00,2012-06-18 08:08:00,,,True,1,2.0,False,,,0.0,3.87,,3,3,Monthy Services Checkup Monthy Services Checkup,2012,6,18,8,0,25,False,True,Morning,True,False,False,False,1,True,False,False,True,47,False,False,False,False,False,False,False,IT,IT,IT,Low,Standard,4.0,48.0,1,False,False,False,True,120818.17,30204.54,True,Critical,,False,
T20120604.0002.002,Monthy Services Checkup,Monthy Services Checkup,ABLE Manufacturing HQ,,Scheduled,Low,In Person/Onsite,2.0,"Taylor, Mark",IT:Technician I,Triage,IT:Hardware,Other,IT:Onsite (Billable),,,2012-06-18 08:08:00,"Administrator, Autotask",,2012-07-16 12:00:00,2012-06-18 08:08:00,,,True,1,2.0,False,,,0.0,675.87,,3,3,Monthy Services Checkup Monthy Services Checkup,2012,6,18,8,0,25,False,True,Morning,True,False,False,False,1,True,False,False,True,47,False,False,False,False,False,False,False,IT,Triage,IT,Low,Standard,4.0,48.0,1,False,False,False,True,120818.17,30204.54,True,Critical,,False,
T20120604.0002.003,Monthy Services Checkup,Monthy Services Checkup,ABLE Manufacturing HQ,,Scheduled,Low,In Person/Onsite,2.0,"Taylor, Mark",IT:Technician I,Triage,IT:Hardware,Other,IT:Onsite (Billable),,,2012-06-18 08:08:00,"Administrator, Autotask",,2012-08-20 12:00:00,2012-06-18 08:08:00,,,True,1,2.0,False,,,0.0,1515.87,,3,3,Monthy Services Checkup Monthy Services Checkup,2012,6,18,8,0,25,False,True,Morning,True,False,False,False,1,True,False,False,True,47,False,False,False,False,False,False,False,IT,Triage,IT,Low,Standard,4.0,48.0,1,False,False,False,True,120818.17,30204.54,True,Critical,,False,
T20120604.0002.004,Monthy Services Checkup,Monthy Services Checkup,ABLE Manufacturing HQ,,Scheduled,Low,In Person/Onsite,2.0,"Taylor, Mark",IT:Technician I,Triage,IT:Hardware,Other,IT:Onsite (Billable),,,2012-06-18 08:08:00,"Administrator, Autotask",,2012-09-17 12:00:00,2012-06-18 08:08:00,,,True,1,2.0,False,,,0.0,2187.87,,3,3,Monthy Services Checkup Monthy Services Checkup,2012,6,18,8,0,25,False,True,Morning,True,False,False,False,1,True,False,False,True,47,False,False,False,False,False,False,False,IT,Triage,IT,Low,Standard,4.0,48.0,1,False,False,False,True,120818.17,30204.54,True,Critical,,False,
T20120604.0002.005,Monthy Services Checkup,Monthy Services Checkup,ABLE Manufacturing HQ,,Scheduled,Low,In Person/Onsite,2.0,"Taylor, Mark",IT:Technician I,Triage,IT:Hardware,Other,IT:Onsite (Billable),,,2012-06-18 08:08:00,"Administrator, Autotask",,2012-10-15 12:00:00,2012-06-18 08:08:00,,,True,1,2.0,False,,,0.0,2859.87,,3,3,Monthy Services Checkup Monthy Services Checkup,2012,6,18,8,0,25,False,True,Morning,True,False,False,False,1,True,False,False,True,47,False,False,False,False,False,False,False,IT,Triage,IT,Low,Standard,4.0,48.0,1,False,False,False,True,120818.17,30204.54,True,Critical,,False,
T20120604.0002.006,Monthy Services Checkup,Monthy Services Checkup,ABLE Manufacturing HQ,,Scheduled,Low,In Person/Onsite,2.0,"Taylor, Mark",IT:Technician I,IT:Level I,IT:Hardware,Other,IT:Onsite (Billable),,,2012-06-18 08:08:00,"Administrator, Autotask",,2012-11-19 12:00:00,2012-06-18 08:08:00,,,True,1,2.0,False,,,0.0,3699.87,,3,3,Monthy Services Checkup Monthy Services Checkup,2012,6,18,8,0,25,False,True,Morning,True,False,False,False,1,True,False,False,True,47,False,False,False,False,False,False,False,IT,IT,IT,Low,Standard,4.0,48.0,1,False,False,False,True,120818.17,30204.54,True,Critical,,False,
T20260105.0001,Password reset request,Employee locked out of their account after multiple failed login attempts. Requesting password reset and account unlock.,ABLE Manufacturing HQ,Primary Location,Scheduled,High,Email,2.0,"Anderson, Scott",IT:Service Manager,IT:Change Requests,IT:Applications,,,Able Manufacturing - Recurring Service,IT:Premium SLA,2026-01-05 01:30:00,"Administrator, Autotask",,2026-01-12 11:00:00,2026-01-05 01:30:00,,,False,3,2.0,False,,,0.0,177.5,,3,17,Password reset request Employee locked out of their account after multiple failed login attempts. Requesting password reset and account unlock.,2026,1,5,1,0,2,False,False,Overnight,False,False,True,False,3,True,False,False,True,143,False,False,False,False,False,False,False,IT,IT,IT,Service Request,Expanded,24.0,24.0,1,False,True,False,True,2048.81,85.37,True,Critical,,False,
T20260202.0001,Slow computer performance,User's workstation takes over 5 minutes to boot and applications are sluggish. Machine is 4 years old with HDD.,ABLE Manufacturing HQ,Primary Location,Scheduled,Critical,Email,2.0,"Taylor, Mark",IT:Technician II,Triage,IT:Hardware,,,Able Manufacturing - Recurring Service,IT:Premium SLA,2026-02-02 12:00:00,"Administrator, Autotask",,2026-02-09 15:00:00,2026-02-02 12:00:00,,,False,4,2.0,False,,,0.0,171.0,,3,19,Slow computer performance User's workstation takes over 5 minutes to boot and applications are sluggish. Machine is 4 years old with HDD.,2026,2,2,12,0,6,False,True,Afternoon,False,False,False,True,4,True,False,False,True,137,False,False,False,False,False,False,False,IT,Triage,IT,High,Standard,0.25,4.0,4,True,False,False,True,1366.31,5465.23,True,Critical,,False,
T20251205.0001,New user account creation,"HR requests new Active Directory account, email, and standard group memberships for incoming Accounting associate.",ABLE Manufacturing HQ,Primary Location,Scheduled,Medium,Email,2.0,"Taylor, Mark",IT:Technician II,IT:Change Requests,SW:Defect,,,Able Manufacturing - Recurring Service,IT:Premium SLA,2025-12-05 05:30:00,"Administrator, Autotask",,2025-12-12 11:00:00,2025-12-05 05:30:00,,,False,2,2.0,False,,,0.0,173.5,,4,15,"New user account creation HR requests new Active Directory account, email, and standard group memberships for incoming Accounting associate.",2025,12,5,5,4,49,False,False,Overnight,False,True,False,False,2,True,False,False,True,140,False,False,False,True,False,False,False,SW,IT,IT,Service Request,Expanded,24.0,24.0,1,False,True,False,True,2788.81,116.2,True,Critical,,False,
T20260126.0002,Email bouncing back to external clients,Several external clients report emails to our sales team are bouncing back with a 550 error.,ABLE Manufacturing HQ,Primary Location,Scheduled,Low,Email,2.0,"Moore, James",IT:Technician II,IT:Level II,IT:Applications,,,Able Manufacturing - Recurring Service,IT:Premium SLA,2026-01-26 22:30:00,"Administrator, Autotask",,2026-02-03 11:00:00,2026-01-26 22:30:00,,,False,1,2.0,False,,,0.0,180.5,,6,16,Email bouncing back to external clients Several external clients report emails to our sales team are bouncing back with a 550 error.,2026,1,26,22,0,5,False,False,Late Night,True,False,False,False,1,True,False,False,True,132,False,False,False,True,False,False,False,IT,IT,IT,Low,Expanded,4.0,48.0,1,False,False,False,True,1523.81,380.95,True,Critical,,False,
T20251227.0002,Network printer offline,The Ricoh copier/printer in the main office shows offline status for all users. Physical device appears powered on.,ABLE Manufacturing HQ,Primary Location,Scheduled,High,Email,2.0,"Taylor, Mark",IT:Technician II,Triage,Triage,,,Able Manufacturing - Recurring Service,IT:Premium SLA,2025-12-27 08:00:00,"Administrator, Autotask",,2026-01-05 11:00:00,2025-12-27 08:00:00,,,False,3,2.0,False,,,0.0,219.0,,3,18,Network printer offline The Ricoh copier/printer in the main office shows offline status for all users. Physical device appears powered on.,2025,12,27,8,5,52,True,False,Morning,False,False,True,False,3,True,False,False,True,139,False,False,False,False,True,False,False,Triage,Triage,IT,High,Expanded,0.25,4.0,4,True,False,False,True,2258.31,9033.23,True,Critical,,False,
T20260226.0005,Outlook not syncing emails,User reports Outlook on their workstation is not syncing new emails. Restarting the application did not resolve the issue.,ABLE Manufacturing HQ,Primary Location,Scheduled,Medium,Email,2.0,"Taylor, Mark",IT:Technician II,IT:Level II,IT:Applications,,,Able Manufacturing - Recurring Service,IT:Premium SLA,2026-02-26 07:00:00,"Administrator, Autotask",,2026-03-05 11:00:00,2026-02-26 07:00:00,,,False,2,2.0,False,,,0.0,172.0,,4,19,Outlook not syncing emails User reports Outlook on their workstation is not syncing new emails. Restarting the application did not resolve the issue.,2026,2,26,7,3,9,False,False,Morning,False,True,False,False,2,True,False,False,True,149,False,False,False,True,False,False,False,IT,IT,IT,Medium,Expanded,2.0,8.0,2,False,False,False,True,795.31,397.65,True,Critical,,False,
T20251227.0004,Keyboard and mouse not responding,User's wireless keyboard and mouse stopped working. New batteries did not fix the issue.,ABLE Manufacturing HQ,Primary Location,Scheduled,Medium,Email,2.0,"Taylor, Mark",IT:Technician II,IT:Level II,IT:Change,,,Able Manufacturing - Recurring Service,IT:Premium SLA,2025-12-27 01:30:00,"Administrator, Autotask",,2026-01-05 11:00:00,2025-12-27 01:30:00,,,False,2,2.0,False,,,0.0,225.5,,5,14,Keyboard and mouse not responding User's wireless keyboard and mouse stopped working. New batteries did not fix the issue.,2025,12,27,1,5,52,True,False,Overnight,False,True,False,False,2,True,False,False,True,122,False,False,False,False,False,False,False,IT,IT,IT,Service Request,Expanded,24.0,24.0,1,False,True,False,True,2264.81,94.37,True,Critical,,False,
T20260220.0004,Need access to CRM application,Sales rep needs access provisioned to the Salesforce CRM. Manager has approved the request.,ABLE Manufacturing HQ,Primary Location,Scheduled,Critical,Email,2.0,"Taylor, Mark",IT:Technician II,IT:Change Requests,SW:Defect,,,Able Manufacturing - Recurring Service,IT:Premium SLA,2026-02-20 12:00:00,"Administrator, Autotask",,2026-02-27 15:00:00,2026-02-20 12:00:00,,,False,4,2.0,False,,,0.0,171.0,,5,14,Need access to CRM application Sales rep needs access provisioned to the Salesforce CRM. Manager has approved the request.,2026,2,20,12,4,8,False,True,Afternoon,False,False,False,True,4,True,False,False,True,122,False,False,False,False,False,True,False,SW,IT,IT,Service Request,Standard,24.0,24.0,1,False,True,False,True,934.31,38.93,True,Critical,,False,
T20251230.0002,Suspicious phishing email reported,Employee forwarded a suspicious email claiming to be from IT asking for credentials. Needs investigation.,ABLE Manufacturing HQ,Primary Location,Scheduled,Low,Email,2.0,"Miller, Susan",SW:Support II,IT:Level II,Triage,,,Able Manufacturing - Recurring Service,IT:Premium SLA,2025-12-30 11:30:00,"Administrator, Autotask",,2026-01-06 14:30:00,2025-12-30 11:30:00,,,False,1,2.0,False,,,0.0,171.0,,4,15,Suspicious phishing email reported Employee forwarded a suspicious email claiming to be from IT asking for credentials. Needs investigation.,2025,12,30,11,1,1,False,True,Morning,True,False,False,False,1,True,False,False,True,140,False,False,False,True,False,False,False,Triage,IT,SW,Low,Standard,4.0,48.0,1,False,False,False,True,2182.81,545.7,True,Critical,,False,
T20260114.0002,Outlook not syncing emails,User reports Outlook on their workstation is not syncing new emails. Restarting the application did not resolve the issue.,ABLE Manufacturing HQ,Primary Location,Scheduled,Critical,Email,2.0,"Anderson, Scott",IT:Service Manager,IT:Level II,SW:Internal,,,Able Manufacturing - Recurring Service,IT:Premium SLA,2026-01-14 06:00:00,"Administrator, Autotask",,2026-01-21 11:00:00,2026-01-14 06:00:00,,,False,4,2.0,False,,,0.0,173.0,,4,19,Outlook not syncing emails User reports Outlook on their workstation is not syncing new emails. Restarting the application did not resolve the issue.,2026,1,14,6,2,3,False,False,Morning,False,False,False,True,4,True,False,False,True,149,False,False,False,True,False,False,False,SW,IT,IT,High,Expanded,0.25,4.0,4,True,False,False,True,1828.31,7313.23,True,Critical,,False,
T20251212.0002,Backup job failed overnight,Nightly backup job for the file server failed with a timeout error. Last successful backup was 3 days ago.,ABLE Manufacturing HQ,Primary Location,Scheduled,High,Email,2.0,"Taylor, Mark",IT:Technician II,IT:Level II,IT:Applications,,,Able Manufacturing - Recurring Service,IT:Premium SLA,2025-12-12 15:00:00,"Administrator, Autotask",,2025-12-22 09:00:00,2025-12-12 15:00:00,,,False,3,2.0,False,,,0.0,234.0,,4,19,Backup job failed overnight Nightly backup job for the file server failed with a timeout error. Last successful backup was 3 days ago.,2025,12,12,15,4,50,False,True,Afternoon,False,False,True,False,3,True,False,False,True,134,True,True,False,False,False,False,False,IT,IT,IT,High,Standard,0.25,4.0,4,True,False,False,True,2611.31,10445.23,True,Critical,,False,
T20260225.0001,Wi-Fi connectivity issues in conference room B,Staff report intermittent Wi-Fi drops in conference room B during video calls. Signal strength appears weak.,ABLE Manufacturing HQ,Primary Location,Scheduled,Critical,Email,2.0,"Miller, Susan",SW:Support II,IT:Level I,Triage,,,Able Manufacturing - Recurring Service,IT:Premium SLA,2026-02-25 01:30:00,"Administrator, Autotask",,2026-03-04 11:00:00,2026-02-25 01:30:00,,,False,4,2.0,False,,,0.0,177.5,,7,16,Wi-Fi connectivity issues in conference room B Staff report intermittent Wi-Fi drops in conference room B during video calls. Signal strength appears weak.,2026,2,25,1,2,9,False,False,Overnight,False,False,False,True,4,True,False,False,True,155,False,False,False,False,False,False,False,Triage,IT,SW,High,Expanded,0.25,4.0,4,True,False,False,True,824.81,3299.23,True,Critical,,False,
T20260215.0003,Keyboard and mouse not responding,User's wireless keyboard and mouse stopped working. New batteries did not fix the issue.,ABLE Manufacturing HQ,Primary Location,Scheduled,Critical,Email,2.0,"Moore, James",IT:Technician II,IT:Level II,IT:Hardware,,,Able Manufacturing - Recurring Service,IT:Premium SLA,2026-02-15 17:00:00,"Administrator, Autotask",,2026-02-23 11:00:00,2026-02-15 17:00:00,,,False,4,2.0,False,,,0.0,186.0,,5,14,Keyboard and mouse not responding User's wireless keyboard and mouse stopped working. New batteries did not fix the issue.,2026,2,15,17,6,7,True,False,Afternoon,False,False,False,True,4,True,False,False,True,122,False,False,False,False,False,False,False,IT,IT,IT,High,Expanded,0.25,4.0,4,True,False,False,True,1049.31,4197.23,True,Critical,,False,
T20251231.0001,Desk phone not receiving calls,User's VoIP desk phone rings but no audio when answered. Other phones on the same switch work fine.,ABLE Manufacturing HQ,Primary Location,Escalate,High,Email,2.0,"Moore, James",IT:Technician II,Triage,SW:Defect,,,Able Manufacturing - Recurring Service,IT:Premium SLA,2025-12-31 07:30:00,"Administrator, Autotask",,2026-01-07 11:00:00,2025-12-31 07:30:00,,,False,3,2.0,False,,,0.0,171.5,,5,18,Desk phone not receiving calls User's VoIP desk phone rings but no audio when answered. Other phones on the same switch work fine.,2025,12,31,7,2,1,False,False,Morning,False,False,True,False,3,True,False,False,True,130,False,False,False,False,False,False,False,SW,Triage,IT,High,Expanded,0.25,4.0,4,True,False,False,True,2162.81,8651.23,True,Critical,,False,
T20260131.0001,Keyboard and mouse not responding,User's wireless keyboard and mouse stopped working. New batteries did not fix the issue.,ABLE Manufacturing HQ,Primary Location,Escalate,Medium,Email,2.0,"Taylor, Mark",IT:Technician II,IT:Level II,SW:Support,,,Able Manufacturing - Recurring Service,IT:Premium SLA,2026-01-31 15:00:00,"Administrator, Autotask",,2026-02-09 11:00:00,2026-01-31 15:00:00,,,False,2,2.0,False,,,0.0,212.0,,5,14,Keyboard and mouse not responding User's wireless keyboard and mouse stopped working. New batteries did not fix the issue.,2026,1,31,15,5,5,True,False,Afternoon,False,True,False,False,2,True,False,False,True,122,False,False,False,False,False,False,False,SW,IT,IT,Medium,Expanded,2.0,8.0,2,False,False,False,True,1411.31,705.65,True,Critical,,False,
T20260227.0001,Software license expired for Adobe Acrobat,Adobe Acrobat Pro license has expired for the Marketing department. Three users unable to edit PDFs.,ABLE Manufacturing HQ,Primary Location,Escalate,High,Email,2.0,"Anderson, Scott",IT:Service Manager,IT:Level I,SW:Defect,,,Able Manufacturing - Recurring Service,IT:Premium SLA,2026-02-27 17:30:00,"Administrator, Autotask",,2026-03-09 11:00:00,2026-02-27 17:30:00,,,False,3,2.0,False,,,0.0,233.5,,6,16,Software license expired for Adobe Acrobat Adobe Acrobat Pro license has expired for the Marketing department. Three users unable to edit PDFs.,2026,2,27,17,4,9,False,False,Afternoon,False,False,True,False,3,True,False,False,True,143,False,False,False,False,False,False,False,SW,IT,IT,Service Request,Expanded,24.0,24.0,1,False,True,False,True,760.81,31.7,True,Critical,,False,
T20260117.0001,Request to install project management software,Project lead requesting installation of Monday.com desktop app on their workstation.,ABLE Manufacturing HQ,Primary Location,Escalate,Medium,Email,2.0,"Moore, James",IT:Technician II,IT:Level I,IT:Applications,,,Able Manufacturing - Recurring Service,IT:Premium SLA,2026-01-17 17:00:00,"Administrator, Autotask",,2026-01-26 11:00:00,2026-01-17 17:00:00,,,False,2,2.0,False,,,0.0,210.0,,6,11,Request to install project management software Project lead requesting installation of Monday.com desktop app on their workstation.,2026,1,17,17,5,3,True,False,Afternoon,False,True,False,False,2,True,False,False,True,131,False,False,False,False,False,False,False,IT,IT,IT,Service Request,Expanded,24.0,24.0,1,False,True,False,True,1745.31,72.72,True,Critical,,False,
T20260127.0001,QuickBooks not launching after update,QuickBooks Desktop crashes immediately on launch after the latest update was applied overnight.,ABLE Manufacturing HQ,Primary Location,Escalate,High,Email,2.0,"Taylor, Mark",IT:Technician II,IT:Level II,IT:Change,,,Able Manufacturing - Recurring Service,IT:Premium SLA,2026-01-27 08:00:00,"Administrator, Autotask",,2026-02-03 11:00:00,2026-01-27 08:00:00,,,False,3,2.0,False,,,0.0,171.0,,5,13,QuickBooks not launching after update QuickBooks Desktop crashes immediately on launch after the latest update was applied overnight.,2026,1,27,8,1,5,False,True,Morning,False,False,True,False,3,True,False,False,True,133,False,False,False,False,False,False,True,IT,IT,IT,Maintenance,Standard,24.0,24.0,1,False,False,True,True,1514.31,63.1,True,Critical,,False,
T20260123.0001,Wi-Fi connectivity issues in conference room B,Staff report intermittent Wi-Fi drops in conference room B during video calls. Signal strength appears weak.,ABLE Manufacturing HQ,Primary Location,Escalate,Low,Email,2.0,"Anderson, Scott",IT:Service Manager,IT:Change Requests,SW:Support,,,Able Manufacturing - Recurring Service,IT:Premium SLA,2026-01-23 09:00:00,"Administrator, Autotask",,2026-01-30 12:00:00,2026-01-23 09:00:00,,,False,1,2.0,False,,,0.0,171.0,,7,16,Wi-Fi connectivity issues in conference room B Staff report intermittent Wi-Fi drops in conference room B during video calls. Signal strength appears weak.,2026,1,23,9,4,4,False,True,Morning,True,False,False,False,1,True,False,False,True,155,False,False,False,False,False,False,False,SW,IT,IT,Service Request,Standard,24.0,24.0,1,False,True,False,True,1609.31,67.05,True,Critical,,False,
T20251212.0001,Laptop battery not holding charge,User's Dell laptop battery drains from 100% to 0% in under an hour. Laptop is 2 years old.,ABLE Manufacturing HQ,Primary Location,Escalate,Low,Email,2.0,"Taylor, Mark",IT:Technician II,IT:Level I,IT:Change,,,Able Manufacturing - Recurring Service,IT:Premium SLA,2025-12-12 01:00:00,"Administrator, Autotask",,2025-12-19 11:00:00,2025-12-12 01:00:00,,,False,1,2.0,False,,,0.0,178.0,,5,18,Laptop battery not holding charge User's Dell laptop battery drains from 100% to 0% in under an hour. Laptop is 2 years old.,2025,12,12,1,4,50,False,False,Overnight,True,False,False,False,1,True,False,False,True,124,False,False,False,False,False,False,False,IT,IT,IT,Service Request,Expanded,24.0,24.0,1,False,True,False,True,2625.31,109.39,True,Critical,,False,
T20260116.0001,Backup job failed overnight,Nightly backup job for the file server failed with a timeout error. Last successful backup was 3 days ago.,ABLE Manufacturing HQ,Primary Location,Escalate,Low,Email,2.0,"Taylor, Mark",IT:Technician II,IT:Level II,Triage,,,Able Manufacturing - Recurring Service,IT:Premium SLA,2026-01-16 03:30:00,"Administrator, Autotask",,2026-01-23 11:00:00,2026-01-16 03:30:00,,,False,1,2.0,False,,,0.0,175.5,,4,19,Backup job failed overnight Nightly backup job for the file server failed with a timeout error. Last successful backup was 3 days ago.,2026,1,16,3,4,3,False,False,Overnight,True,False,False,False,1,True,False,False,True,134,True,True,False,False,False,False,False,Triage,IT,IT,Low,Expanded,4.0,48.0,1,False,False,False,True,1782.81,445.7,True,Critical,,False,
T20260213.0001,Zoom meeting room setup,Need to configure the new conference room TV and camera system for Zoom Rooms integration.,ABLE Manufacturing HQ,Primary Location,Escalate,Medium,Email,2.0,"Anderson, Scott",IT:Service Manager,Triage,SW:Support,,,Able Manufacturing - Recurring Service,IT:Premium SLA,2026-02-13 11:30:00,"Administrator, Autotask",,2026-02-20 14:30:00,2026-02-13 11:30:00,,,False,2,2.0,False,,,0.0,171.0,,4,15,Zoom meeting room setup Need to configure the new conference room TV and camera system for Zoom Rooms integration.,2026,2,13,11,4,7,False,True,Morning,False,True,False,False,2,True,False,False,True,114,False,False,False,False,False,False,False,SW,Triage,IT,Service Request,Standard,24.0,24.0,1,False,True,False,True,1102.81,45.95,True,Critical,,False,
T20260130.0002,Need access to CRM application,Sales rep needs access provisioned to the Salesforce CRM. Manager has approved the request.,ABLE Manufacturing HQ,Primary Location,Escalate,Critical,Email,2.0,"Taylor, Mark",IT:Technician II,IT:Level II,IT:Hardware,,,Able Manufacturing - Recurring Service,IT:Premium SLA,2026-01-30 14:00:00,"Administrator, Autotask",,2026-02-06 17:00:00,2026-01-30 14:00:00,,,False,4,2.0,False,,,0.0,171.0,,5,14,Need access to CRM application Sales rep needs access provisioned to the Salesforce CRM. Manager has approved the request.,2026,1,30,14,4,5,False,True,Afternoon,False,False,False,True,4,True,False,False,True,122,False,False,False,False,False,True,False,IT,IT,IT,Service Request,Standard,24.0,24.0,1,False,True,False,True,1436.31,59.85,True,Critical,,False,
T20251220.0001,Server room temperature alert,Environmental monitoring system triggered a high-temperature alert in the server room. HVAC may be malfunctioning.,ABLE Manufacturing HQ,Primary Location,Escalate,Critical,Email,2.0,"Moore, James",IT:Technician II,Triage,SW:Support,,,Able Manufacturing - Recurring Service,IT:Premium SLA,2025-12-20 14:00:00,"Administrator, Autotask",,2025-12-29 11:00:00,2025-12-20 14:00:00,,,False,4,2.0,False,,,0.0,213.0,,4,15,Server room temperature alert Environmental monitoring system triggered a high-temperature alert in the server room. HVAC may be malfunctioning.,2025,12,20,14,5,51,True,False,Afternoon,False,False,False,True,4,True,False,False,True,144,True,False,False,False,False,False,False,SW,Triage,IT,High,Expanded,0.25,4.0,4,True,False,False,True,2420.31,9681.23,True,Critical,,False,
T20260206.0002,Password reset request,Employee locked out of their account after multiple failed login attempts. Requesting password reset and account unlock.,ABLE Manufacturing HQ,Primary Location,Escalate,Low,Email,2.0,"Anderson, Scott",IT:Service Manager,Triage,SW:Change,,,Able Manufacturing - Recurring Service,IT:Premium SLA,2026-02-06 07:30:00,"Administrator, Autotask",,2026-02-13 11:00:00,2026-02-06 07:30:00,,,False,1,2.0,False,,,0.0,171.5,,3,17,Password reset request Employee locked out of their account after multiple failed login attempts. Requesting password reset and account unlock.,2026,2,6,7,4,6,False,False,Morning,True,False,False,False,1,True,False,False,True,143,False,False,False,False,False,False,False,SW,Triage,IT,Service Request,Expanded,24.0,24.0,1,False,True,False,True,1274.81,53.12,True,Critical,,False,
T20260203.0002,Shared drive access denied,User in Accounting cannot access the shared S: drive. Permissions appear correct in AD but access is still denied.,ABLE Manufacturing HQ,Primary Location,Escalate,Critical,Email,2.0,"Taylor, Mark",IT:Technician II,Triage,SW:Change,,,Able Manufacturing - Recurring Service,IT:Premium SLA,2026-02-03 23:00:00,"Administrator, Autotask",,2026-02-11 11:00:00,2026-02-03 23:00:00,,,False,4,2.0,False,,,0.0,180.0,,4,19,Shared drive access denied User in Accounting cannot access the shared S: drive. Permissions appear correct in AD but access is still denied.,2026,2,3,23,1,6,False,False,Late Night,False,False,False,True,4,True,False,False,True,141,False,False,False,False,False,True,False,SW,Triage,IT,Service Request,Expanded,24.0,24.0,1,False,True,False,True,1331.31,55.47,True,Critical,,False,
T20260128.0002,Email bouncing back to external clients,Several external clients report emails to our sales team are bouncing back with a 550 error.,ABLE Manufacturing HQ,Primary Location,Escalate,Critical,Email,2.0,"Anderson, Scott",IT:Service Manager,IT:Change Requests,SW:Defect,,,Able Manufacturing - Recurring Service,IT:Premium SLA,2026-01-28 14:30:00,"Administrator, Autotask",,2026-02-05 08:30:00,2026-01-28 14:30:00,,,False,4,2.0,False,,,0.0,186.0,,6,16,Email bouncing back to external clients Several external clients report emails to our sales team are bouncing back with a 550 error.,2026,1,28,14,2,5,False,True,Afternoon,False,False,False,True,4,True,False,False,True,132,False,False,False,True,False,False,False,SW,IT,IT,Service Request,Standard,24.0,24.0,1,False,True,False,True,1483.81,61.83,True,Critical,,False,
T20251220.0003,New user account creation,"HR requests new Active Directory account, email, and standard group memberships for incoming Accounting associate.",ABLE Manufacturing HQ,Primary Location,Escalate,Low,Email,2.0,"Moore, James",IT:Technician II,Triage,IT:Hardware,,,Able Manufacturing - Recurring Service,IT:Premium SLA,2025-12-20 04:30:00,"Administrator, Autotask",,2025-12-29 11:00:00,2025-12-20 04:30:00,,,False,1,2.0,False,,,0.0,222.5,,4,15,"New user account creation HR requests new Active Directory account, email, and standard group memberships for incoming Accounting associate.",2025,12,20,4,5,51,True,False,Overnight,True,False,False,False,1,True,False,False,True,140,False,False,False,True,False,False,False,IT,Triage,IT,Service Request,Expanded,24.0,24.0,1,False,True,False,True,2429.81,101.24,True,Critical,,False,
T20260206.0004,Windows update causing BSOD,Two workstations experiencing Blue Screen of Death after latest Windows cumulative update was installed.,ABLE Manufacturing HQ,Primary Location,Escalate,Critical,Email,2.0,"Taylor, Mark",IT:Technician II,IT:Level I,IT:Hardware,,,Able Manufacturing - Recurring Service,IT:Premium SLA,2026-02-06 11:30:00,"Administrator, Autotask",,2026-02-13 14:30:00,2026-02-06 11:30:00,,,False,4,2.0,False,,,0.0,171.0,,4,14,Windows update causing BSOD Two workstations experiencing Blue Screen of Death after latest Windows cumulative update was installed.,2026,2,6,11,4,6,False,True,Morning,False,False,False,True,4,True,False,False,True,132,False,False,False,False,False,False,False,IT,IT,IT,Maintenance,Standard,24.0,24.0,1,False,False,True,True,1270.81,52.95,True,Critical,,False,
T20251226.0004,Laptop battery not holding charge,User's Dell laptop battery drains from 100% to 0% in under an hour. Laptop is 2 years old.,ABLE Manufacturing HQ,Primary Location,Escalate,Medium,Email,2.0,"Miller, Susan",SW:Support II,IT:Level II,SW:Support,,,Able Manufacturing - Recurring Service,IT:Premium SLA,2025-12-26 23:30:00,"Administrator, Autotask",,2026-01-05 11:00:00,2025-12-26 23:30:00,,,False,2,2.0,False,,,0.0,227.5,,5,18,Laptop battery not holding charge User's Dell laptop battery drains from 100% to 0% in under an hour. Laptop is 2 years old.,2025,12,26,23,4,52,False,False,Late Night,False,True,False,False,2,True,False,False,True,124,False,False,False,False,False,False,False,SW,IT,SW,Medium,Expanded,2.0,8.0,2,False,False,False,True,2266.81,1133.4,True,Critical,,False,
T20260209.0004,QuickBooks not launching after update,QuickBooks Desktop crashes immediately on launch after the latest update was applied overnight.,ABLE Manufacturing HQ,Primary Location,Escalate,High,Email,2.0,"Anderson, Scott",IT:Service Manager,IT:Level II,IT:Applications,,,Able Manufacturing - Recurring Service,IT:Premium SLA,2026-02-09 00:00:00,"Administrator, Autotask",,2026-02-16 11:00:00,2026-02-09 00:00:00,,,False,3,2.0,False,,,0.0,179.0,,5,13,QuickBooks not launching after update QuickBooks Desktop crashes immediately on launch after the latest update was applied overnight.,2026,2,9,0,0,7,False,False,Overnight,False,False,True,False,3,True,False,False,True,133,False,False,False,False,False,False,True,IT,IT,IT,Maintenance,Expanded,24.0,24.0,1,False,False,True,True,1210.31,50.43,True,Critical,,False,
T20260207.0005,New employee laptop setup,"New hire starting next Monday needs a laptop configured with standard software suite, email, and VPN access.",ABLE Manufacturing HQ,Primary Location,Escalate,Critical,Email,2.0,"Miller, Susan",SW:Support II,IT:Level II,IT:Hardware,,,Able Manufacturing - Recurring Service,IT:Premium SLA,2026-02-07 23:30:00,"Administrator, Autotask",,2026-02-16 11:00:00,2026-02-07 23:30:00,,,False,4,2.0,False,,,0.0,203.5,,4,17,"New employee laptop setup New hire starting next Monday needs a laptop configured with standard software suite, email, and VPN access.",2026,2,7,23,5,6,True,False,Late Night,False,False,False,True,4,True,False,False,True,134,False,False,True,True,False,True,False,IT,IT,SW,Service Request,Expanded,24.0,24.0,1,False,True,False,True,1234.81,51.45,True,Critical,,False,
T20260101.0001,Wi-Fi connectivity issues in conference room B,Staff report intermittent Wi-Fi drops in conference room B during video calls. Signal strength appears weak.,ABLE Manufacturing HQ,Primary Location,Waiting Vendor,Low,Email,2.0,"Taylor, Mark",IT:Technician II,IT:Level II,Triage,,,Able Manufacturing - Recurring Service,IT:Premium SLA,2026-01-01 23:00:00,"Administrator, Autotask",,2026-01-09 11:00:00,2026-01-01 23:00:00,,,False,1,2.0,False,,,0.0,180.0,,7,16,Wi-Fi connectivity issues in conference room B Staff report intermittent Wi-Fi drops in conference room B during video calls. Signal strength appears weak.,2026,1,1,23,3,1,False,False,Late Night,True,False,False,False,1,True,True,False,True,155,False,False,False,False,False,False,False,Triage,IT,IT,Low,Expanded,4.0,48.0,1,False,False,False,True,2123.31,530.83,True,Critical,,False,
T20260226.0004,Server room temperature alert,Environmental monitoring system triggered a high-temperature alert in the server room. HVAC may be malfunctioning.,ABLE Manufacturing HQ,Primary Location,Waiting Vendor,High,Email,2.0,"Anderson, Scott",IT:Service Manager,Triage,SW:Defect,,,Able Manufacturing - Recurring Service,IT:Premium SLA,2026-02-26 07:00:00,"Administrator, Autotask",,2026-03-05 11:00:00,2026-02-26 07:00:00,,,False,3,2.0,False,,,0.0,172.0,,4,15,Server room temperature alert Environmental monitoring system triggered a high-temperature alert in the server room. HVAC may be malfunctioning.,2026,2,26,7,3,9,False,False,Morning,False,False,True,False,3,True,True,False,True,144,True,False,False,False,False,False,False,SW,Triage,IT,High,Expanded,0.25,4.0,4,True,False,False,True,795.31,3181.23,True,Critical,,False,
T20260212.0001,Shared drive access denied,User in Accounting cannot access the shared S: drive. Permissions appear correct in AD but access is still denied.,ABLE Manufacturing HQ,Primary Location,Waiting Vendor,Low,Email,2.0,"Anderson, Scott",IT:Service Manager,IT:Level II,SW:Internal,,,Able Manufacturing - Recurring Service,IT:Premium SLA,2026-02-12 23:00:00,"Administrator, Autotask",,2026-02-20 11:00:00,2026-02-12 23:00:00,,,False,1,2.0,False,,,0.0,180.0,,4,19,Shared drive access denied User in Accounting cannot access the shared S: drive. Permissions appear correct in AD but access is still denied.,2026,2,12,23,3,7,False,False,Late Night,True,False,False,False,1,True,True,False,True,141,False,False,False,False,False,True,False,SW,IT,IT,Low,Expanded,4.0,48.0,1,False,False,False,True,1115.31,278.83,True,Critical,,False,
T20260228.0001,OneDrive sync errors,User getting persistent sync conflict errors in OneDrive. Several files showing duplicate versions.,ABLE Manufacturing HQ,Primary Location,Waiting Vendor,High,Email,2.0,"Taylor, Mark",IT:Technician II,IT:Level I,IT:Change,,,Able Manufacturing - Recurring Service,IT:Premium SLA,2026-02-28 04:30:00,"Administrator, Autotask",,2026-03-09 11:00:00,2026-02-28 04:30:00,,,False,3,2.0,False,,,0.0,222.5,,3,13,OneDrive sync errors User getting persistent sync conflict errors in OneDrive. Several files showing duplicate versions.,2026,2,28,4,5,9,True,False,Overnight,False,False,True,False,3,True,True,False,True,120,False,False,False,False,False,False,False,IT,IT,IT,Service Request,Expanded,24.0,24.0,1,False,True,False,True,749.81,31.24,True,Critical,,False,
T20251207.0001,Outlook not syncing emails,User reports Outlook on their workstation is not syncing new emails. Restarting the application did not resolve the issue.,ABLE Manufacturing HQ,Primary Location,Waiting Vendor,High,Email,2.0,"Anderson, Scott",IT:Service Manager,IT:Change Requests,IT:Hardware,,,Able Manufacturing - Recurring Service,IT:Premium SLA,2025-12-07 05:00:00,"Administrator, Autotask",,2025-12-15 11:00:00,2025-12-07 05:00:00,,,False,3,2.0,False,,,0.0,198.0,,4,19,Outlook not syncing emails User reports Outlook on their workstation is not syncing new emails. Restarting the application did not resolve the issue.,2025,12,7,5,6,49,True,False,Overnight,False,False,True,False,3,True,True,False,True,149,False,False,False,True,False,False,False,IT,IT,IT,Service Request,Expanded,24.0,24.0,1,False,True,False,True,2741.31,114.22,True,Critical,,False,
T20260206.0003,Teams calls have audio echo,Multiple users in the open office area report audio echo issues during Microsoft Teams calls.,ABLE Manufacturing HQ,Primary Location,Waiting Vendor,High,Email,2.0,"Taylor, Mark",IT:Technician II,IT:Level I,Triage,,,Able Manufacturing - Recurring Service,IT:Premium SLA,2026-02-06 16:30:00,"Administrator, Autotask",,2026-02-16 10:30:00,2026-02-06 16:30:00,,,False,3,2.0,False,,,0.0,234.0,,5,15,Teams calls have audio echo Multiple users in the open office area report audio echo issues during Microsoft Teams calls.,2026,2,6,16,4,6,False,True,Afternoon,False,False,True,False,3,True,True,False,True,121,False,False,False,False,False,False,False,Triage,IT,IT,High,Standard,0.25,4.0,4,True,False,False,True,1265.81,5063.23,True,Critical,,False,
T20260217.0003,Wi-Fi connectivity issues in conference room B,Staff report intermittent Wi-Fi drops in conference room B during video calls. Signal strength appears weak.,ABLE Manufacturing HQ,Primary Location,Waiting Vendor,Low,Email,2.0,"Taylor, Mark",IT:Technician II,Triage,SW:Internal,,,Able Manufacturing - Recurring Service,IT:Premium SLA,2026-02-17 01:30:00,"Administrator, Autotask",,2026-02-24 11:00:00,2026-02-17 01:30:00,,,False,1,2.0,False,,,0.0,177.5,,7,16,Wi-Fi connectivity issues in conference room B Staff report intermittent Wi-Fi drops in conference room B during video calls. Signal strength appears weak.,2026,2,17,1,1,8,False,False,Overnight,True,False,False,False,1,True,True,False,True,155,False,False,False,False,False,False,False,SW,Triage,IT,Low,Expanded,4.0,48.0,1,False,False,False,True,1016.81,254.2,True,Critical,,False,
T20260126.0001,Printer jamming on 2nd floor,The shared HP LaserJet on the 2nd floor is consistently jamming when printing duplex jobs. Paper tray has been checked.,ABLE Manufacturing HQ,Primary Location,Waiting Approval,Low,Email,2.0,"Taylor, Mark",IT:Technician II,Triage,SW:Change,,,Able Manufacturing - Recurring Service,IT:Premium SLA,2026-01-26 21:00:00,"Administrator, Autotask",,2026-02-03 11:00:00,2026-01-26 21:00:00,,,False,1,2.0,False,,,0.0,182.0,,5,20,Printer jamming on 2nd floor The shared HP LaserJet on the 2nd floor is consistently jamming when printing duplex jobs. Paper tray has been checked.,2026,1,26,21,0,5,False,False,Evening,True,False,False,False,1,True,True,False,True,148,False,False,False,False,True,False,False,SW,Triage,IT,Service Request,Expanded,24.0,24.0,1,False,True,False,True,1525.31,63.55,True,Critical,,False,
T20260130.0001,Laptop battery not holding charge,User's Dell laptop battery drains from 100% to 0% in under an hour. Laptop is 2 years old.,ABLE Manufacturing HQ,Primary Location,Waiting Approval,High,Email,2.0,"Anderson, Scott",IT:Service Manager,IT:Level I,SW:Defect,,,Able Manufacturing - Recurring Service,IT:Premium SLA,2026-01-30 18:00:00,"Administrator, Autotask",,2026-02-09 11:00:00,2026-01-30 18:00:00,,,False,3,2.0,False,,,0.0,233.0,,5,18,Laptop battery not holding charge User's Dell laptop battery drains from 100% to 0% in under an hour. Laptop is 2 years old.,2026,1,30,18,4,5,False,False,Evening,False,False,True,False,3,True,True,False,True,124,False,False,False,False,False,False,False,SW,IT,IT,High,Expanded,0.25,4.0,4,True,False,False,True,1432.31,5729.23,True,Critical,,False,
T20251203.0001,Desk phone not receiving calls,User's VoIP desk phone rings but no audio when answered. Other phones on the same switch work fine.,ABLE Manufacturing HQ,Primary Location,Waiting Approval,Critical,Email,2.0,"Anderson, Scott",IT:Service Manager,IT:Change Requests,SW:Defect,,,Able Manufacturing - Recurring Service,IT:Premium SLA,2025-12-03 04:30:00,"Administrator, Autotask",,2025-12-10 11:00:00,2025-12-03 04:30:00,,,False,4,2.0,False,,,0.0,174.5,,5,18,Desk phone not receiving calls User's VoIP desk phone rings but no audio when answered. Other phones on the same switch work fine.,2025,12,3,4,2,49,False,False,Overnight,False,False,False,True,4,True,True,False,True,130,False,False,False,False,False,False,False,SW,IT,IT,Service Request,Expanded,24.0,24.0,1,False,True,False,True,2837.81,118.24,True,Critical,,False,
T20260122.0001,OneDrive sync errors,User getting persistent sync conflict errors in OneDrive. Several files showing duplicate versions.,ABLE Manufacturing HQ,Primary Location,Waiting Approval,Medium,Email,2.0,"Moore, James",IT:Technician II,IT:Level I,IT:Hardware,,,Able Manufacturing - Recurring Service,IT:Premium SLA,2026-01-22 18:00:00,"Administrator, Autotask",,2026-01-30 11:00:00,2026-01-22 18:00:00,,,False,2,2.0,False,,,0.0,185.0,,3,13,OneDrive sync errors User getting persistent sync conflict errors in OneDrive. Several files showing duplicate versions.,2026,1,22,18,3,4,False,False,Evening,False,True,False,False,2,True,True,False,True,120,False,False,False,False,False,False,False,IT,IT,IT,Medium,Expanded,2.0,8.0,2,False,False,False,True,1624.31,812.15,True,Critical,,False,
T20251230.0003,Laptop battery not holding charge,User's Dell laptop battery drains from 100% to 0% in under an hour. Laptop is 2 years old.,ABLE Manufacturing HQ,Primary Location,Waiting Approval,High,Email,2.0,"Miller, Susan",SW:Support II,IT:Change Requests,SW:Defect,,,Able Manufacturing - Recurring Service,IT:Premium SLA,2025-12-30 05:00:00,"Administrator, Autotask",,2026-01-06 11:00:00,2025-12-30 05:00:00,,,False,3,2.0,False,,,0.0,174.0,,5,18,Laptop battery not holding charge User's Dell laptop battery drains from 100% to 0% in under an hour. Laptop is 2 years old.,2025,12,30,5,1,1,False,False,Overnight,False,False,True,False,3,True,True,False,True,124,False,False,False,False,False,False,False,SW,IT,SW,Service Request,Expanded,24.0,24.0,1,False,True,False,True,2189.31,91.22,True,Critical,,False,
T20251209.0002,Software license expired for Adobe Acrobat,Adobe Acrobat Pro license has expired for the Marketing department. Three users unable to edit PDFs.,ABLE Manufacturing HQ,Primary Location,Waiting Approval,Critical,Email,2.0,"Anderson, Scott",IT:Service Manager,IT:Level II,SW:Change,,,Able Manufacturing - Recurring Service,IT:Premium SLA,2025-12-09 00:30:00,"Administrator, Autotask",,2025-12-16 11:00:00,2025-12-09 00:30:00,,,False,4,2.0,False,,,0.0,178.5,,6,16,Software license expired for Adobe Acrobat Adobe Acrobat Pro license has expired for the Marketing department. Three users unable to edit PDFs.,2025,12,9,0,1,50,False,False,Overnight,False,False,False,True,4,True,True,False,True,143,False,False,False,False,False,False,False,SW,IT,IT,Service Request,Expanded,24.0,24.0,1,False,True,False,True,2697.81,112.41,True,Critical,,False,
T20260209.0003,Software license expired for Adobe Acrobat,Adobe Acrobat Pro license has expired for the Marketing department. Three users unable to edit PDFs.,ABLE Manufacturing HQ,Primary Location,Waiting Approval,Critical,Email,2.0,"Moore, James",IT:Technician II,IT:Level I,SW:Defect,,,Able Manufacturing - Recurring Service,IT:Premium SLA,2026-02-09 03:00:00,"Administrator, Autotask",,2026-02-16 11:00:00,2026-02-09 03:00:00,,,False,4,2.0,False,,,0.0,176.0,,6,16,Software license expired for Adobe Acrobat Adobe Acrobat Pro license has expired for the Marketing department. Three users unable to edit PDFs.,2026,2,9,3,0,7,False,False,Overnight,False,False,False,True,4,True,True,False,True,143,False,False,False,False,False,False,False,SW,IT,IT,Service Request,Expanded,24.0,24.0,1,False,True,False,True,1207.31,50.3,True,Critical,,False,
T20260124.0002,Password reset request,Employee locked out of their account after multiple failed login attempts. Requesting password reset and account unlock.,ABLE Manufacturing HQ,Primary Location,Waiting Approval,Critical,Email,2.0,"Moore, James",IT:Technician II,IT:Change Requests,IT:Applications,,,Able Manufacturing - Recurring Service,IT:Premium SLA,2026-01-24 06:30:00,"Administrator, Autotask",,2026-02-02 11:00:00,2026-01-24 06:30:00,,,False,4,2.0,False,,,0.0,220.5,,3,17,Password reset request Employee locked out of their account after multiple failed login attempts. Requesting password reset and account unlock.,2026,1,24,6,5,4,True,False,Morning,False,False,False,True,4,True,True,False,True,143,False,False,False,False,False,False,False,IT,IT,IT,Service Request,Expanded,24.0,24.0,1,False,True,False,True,1587.81,66.16,True,Critical,,False,
T20260218.0004,Internet speed slow at branch office,Branch office staff reporting significantly slower internet speeds since last week. ISP says no issues on their end.,ABLE Manufacturing HQ,Primary Location,Waiting Approval,Critical,Email,2.0,"Taylor, Mark",IT:Technician II,IT:Level I,SW:Support,,,Able Manufacturing - Recurring Service,IT:Premium SLA,2026-02-18 20:30:00,"Administrator, Autotask",,2026-02-26 11:00:00,2026-02-18 20:30:00,,,False,4,2.0,False,,,0.0,182.5,,6,18,Internet speed slow at branch office Branch office staff reporting significantly slower internet speeds since last week. ISP says no issues on their end.,2026,2,18,20,2,8,False,False,Evening,False,False,False,True,4,True,True,False,True,153,False,False,False,False,False,False,False,SW,IT,IT,High,Expanded,0.25,4.0,4,True,False,False,True,973.81,3895.23,True,Critical,,False,
T20251204.0004,Printer jamming on 2nd floor,The shared HP LaserJet on the 2nd floor is consistently jamming when printing duplex jobs. Paper tray has been checked.,ABLE Manufacturing HQ,Primary Location,Waiting Approval,Critical,Email,2.0,"Moore, James",IT:Technician II,IT:Level II,Triage,,,Able Manufacturing - Recurring Service,IT:Premium SLA,2025-12-04 16:30:00,"Administrator, Autotask",,2025-12-12 10:30:00,2025-12-04 16:30:00,,,False,4,2.0,False,,,0.0,186.0,,5,20,Printer jamming on 2nd floor The shared HP LaserJet on the 2nd floor is consistently jamming when printing duplex jobs. Paper tray has been checked.,2025,12,4,16,3,49,False,True,Afternoon,False,False,False,True,4,True,True,False,True,148,False,False,False,False,True,False,False,Triage,IT,IT,High,Standard,0.25,4.0,4,True,False,False,True,2801.81,11207.23,True,Critical,,False,
T20260207.0004,File recovery request,User accidentally deleted a folder from the shared drive and needs it restored from backup.,ABLE Manufacturing HQ,Primary Location,Waiting Approval,High,Email,2.0,"Moore, James",IT:Technician II,Triage,IT:Applications,,,Able Manufacturing - Recurring Service,IT:Premium SLA,2026-02-07 02:00:00,"Administrator, Autotask",,2026-02-16 11:00:00,2026-02-07 02:00:00,,,False,3,2.0,False,,,0.0,225.0,,3,15,File recovery request User accidentally deleted a folder from the shared drive and needs it restored from backup.,2026,2,7,2,5,6,True,False,Overnight,False,False,True,False,3,True,True,False,True,113,False,True,False,False,False,False,False,IT,Triage,IT,Service Request,Expanded,24.0,24.0,1,False,True,False,True,1256.31,52.35,True,Critical,,False,
T20260211.0001,Printer jamming on 2nd floor,The shared HP LaserJet on the 2nd floor is consistently jamming when printing duplex jobs. Paper tray has been checked.,ABLE Manufacturing HQ,Primary Location,Waiting Approval,Low,Email,2.0,"Taylor, Mark",IT:Technician II,Triage,IT:Hardware,,,Able Manufacturing - Recurring Service,IT:Premium SLA,2026-02-11 04:30:00,"Administrator, Autotask",,2026-02-18 11:00:00,2026-02-11 04:30:00,,,False,1,2.0,False,,,0.0,174.5,,5,20,Printer jamming on 2nd floor The shared HP LaserJet on the 2nd floor is consistently jamming when printing duplex jobs. Paper tray has been checked.,2026,2,11,4,2,7,False,False,Overnight,True,False,False,False,1,True,True,False,True,148,False,False,False,False,True,False,False,IT,Triage,IT,Low,Expanded,4.0,48.0,1,False,False,False,True,1157.81,289.45,True,Critical,,False,
T20120603.0003,"Email just in, printer is down.",Customer called to say that the main printer wasn't responding.,ABLE Manufacturing HQ,,Waiting Dispatch,High,Email,1.0,"Thomas, Kathy",IT:Dispatcher,IT:Level I,IT:Hardware,Printer,IT:Onsite (Billable),Able Manufacturing - T&M,,2012-06-16 20:00:00,"Administrator, Autotask",,2012-06-18 20:00:00,2012-06-17 20:00:00,,,True,3,1.0,False,,,1440.0,48.0,,6,10,"Email just in, printer is down. Customer called to say that the main printer wasn't responding.",2012,6,16,20,5,24,True,False,Evening,False,False,True,False,3,True,True,False,True,95,False,False,False,True,True,False,False,IT,IT,IT,High,Expanded,0.25,4.0,4,True,False,False,False,120854.31,483417.23,True,Critical,,False,
T20260110.0001,Suspicious phishing email reported,Employee forwarded a suspicious email claiming to be from IT asking for credentials. Needs investigation.,ABLE Manufacturing HQ,Primary Location,Waiting Dispatch,Critical,Email,2.0,"Taylor, Mark",IT:Technician II,Triage,IT:Hardware,,,Able Manufacturing - Recurring Service,IT:Premium SLA,2026-01-10 09:00:00,"Administrator, Autotask",,2026-01-19 11:00:00,2026-01-10 09:00:00,,,False,4,2.0,False,,,0.0,218.0,,4,15,Suspicious phishing email reported Employee forwarded a suspicious email claiming to be from IT asking for credentials. Needs investigation.,2026,1,10,9,5,2,True,False,Morning,False,False,False,True,4,True,True,False,True,140,False,False,False,True,False,False,False,IT,Triage,IT,High,Expanded,0.25,4.0,4,True,False,False,True,1921.31,7685.23,True,Critical,,False,
T20260208.0003,Outlook not syncing emails,User reports Outlook on their workstation is not syncing new emails. Restarting the application did not resolve the issue.,ABLE Manufacturing HQ,Primary Location,Waiting Dispatch,Medium,Email,2.0,"Anderson, Scott",IT:Service Manager,IT:Change Requests,SW:Support,,,Able Manufacturing - Recurring Service,IT:Premium SLA,2026-02-08 23:30:00,"Administrator, Autotask",,2026-02-16 11:00:00,2026-02-08 23:30:00,,,False,2,2.0,False,,,0.0,179.5,,4,19,Outlook not syncing emails User reports Outlook on their workstation is not syncing new emails. Restarting the application did not resolve the issue.,2026,2,8,23,6,6,True,False,Late Night,False,True,False,False,2,True,True,False,True,149,False,False,False,True,False,False,False,SW,IT,IT,Service Request,Expanded,24.0,24.0,1,False,True,False,True,1210.81,50.45,True,Critical,,False,
T20260207.0001,Internet speed slow at branch office,Branch office staff reporting significantly slower internet speeds since last week. ISP says no issues on their end.,ABLE Manufacturing HQ,Primary Location,Waiting Dispatch,Low,Email,2.0,"Moore, James",IT:Technician II,IT:Level II,IT:Hardware,,,Able Manufacturing - Recurring Service,IT:Premium SLA,2026-02-07 02:30:00,"Administrator, Autotask",,2026-02-16 11:00:00,2026-02-07 02:30:00,,,False,1,2.0,False,,,0.0,224.5,,6,18,Internet speed slow at branch office Branch office staff reporting significantly slower internet speeds since last week. ISP says no issues on their end.,2026,2,7,2,5,6,True,False,Overnight,True,False,False,False,1,True,True,False,True,153,False,False,False,False,False,False,False,IT,IT,IT,Low,Expanded,4.0,48.0,1,False,False,False,True,1255.81,313.95,True,Critical,,False,
T20251205.0002,Network printer offline,The Ricoh copier/printer in the main office shows offline status for all users. Physical device appears powered on.,ABLE Manufacturing HQ,Primary Location,Waiting Dispatch,Low,Email,2.0,"Anderson, Scott",IT:Service Manager,IT:Change Requests,SW:Internal,,,Able Manufacturing - Recurring Service,IT:Premium SLA,2025-12-05 21:30:00,"Administrator, Autotask",,2025-12-15 11:00:00,2025-12-05 21:30:00,,,False,1,2.0,False,,,0.0,229.5,,3,18,Network printer offline The Ricoh copier/printer in the main office shows offline status for all users. Physical device appears powered on.,2025,12,5,21,4,49,False,False,Evening,True,False,False,False,1,True,True,False,True,139,False,False,False,False,True,False,False,SW,IT,IT,Service Request,Expanded,24.0,24.0,1,False,True,False,True,2772.81,115.53,True,Critical,,False,
T20260227.0002,Server room temperature alert,Environmental monitoring system triggered a high-temperature alert in the server room. HVAC may be malfunctioning.,ABLE Manufacturing HQ,Primary Location,Waiting Dispatch,High,Email,2.0,"Anderson, Scott",IT:Service Manager,Triage,SW:Support,,,Able Manufacturing - Recurring Service,IT:Premium SLA,2026-02-27 20:00:00,"Administrator, Autotask",,2026-03-09 11:00:00,2026-02-27 20:00:00,,,False,3,2.0,False,,,0.0,231.0,,4,15,Server room temperature alert Environmental monitoring system triggered a high-temperature alert in the server room. HVAC may be malfunctioning.,2026,2,27,20,4,9,False,False,Evening,False,False,True,False,3,True,True,False,True,144,True,False,False,False,False,False,False,SW,Triage,IT,High,Expanded,0.25,4.0,4,True,False,False,True,758.31,3033.23,True,Critical,,False,
T20251221.0002,Zoom meeting room setup,Need to configure the new conference room TV and camera system for Zoom Rooms integration.,ABLE Manufacturing HQ,Primary Location,Waiting Dispatch,Medium,Email,2.0,"Taylor, Mark",IT:Technician II,Triage,IT:Change,,,Able Manufacturing - Recurring Service,IT:Premium SLA,2025-12-21 09:00:00,"Administrator, Autotask",,2025-12-29 11:00:00,2025-12-21 09:00:00,,,False,2,2.0,False,,,0.0,194.0,,4,15,Zoom meeting room setup Need to configure the new conference room TV and camera system for Zoom Rooms integration.,2025,12,21,9,6,51,True,False,Morning,False,True,False,False,2,True,True,False,True,114,False,False,False,False,False,False,False,IT,Triage,IT,Service Request,Expanded,24.0,24.0,1,False,True,False,True,2401.31,100.05,True,Critical,,False,
T20260228.0004,Request for additional monitor,Department manager requesting a second monitor for their workstation to improve productivity.,ABLE Manufacturing HQ,Primary Location,Waiting Dispatch,Critical,Email,2.0,"Taylor, Mark",IT:Technician II,IT:Change Requests,Triage,,,Able Manufacturing - Recurring Service,IT:Premium SLA,2026-02-28 08:30:00,"Administrator, Autotask",,2026-03-09 11:00:00,2026-02-28 08:30:00,,,False,4,2.0,False,,,0.0,218.5,,4,12,Request for additional monitor Department manager requesting a second monitor for their workstation to improve productivity.,2026,2,28,8,5,9,True,False,Morning,False,False,False,True,4,True,True,False,True,124,False,False,False,False,False,False,False,Triage,IT,IT,Service Request,Expanded,24.0,24.0,1,False,True,False,True,745.81,31.08,True,Critical,,False,
T20260121.0002,Internet speed slow at branch office,Branch office staff reporting significantly slower internet speeds since last week. ISP says no issues on their end.,ABLE Manufacturing HQ,Primary Location,Waiting Dispatch,Medium,Email,2.0,"Taylor, Mark",IT:Technician II,IT:Change Requests,Triage,,,Able Manufacturing - Recurring Service,IT:Premium SLA,2026-01-21 15:30:00,"Administrator, Autotask",,2026-01-29 09:30:00,2026-01-21 15:30:00,,,False,2,2.0,False,,,0.0,186.0,,6,18,Internet speed slow at branch office Branch office staff reporting significantly slower internet speeds since last week. ISP says no issues on their end.,2026,1,21,15,2,4,False,True,Afternoon,False,True,False,False,2,True,True,False,True,153,False,False,False,False,False,False,False,Triage,IT,IT,Service Request,Standard,24.0,24.0,1,False,True,False,True,1650.81,68.78,True,Critical,,False,
T20260205.0003,Printer jamming on 2nd floor,The shared HP LaserJet on the 2nd floor is consistently jamming when printing duplex jobs. Paper tray has been checked.,ABLE Manufacturing HQ,Primary Location,Waiting Dispatch,Critical,Email,2.0,"Miller, Susan",SW:Support II,IT:Level I,IT:Change,,,Able Manufacturing - Recurring Service,IT:Premium SLA,2026-02-05 21:30:00,"Administrator, Autotask",,2026-02-13 11:00:00,2026-02-05 21:30:00,,,False,4,2.0,False,,,0.0,181.5,,5,20,Printer jamming on 2nd floor The shared HP LaserJet on the 2nd floor is consistently jamming when printing duplex jobs. Paper tray has been checked.,2026,2,5,21,3,6,False,False,Evening,False,False,False,True,4,True,True,False,True,148,False,False,False,False,True,False,False,IT,IT,SW,Service Request,Expanded,24.0,24.0,1,False,True,False,True,1284.81,53.53,True,Critical,,False,
T20251228.0001,Server room temperature alert,Environmental monitoring system triggered a high-temperature alert in the server room. HVAC may be malfunctioning.,ABLE Manufacturing HQ,Primary Location,Waiting Dispatch,High,Email,2.0,"Taylor, Mark",IT:Technician II,Triage,Triage,,,Able Manufacturing - Recurring Service,IT:Premium SLA,2025-12-28 22:30:00,"Administrator, Autotask",,2026-01-05 11:00:00,2025-12-28 22:30:00,,,False,3,2.0,False,,,0.0,180.5,,4,15,Server room temperature alert Environmental monitoring system triggered a high-temperature alert in the server room. HVAC may be malfunctioning.,2025,12,28,22,6,52,True,False,Late Night,False,False,True,False,3,True,True,False,True,144,True,False,False,False,False,False,False,Triage,Triage,IT,High,Expanded,0.25,4.0,4,True,False,False,True,2219.81,8879.23,True,Critical,,False,
T20260106.0002,Software license expired for Adobe Acrobat,Adobe Acrobat Pro license has expired for the Marketing department. Three users unable to edit PDFs.,ABLE Manufacturing HQ,Primary Location,Waiting Dispatch,Medium,Email,2.0,"Anderson, Scott",IT:Service Manager,IT:Level II,Triage,,,Able Manufacturing - Recurring Service,IT:Premium SLA,2026-01-06 15:30:00,"Administrator, Autotask",,2026-01-14 09:30:00,2026-01-06 15:30:00,,,False,2,2.0,False,,,0.0,186.0,,6,16,Software license expired for Adobe Acrobat Adobe Acrobat Pro license has expired for the Marketing department. Three users unable to edit PDFs.,2026,1,6,15,1,2,False,True,Afternoon,False,True,False,False,2,True,True,False,True,143,False,False,False,False,False,False,False,Triage,IT,IT,Service Request,Standard,24.0,24.0,1,False,True,False,True,2010.81,83.78,True,Critical,,False,
T20120604.0007,Install Symantec EP,Install Symantec EP on server and server console - Push software to machines -Setup scanning and updates,ABLE Manufacturing West Coast,,Scheduled,Low,In Person/Onsite,2.0,"Taylor, Mark",IT:Technician I,IT:Level I,IT:Applications,Other,IT:Remote (Billable),,,2012-06-17 20:00:00,"Administrator, Autotask",,2012-06-18 20:00:00,2012-06-18 20:00:00,,,True,1,2.0,False,,,1440.0,24.0,,3,17,Install Symantec EP Install Symantec EP on server and server console - Push software to machines -Setup scanning and updates,2012,6,17,20,6,24,True,False,Evening,True,False,False,False,1,True,False,False,True,124,True,False,False,False,False,False,False,IT,IT,IT,Service Request,Expanded,24.0,24.0,1,False,True,False,True,120830.31,5034.6,True,Critical,,False,
T20260304.0001,cpu damaged,No Description Provided,ABLE Manufacturing West Coast,Primary Location,Waiting Dispatch,Critical,Insourced,2.0,"Taylor, Mark",IT:Technician I,Client Portal,IT:Hardware,Desktop-Laptop,IT:Remote (Billable),Able Manufacturing - Incident,IT:Premium SLA,2026-03-04 23:25:00,"Siddabhaktuni, Sameer",,2026-03-12 11:00:00,2026-03-04 23:25:00,The cpu got hit by hands,,False,4,2.0,False,,,0.0,179.58,,2,3,cpu damaged No Description Provided,2026,3,4,23,2,10,False,False,Late Night,False,False,False,True,4,True,True,False,True,35,False,False,False,False,False,False,False,IT,Client Portal,IT,High,Expanded,0.25,4.0,4,True,False,False,True,634.89,2539.57,True,Critical,,False,
T20120604.0004,Opportunity Closed:[Cloud Application],Provision new customer,Brown Brothers Bottling,,New,Medium,,0.0,"Wilson, Frank",SW:Support I,Post Sale,,,SW:Support (Billable),,,2012-06-18 09:00:00,"Administrator, Autotask",,2012-06-22 17:00:00,2012-06-18 09:00:00,,,True,2,,False,,,0.0,104.0,,3,3,Opportunity Closed:[Cloud Application] Provision new customer,2012,6,18,9,0,25,False,True,Morning,False,True,False,False,2,True,False,False,True,61,False,False,False,False,False,False,False,,Post Sale,SW,Medium,Standard,2.0,8.0,2,False,False,False,True,120817.31,60408.65,True,Critical,,False,
T20120604.0010,Software Upgrade,Software Upgrade,Brown Brothers Bottling,,New,Medium,,1.0,,,Triage,Triage,,0:Triage,Brown Brothers Bottling - Hosted SaaS,,2012-06-17 20:00:00,"Administrator, Autotask",,2012-06-25 11:00:00,2012-06-18 20:00:00,,,True,2,1.0,False,,,1440.0,183.0,,2,2,Software Upgrade Software Upgrade,2012,6,17,20,6,24,True,False,Evening,False,True,False,False,2,True,False,True,True,33,False,False,False,False,False,False,False,Triage,Triage,,Maintenance,Expanded,24.0,24.0,1,False,False,True,True,120830.31,5034.6,True,Critical,,False,
T20120529.0001,Customer defect with provisioning,Customer defect with provisioning,Brown Brothers Bottling,,Waiting Customer,High,Client Portal,2.0,"Miller, Susan",SW:Support II,SW:Defect,SW:Defect,Known Issue,SW:Internal,Brown Brothers Bottling - Hosted SaaS,,2012-06-11 20:00:00,"Administrator, Autotask",,2012-06-21 20:00:00,2012-06-12 20:00:00,,,True,3,2.0,False,,,1440.0,240.0,,4,4,Customer defect with provisioning Customer defect with provisioning,2012,6,11,20,0,24,False,False,Evening,False,False,True,False,3,True,True,False,True,67,False,False,False,False,False,False,False,SW,SW,SW,High,Expanded,0.25,4.0,4,True,False,False,False,120974.31,483897.23,True,Critical,,False,
T20120531.0003,Documentation Updating required,update customer documentation,Brown Brothers Bottling,,In Progress,Low,Client Portal,1.0,"Moore, James",IT:Technician II,SW:Level I,SW:Support,Documentation,SW:Support (Non-Billable),Brown Brothers Bottling - Hosted SaaS,,2012-06-13 20:00:00,"Administrator, Autotask",,2012-06-21 11:00:00,2012-06-14 20:00:00,,,True,1,1.0,False,,,1440.0,183.0,,3,3,Documentation Updating required update customer documentation,2012,6,13,20,2,24,False,False,Evening,True,False,False,False,1,True,False,False,True,61,False,False,False,False,False,False,False,SW,SW,IT,Maintenance,Expanded,24.0,24.0,1,False,False,True,True,120926.31,5038.6,True,Critical,,False,
T20120530.0003,Review security audit logs,Customer error reports error when logging in,Brown Brothers Bottling,,In Progress,Medium,,1.0,"Wilson, Frank",SW:Support I,SW:Level I,SW:Support,Customer Request,SW:Support (Non-Billable),Brown Brothers Bottling - Hosted SaaS,,2012-06-12 20:00:00,"Administrator, Autotask",,2012-06-20 11:00:00,2012-06-13 20:00:00,,,True,2,1.0,False,,,1440.0,183.0,,4,7,Review security audit logs Customer error reports error when logging in,2012,6,12,20,1,24,False,False,Evening,False,True,False,False,2,True,False,False,True,71,False,False,False,False,False,False,False,SW,SW,SW,Medium,Expanded,2.0,8.0,2,False,False,False,False,120950.31,60475.15,True,Critical,,False,
T20120604.0003.001,Customer experience weekly checkup,Review with customer how they can utilize new features.,Brown Brothers Bottling,,Scheduled,Low,In Person/Onsite,3.0,"Miller, Susan",SW:Support II,SW:Level I,SW:Support,Other,SW:Support (Billable),,,2012-06-18 08:38:00,"Administrator, Autotask",,2012-06-18 17:00:00,2012-06-18 08:38:00,,,True,1,3.0,False,,,0.0,8.37,,4,9,Customer experience weekly checkup Review with customer how they can utilize new features.,2012,6,18,8,0,25,False,True,Morning,True,False,False,False,1,True,False,False,True,90,False,False,False,False,False,False,False,SW,SW,SW,Low,Standard,4.0,48.0,1,False,False,False,True,120817.67,30204.42,True,Critical,,False,
T20120604.0003.002,Customer experience weekly checkup,Review with customer how they can utilize new features.,Brown Brothers Bottling,,Scheduled,Low,In Person/Onsite,3.0,"Miller, Susan",SW:Support II,SW:Level I,SW:Support,Other,SW:Support (Billable),,,2012-06-18 08:38:00,"Administrator, Autotask",,2012-06-25 17:00:00,2012-06-18 08:38:00,,,True,1,3.0,False,,,0.0,176.37,,4,9,Customer experience weekly checkup Review with customer how they can utilize new features.,2012,6,18,8,0,25,False,True,Morning,True,False,False,False,1,True,False,False,True,90,False,False,False,False,False,False,False,SW,SW,SW,Low,Standard,4.0,48.0,1,False,False,False,True,120817.67,30204.42,True,Critical,,False,
T20120604.0003.003,Customer experience weekly checkup,Review with customer how they can utilize new features.,Brown Brothers Bottling,,Scheduled,Low,In Person/Onsite,3.0,"Miller, Susan",SW:Support II,SW:Level I,SW:Support,Other,SW:Support (Billable),,,2012-06-18 08:38:00,"Administrator, Autotask",,2012-07-02 17:00:00,2012-06-18 08:38:00,,,True,1,3.0,False,,,0.0,344.37,,4,9,Customer experience weekly checkup Review with customer how they can utilize new features.,2012,6,18,8,0,25,False,True,Morning,True,False,False,False,1,True,False,False,True,90,False,False,False,False,False,False,False,SW,SW,SW,Low,Standard,4.0,48.0,1,False,False,False,True,120817.67,30204.42,True,Critical,,False,
T20120604.0003.004,Customer experience weekly checkup,Review with customer how they can utilize new features.,Brown Brothers Bottling,,Scheduled,Low,In Person/Onsite,3.0,"Miller, Susan",SW:Support II,SW:Level I,SW:Support,Other,SW:Support (Billable),,,2012-06-18 08:38:00,"Administrator, Autotask",,2012-07-09 17:00:00,2012-06-18 08:38:00,,,True,1,3.0,False,,,0.0,512.37,,4,9,Customer experience weekly checkup Review with customer how they can utilize new features.,2012,6,18,8,0,25,False,True,Morning,True,False,False,False,1,True,False,False,True,90,False,False,False,False,False,False,False,SW,SW,SW,Low,Standard,4.0,48.0,1,False,False,False,True,120817.67,30204.42,True,Critical,,False,
T20120604.0003.005,Customer experience weekly checkup,Review with customer how they can utilize new features.,Brown Brothers Bottling,,Scheduled,Low,In Person/Onsite,3.0,"Miller, Susan",SW:Support II,SW:Level I,SW:Support,Other,SW:Support (Billable),,,2012-06-18 08:38:00,"Administrator, Autotask",,2012-07-16 17:00:00,2012-06-18 08:38:00,,,True,1,3.0,False,,,0.0,680.37,,4,9,Customer experience weekly checkup Review with customer how they can utilize new features.,2012,6,18,8,0,25,False,True,Morning,True,False,False,False,1,True,False,False,True,90,False,False,False,False,False,False,False,SW,SW,SW,Low,Standard,4.0,48.0,1,False,False,False,True,120817.67,30204.42,True,Critical,,False,
T20120604.0003.006,Customer experience weekly checkup,Review with customer how they can utilize new features.,Brown Brothers Bottling,,Scheduled,Low,In Person/Onsite,3.0,"Miller, Susan",SW:Support II,SW:Level I,SW:Support,Other,SW:Support (Billable),,,2012-06-18 08:38:00,"Administrator, Autotask",,2012-07-23 17:00:00,2012-06-18 08:38:00,,,True,1,3.0,False,,,0.0,848.37,,4,9,Customer experience weekly checkup Review with customer how they can utilize new features.,2012,6,18,8,0,25,False,True,Morning,True,False,False,False,1,True,False,False,True,90,False,False,False,False,False,False,False,SW,SW,SW,Low,Standard,4.0,48.0,1,False,False,False,True,120817.67,30204.42,True,Critical,,False,
T20120604.0003.007,Customer experience weekly checkup,Review with customer how they can utilize new features.,Brown Brothers Bottling,,Scheduled,Low,In Person/Onsite,3.0,"Miller, Susan",SW:Support II,SW:Level I,SW:Support,Other,SW:Support (Billable),,,2012-06-18 08:38:00,"Administrator, Autotask",,2012-07-30 17:00:00,2012-06-18 08:38:00,,,True,1,3.0,False,,,0.0,1016.37,,4,9,Customer experience weekly checkup Review with customer how they can utilize new features.,2012,6,18,8,0,25,False,True,Morning,True,False,False,False,1,True,False,False,True,90,False,False,False,False,False,False,False,SW,SW,SW,Low,Standard,4.0,48.0,1,False,False,False,True,120817.67,30204.42,True,Critical,,False,
T20120604.0003.008,Customer experience weekly checkup,Review with customer how they can utilize new features.,Brown Brothers Bottling,,Scheduled,Low,In Person/Onsite,3.0,"Miller, Susan",SW:Support II,SW:Level I,SW:Support,Other,SW:Support (Billable),,,2012-06-18 08:38:00,"Administrator, Autotask",,2012-08-06 17:00:00,2012-06-18 08:38:00,,,True,1,3.0,False,,,0.0,1184.37,,4,9,Customer experience weekly checkup Review with customer how they can utilize new features.,2012,6,18,8,0,25,False,True,Morning,True,False,False,False,1,True,False,False,True,90,False,False,False,False,False,False,False,SW,SW,SW,Low,Standard,4.0,48.0,1,False,False,False,True,120817.67,30204.42,True,Critical,,False,
T20120604.0003.009,Customer experience weekly checkup,Review with customer how they can utilize new features.,Brown Brothers Bottling,,Scheduled,Low,In Person/Onsite,3.0,"Miller, Susan",SW:Support II,SW:Level I,SW:Support,Other,SW:Support (Billable),,,2012-06-18 08:38:00,"Administrator, Autotask",,2012-08-13 17:00:00,2012-06-18 08:38:00,,,True,1,3.0,False,,,0.0,1352.37,,4,9,Customer experience weekly checkup Review with customer how they can utilize new features.,2012,6,18,8,0,25,False,True,Morning,True,False,False,False,1,True,False,False,True,90,False,False,False,False,False,False,False,SW,SW,SW,Low,Standard,4.0,48.0,1,False,False,False,True,120817.67,30204.42,True,Critical,,False,
T20120604.0003.010,Customer experience weekly checkup,Review with customer how they can utilize new features.,Brown Brothers Bottling,,Scheduled,Low,In Person/Onsite,3.0,"Miller, Susan",SW:Support II,SW:Level I,SW:Support,Other,SW:Support (Billable),,,2012-06-18 08:38:00,"Administrator, Autotask",,2012-08-20 17:00:00,2012-06-18 08:38:00,,,True,1,3.0,False,,,0.0,1520.37,,4,9,Customer experience weekly checkup Review with customer how they can utilize new features.,2012,6,18,8,0,25,False,True,Morning,True,False,False,False,1,True,False,False,True,90,False,False,False,False,False,False,False,SW,SW,SW,Low,Standard,4.0,48.0,1,False,False,False,True,120817.67,30204.42,True,Critical,,False,
T20120604.0003.011,Customer experience weekly checkup,Review with customer how they can utilize new features.,Brown Brothers Bottling,,Scheduled,Low,In Person/Onsite,3.0,"Miller, Susan",SW:Support II,SW:Level I,SW:Support,Other,SW:Support (Billable),,,2012-06-18 08:38:00,"Administrator, Autotask",,2012-08-27 17:00:00,2012-06-18 08:38:00,,,True,1,3.0,False,,,0.0,1688.37,,4,9,Customer experience weekly checkup Review with customer how they can utilize new features.,2012,6,18,8,0,25,False,True,Morning,True,False,False,False,1,True,False,False,True,90,False,False,False,False,False,False,False,SW,SW,SW,Low,Standard,4.0,48.0,1,False,False,False,True,120817.67,30204.42,True,Critical,,False,
T20120604.0003.012,Customer experience weekly checkup,Review with customer how they can utilize new features.,Brown Brothers Bottling,,Scheduled,Low,In Person/Onsite,3.0,"Miller, Susan",SW:Support II,SW:Level I,SW:Support,Other,SW:Support (Billable),,,2012-06-18 08:38:00,"Administrator, Autotask",,2012-09-03 17:00:00,2012-06-18 08:38:00,,,True,1,3.0,False,,,0.0,1856.37,,4,9,Customer experience weekly checkup Review with customer how they can utilize new features.,2012,6,18,8,0,25,False,True,Morning,True,False,False,False,1,True,False,False,True,90,False,False,False,False,False,False,False,SW,SW,SW,Low,Standard,4.0,48.0,1,False,False,False,True,120817.67,30204.42,True,Critical,,False,
T20120604.0003.013,Customer experience weekly checkup,Review with customer how they can utilize new features.,Brown Brothers Bottling,,Scheduled,Low,In Person/Onsite,3.0,"Miller, Susan",SW:Support II,SW:Level I,SW:Support,Other,SW:Support (Billable),,,2012-06-18 08:38:00,"Administrator, Autotask",,2012-09-10 17:00:00,2012-06-18 08:38:00,,,True,1,3.0,False,,,0.0,2024.37,,4,9,Customer experience weekly checkup Review with customer how they can utilize new features.,2012,6,18,8,0,25,False,True,Morning,True,False,False,False,1,True,False,False,True,90,False,False,False,False,False,False,False,SW,SW,SW,Low,Standard,4.0,48.0,1,False,False,False,True,120817.67,30204.42,True,Critical,,False,
T20120604.0003.014,Customer experience weekly checkup,Review with customer how they can utilize new features.,Brown Brothers Bottling,,Scheduled,Low,In Person/Onsite,3.0,"Miller, Susan",SW:Support II,SW:Level I,SW:Support,Other,SW:Support (Billable),,,2012-06-18 08:38:00,"Administrator, Autotask",,2012-09-17 17:00:00,2012-06-18 08:38:00,,,True,1,3.0,False,,,0.0,2192.37,,4,9,Customer experience weekly checkup Review with customer how they can utilize new features.,2012,6,18,8,0,25,False,True,Morning,True,False,False,False,1,True,False,False,True,90,False,False,False,False,False,False,False,SW,SW,SW,Low,Standard,4.0,48.0,1,False,False,False,True,120817.67,30204.42,True,Critical,,False,
T20120604.0003.015,Customer experience weekly checkup,Review with customer how they can utilize new features.,Brown Brothers Bottling,,Scheduled,Low,In Person/Onsite,3.0,"Miller, Susan",SW:Support II,SW:Level I,SW:Support,Other,SW:Support (Billable),,,2012-06-18 08:38:00,"Administrator, Autotask",,2012-09-24 17:00:00,2012-06-18 08:38:00,,,True,1,3.0,False,,,0.0,2360.37,,4,9,Customer experience weekly checkup Review with customer how they can utilize new features.,2012,6,18,8,0,25,False,True,Morning,True,False,False,False,1,True,False,False,True,90,False,False,False,False,False,False,False,SW,SW,SW,Low,Standard,4.0,48.0,1,False,False,False,True,120817.67,30204.42,True,Critical,,False,
T20120604.0003.016,Customer experience weekly checkup,Review with customer how they can utilize new features.,Brown Brothers Bottling,,Scheduled,Low,In Person/Onsite,3.0,"Miller, Susan",SW:Support II,SW:Level I,SW:Support,Other,SW:Support (Billable),,,2012-06-18 08:38:00,"Administrator, Autotask",,2012-10-01 17:00:00,2012-06-18 08:38:00,,,True,1,3.0,False,,,0.0,2528.37,,4,9,Customer experience weekly checkup Review with customer how they can utilize new features.,2012,6,18,8,0,25,False,True,Morning,True,False,False,False,1,True,False,False,True,90,False,False,False,False,False,False,False,SW,SW,SW,Low,Standard,4.0,48.0,1,False,False,False,True,120817.67,30204.42,True,Critical,,False,
T20120604.0003.017,Customer experience weekly checkup,Review with customer how they can utilize new features.,Brown Brothers Bottling,,Scheduled,Low,In Person/Onsite,3.0,"Miller, Susan",SW:Support II,SW:Level I,SW:Support,Other,SW:Support (Billable),,,2012-06-18 08:38:00,"Administrator, Autotask",,2012-10-08 17:00:00,2012-06-18 08:38:00,,,True,1,3.0,False,,,0.0,2696.37,,4,9,Customer experience weekly checkup Review with customer how they can utilize new features.,2012,6,18,8,0,25,False,True,Morning,True,False,False,False,1,True,False,False,True,90,False,False,False,False,False,False,False,SW,SW,SW,Low,Standard,4.0,48.0,1,False,False,False,True,120817.67,30204.42,True,Critical,,False,
T20120604.0003.018,Customer experience weekly checkup,Review with customer how they can utilize new features.,Brown Brothers Bottling,,Scheduled,Low,In Person/Onsite,3.0,"Miller, Susan",SW:Support II,SW:Level I,SW:Support,Other,SW:Support (Billable),,,2012-06-18 08:38:00,"Administrator, Autotask",,2012-10-15 17:00:00,2012-06-18 08:38:00,,,True,1,3.0,False,,,0.0,2864.37,,4,9,Customer experience weekly checkup Review with customer how they can utilize new features.,2012,6,18,8,0,25,False,True,Morning,True,False,False,False,1,True,False,False,True,90,False,False,False,False,False,False,False,SW,SW,SW,Low,Standard,4.0,48.0,1,False,False,False,True,120817.67,30204.42,True,Critical,,False,
T20120604.0003.019,Customer experience weekly checkup,Review with customer how they can utilize new features.,Brown Brothers Bottling,,Scheduled,Low,In Person/Onsite,3.0,"Miller, Susan",SW:Support II,SW:Level I,SW:Support,Other,SW:Support (Billable),,,2012-06-18 08:38:00,"Administrator, Autotask",,2012-10-22 17:00:00,2012-06-18 08:38:00,,,True,1,3.0,False,,,0.0,3032.37,,4,9,Customer experience weekly checkup Review with customer how they can utilize new features.,2012,6,18,8,0,25,False,True,Morning,True,False,False,False,1,True,False,False,True,90,False,False,False,False,False,False,False,SW,SW,SW,Low,Standard,4.0,48.0,1,False,False,False,True,120817.67,30204.42,True,Critical,,False,
T20120604.0003.020,Customer experience weekly checkup,Review with customer how they can utilize new features.,Brown Brothers Bottling,,Scheduled,Low,In Person/Onsite,3.0,"Miller, Susan",SW:Support II,SW:Level I,SW:Support,Other,SW:Support (Billable),,,2012-06-18 08:38:00,"Administrator, Autotask",,2012-10-29 17:00:00,2012-06-18 08:38:00,,,True,1,3.0,False,,,0.0,3200.37,,4,9,Customer experience weekly checkup Review with customer how they can utilize new features.,2012,6,18,8,0,25,False,True,Morning,True,False,False,False,1,True,False,False,True,90,False,False,False,False,False,False,False,SW,SW,SW,Low,Standard,4.0,48.0,1,False,False,False,True,120817.67,30204.42,True,Critical,,False,
T20120604.0008,Save/Close Error,"Hello - We are experiencing some issues with the software today. Two users were kicked out today. And another user is having problems saving/closing any open windows. She tried restarting and it's still giving her problems and timing out. Were there any updates done recently, that could be causing this? Thank you",Brown Brothers Bottling,,Scheduled,Medium,Client Portal,6.0,"Wilson, Frank",SW:Support I,SW:Level I,SW:Support,Customer Request,SW:Support (Non-Billable),Brown Brothers Bottling - Hosted SaaS,,2012-06-17 20:00:00,"Administrator, Autotask",,2012-06-25 11:00:00,2012-06-18 20:00:00,,,True,2,6.0,False,,,1440.0,183.0,,2,52,"Save/Close Error Hello - We are experiencing some issues with the software today. Two users were kicked out today. And another user is having problems saving/closing any open windows. She tried restarting and it's still giving her problems and timing out. Were there any updates done recently, that could be causing this? Thank you",2012,6,17,20,6,24,True,False,Evening,False,True,False,False,2,True,False,False,True,331,False,False,False,False,False,False,False,SW,SW,SW,Medium,Expanded,2.0,8.0,2,False,False,False,False,120830.31,60415.15,True,Critical,,False,
T20120531.0002,Security Change Request,Add user to admin group,"Excelsior Designs, LLC",,In Progress,Low,Client Portal,1.0,"Moore, James",IT:Technician II,Triage,IT:Change,Security Request,IT:Onsite (Billable),"Excelsior Designs, LLC - Incident",,2012-06-13 20:00:00,"Administrator, Autotask",,2012-06-24 20:00:00,2012-06-14 20:00:00,,,True,1,1.0,False,,,1440.0,264.0,,3,5,Security Change Request Add user to admin group,2012,6,13,20,2,24,False,False,Evening,True,False,False,False,1,True,False,False,True,47,False,False,False,False,False,False,False,IT,Triage,IT,Service Request,Expanded,24.0,24.0,1,False,True,False,True,120926.31,5038.6,True,Critical,,False,
T20120603.0004,Server Drive 0 at 20% free space,Server Drive 0 at 20% free space,"Hewitt Associates, Inc.",,New,High,Email,3.0,,,Triage,Triage,,0:Triage,"Hewitt Associates, Inc. - Block Hour",,2012-06-16 20:00:00,"Administrator, Autotask",,2012-06-25 11:00:00,2012-06-17 20:00:00,,,True,3,3.0,False,,,1440.0,207.0,,7,7,Server Drive 0 at 20% free space Server Drive 0 at 20% free space,2012,6,16,20,5,24,True,False,Evening,False,False,True,False,3,True,False,True,True,65,True,False,False,False,False,False,False,Triage,Triage,,High,Expanded,0.25,4.0,4,True,False,False,False,120854.31,483417.23,True,Critical,,False,
T20260227.0003,New user account creation,"HR requests new Active Directory account, email, and standard group memberships for incoming Accounting associate.","Hewitt Associates, Inc.",Primary Location,New,High,Email,2.0,"Anderson, Scott",IT:Service Manager,Triage,IT:Applications,,,"Hewitt Associates, Inc. - Block Hour",IT:Premium SLA,2026-02-27 15:00:00,"Administrator, Autotask",,2026-03-09 09:00:00,2026-02-27 15:00:00,,,False,3,2.0,False,,,0.0,234.0,,4,15,"New user account creation HR requests new Active Directory account, email, and standard group memberships for incoming Accounting associate.",2026,2,27,15,4,9,False,True,Afternoon,False,False,True,False,3,True,False,False,True,140,False,False,False,True,False,False,False,IT,Triage,IT,Service Request,Standard,24.0,24.0,1,False,True,False,True,763.31,31.8,True,Critical,,False,
T20251218.0001,Shared drive access denied,User in Accounting cannot access the shared S: drive. Permissions appear correct in AD but access is still denied.,"Hewitt Associates, Inc.",Primary Location,New,Low,Email,2.0,"Taylor, Mark",IT:Technician II,IT:Level II,Triage,,,"Hewitt Associates, Inc. - Block Hour",IT:Premium SLA,2025-12-18 23:00:00,"Administrator, Autotask",,2025-12-26 11:00:00,2025-12-18 23:00:00,,,False,1,2.0,False,,,0.0,180.0,,4,19,Shared drive access denied User in Accounting cannot access the shared S: drive. Permissions appear correct in AD but access is still denied.,2025,12,18,23,3,51,False,False,Late Night,True,False,False,False,1,True,False,False,True,141,False,False,False,False,False,True,False,Triage,IT,IT,Low,Expanded,4.0,48.0,1,False,False,False,True,2459.31,614.83,True,Critical,,False,
T20260122.0002,Desk phone not receiving calls,User's VoIP desk phone rings but no audio when answered. Other phones on the same switch work fine.,"Hewitt Associates, Inc.",Primary Location,New,Low,Email,2.0,"Moore, James",IT:Technician II,IT:Change Requests,SW:Support,,,"Hewitt Associates, Inc. - Block Hour",IT:Premium SLA,2026-01-22 01:30:00,"Administrator, Autotask",,2026-01-29 11:00:00,2026-01-22 01:30:00,,,False,1,2.0,False,,,0.0,177.5,,5,18,Desk phone not receiving calls User's VoIP desk phone rings but no audio when answered. Other phones on the same switch work fine.,2026,1,22,1,3,4,False,False,Overnight,True,False,False,False,1,True,False,False,True,130,False,False,False,False,False,False,False,SW,IT,IT,Service Request,Expanded,24.0,24.0,1,False,True,False,True,1640.81,68.37,True,Critical,,False,
T20260205.0001,Shared drive access denied,User in Accounting cannot access the shared S: drive. Permissions appear correct in AD but access is still denied.,"Hewitt Associates, Inc.",Primary Location,New,Medium,Email,2.0,"Anderson, Scott",IT:Service Manager,Triage,SW:Internal,,,"Hewitt Associates, Inc. - Block Hour",IT:Premium SLA,2026-02-05 17:00:00,"Administrator, Autotask",,2026-02-13 11:00:00,2026-02-05 17:00:00,,,False,2,2.0,False,,,0.0,186.0,,4,19,Shared drive access denied User in Accounting cannot access the shared S: drive. Permissions appear correct in AD but access is still denied.,2026,2,5,17,3,6,False,False,Afternoon,False,True,False,False,2,True,False,False,True,141,False,False,False,False,False,True,False,SW,Triage,IT,Medium,Expanded,2.0,8.0,2,False,False,False,True,1289.31,644.65,True,Critical,,False,
T20260209.0002,File recovery request,User accidentally deleted a folder from the shared drive and needs it restored from backup.,"Hewitt Associates, Inc.",Primary Location,New,Low,Email,2.0,"Anderson, Scott",IT:Service Manager,IT:Level I,SW:Support,,,"Hewitt Associates, Inc. - Block Hour",IT:Premium SLA,2026-02-09 06:00:00,"Administrator, Autotask",,2026-02-16 11:00:00,2026-02-09 06:00:00,,,False,1,2.0,False,,,0.0,173.0,,3,15,File recovery request User accidentally deleted a folder from the shared drive and needs it restored from backup.,2026,2,9,6,0,7,False,False,Morning,True,False,False,False,1,True,False,False,True,113,False,True,False,False,False,False,False,SW,IT,IT,Service Request,Expanded,24.0,24.0,1,False,True,False,True,1204.31,50.18,True,Critical,,False,
T20251218.0003,Zoom meeting room setup,Need to configure the new conference room TV and camera system for Zoom Rooms integration.,"Hewitt Associates, Inc.",Primary Location,New,High,Email,2.0,"Moore, James",IT:Technician II,IT:Change Requests,SW:Internal,,,"Hewitt Associates, Inc. - Block Hour",IT:Premium SLA,2025-12-18 21:30:00,"Administrator, Autotask",,2025-12-26 11:00:00,2025-12-18 21:30:00,,,False,3,2.0,False,,,0.0,181.5,,4,15,Zoom meeting room setup Need to configure the new conference room TV and camera system for Zoom Rooms integration.,2025,12,18,21,3,51,False,False,Evening,False,False,True,False,3,True,False,False,True,114,False,False,False,False,False,False,False,SW,IT,IT,Service Request,Expanded,24.0,24.0,1,False,True,False,True,2460.81,102.53,True,Critical,,False,
T20251225.0001,Zoom meeting room setup,Need to configure the new conference room TV and camera system for Zoom Rooms integration.,"Hewitt Associates, Inc.",Primary Location,New,Low,Email,2.0,"Taylor, Mark",IT:Technician II,IT:Level II,SW:Defect,,,"Hewitt Associates, Inc. - Block Hour",IT:Premium SLA,2025-12-25 09:00:00,"Administrator, Autotask",,2026-01-01 12:00:00,2025-12-25 09:00:00,,,False,1,2.0,False,,,0.0,171.0,,4,15,Zoom meeting room setup Need to configure the new conference room TV and camera system for Zoom Rooms integration.,2025,12,25,9,3,52,False,True,Morning,True,False,False,False,1,True,False,False,True,114,False,False,False,False,False,False,False,SW,IT,IT,Service Request,Standard,24.0,24.0,1,False,True,False,True,2305.31,96.05,True,Critical,,False,
T20260111.0003,QuickBooks not launching after update,QuickBooks Desktop crashes immediately on launch after the latest update was applied overnight.,"Hewitt Associates, Inc.",Primary Location,New,Low,Email,2.0,"Taylor, Mark",IT:Technician II,IT:Level II,SW:Defect,,,"Hewitt Associates, Inc. - Block Hour",IT:Premium SLA,2026-01-11 21:30:00,"Administrator, Autotask",,2026-01-19 11:00:00,2026-01-11 21:30:00,,,False,1,2.0,False,,,0.0,181.5,,5,13,QuickBooks not launching after update QuickBooks Desktop crashes immediately on launch after the latest update was applied overnight.,2026,1,11,21,6,2,True,False,Evening,True,False,False,False,1,True,False,False,True,133,False,False,False,False,False,False,True,SW,IT,IT,Maintenance,Expanded,24.0,24.0,1,False,False,True,True,1884.81,78.53,True,Critical,,False,
T20260222.0003,Suspicious phishing email reported,Employee forwarded a suspicious email claiming to be from IT asking for credentials. Needs investigation.,"Hewitt Associates, Inc.",Primary Location,New,Medium,Email,2.0,"Taylor, Mark",IT:Technician II,IT:Level II,IT:Applications,,,"Hewitt Associates, Inc. - Block Hour",IT:Premium SLA,2026-02-22 02:30:00,"Administrator, Autotask",,2026-03-02 11:00:00,2026-02-22 02:30:00,,,False,2,2.0,False,,,0.0,200.5,,4,15,Suspicious phishing email reported Employee forwarded a suspicious email claiming to be from IT asking for credentials. Needs investigation.,2026,2,22,2,6,8,True,False,Overnight,False,True,False,False,2,True,False,False,True,140,False,False,False,True,False,False,False,IT,IT,IT,Medium,Expanded,2.0,8.0,2,False,False,False,True,895.81,447.9,True,Critical,,False,
T20251209.0003,Desk phone not receiving calls,User's VoIP desk phone rings but no audio when answered. Other phones on the same switch work fine.,"Hewitt Associates, Inc.",Primary Location,New,Critical,Email,2.0,"Anderson, Scott",IT:Service Manager,IT:Level I,SW:Internal,,,"Hewitt Associates, Inc. - Block Hour",IT:Premium SLA,2025-12-09 17:00:00,"Administrator, Autotask",,2025-12-17 11:00:00,2025-12-09 17:00:00,,,False,4,2.0,False,,,0.0,186.0,,5,18,Desk phone not receiving calls User's VoIP desk phone rings but no audio when answered. Other phones on the same switch work fine.,2025,12,9,17,1,50,False,False,Afternoon,False,False,False,True,4,True,False,False,True,130,False,False,False,False,False,False,False,SW,IT,IT,High,Expanded,0.25,4.0,4,True,False,False,True,2681.31,10725.23,True,Critical,,False,
T20260222.0004,Windows update causing BSOD,Two workstations experiencing Blue Screen of Death after latest Windows cumulative update was installed.,"Hewitt Associates, Inc.",Primary Location,New,Low,Email,2.0,"Miller, Susan",SW:Support II,IT:Level I,SW:Support,,,"Hewitt Associates, Inc. - Block Hour",IT:Premium SLA,2026-02-22 18:30:00,"Administrator, Autotask",,2026-03-02 11:00:00,2026-02-22 18:30:00,,,False,1,2.0,False,,,0.0,184.5,,4,14,Windows update causing BSOD Two workstations experiencing Blue Screen of Death after latest Windows cumulative update was installed.,2026,2,22,18,6,8,True,False,Evening,True,False,False,False,1,True,False,False,True,132,False,False,False,False,False,False,False,SW,IT,SW,Maintenance,Expanded,24.0,24.0,1,False,False,True,True,879.81,36.66,True,Critical,,False,
T20260130.0003,Keyboard and mouse not responding,User's wireless keyboard and mouse stopped working. New batteries did not fix the issue.,"Hewitt Associates, Inc.",Primary Location,New,Medium,Email,2.0,"Moore, James",IT:Technician II,IT:Level I,SW:Internal,,,"Hewitt Associates, Inc. - Block Hour",IT:Premium SLA,2026-01-30 07:30:00,"Administrator, Autotask",,2026-02-06 11:00:00,2026-01-30 07:30:00,,,False,2,2.0,False,,,0.0,171.5,,5,14,Keyboard and mouse not responding User's wireless keyboard and mouse stopped working. New batteries did not fix the issue.,2026,1,30,7,4,5,False,False,Morning,False,True,False,False,2,True,False,False,True,122,False,False,False,False,False,False,False,SW,IT,IT,Medium,Expanded,2.0,8.0,2,False,False,False,True,1442.81,721.4,True,Critical,,False,
T20251220.0004,Laptop battery not holding charge,User's Dell laptop battery drains from 100% to 0% in under an hour. Laptop is 2 years old.,"Hewitt Associates, Inc.",Primary Location,New,Low,Email,2.0,"Miller, Susan",SW:Support II,IT:Level I,IT:Change,,,"Hewitt Associates, Inc. - Block Hour",IT:Premium SLA,2025-12-20 05:30:00,"Administrator, Autotask",,2025-12-29 11:00:00,2025-12-20 05:30:00,,,False,1,2.0,False,,,0.0,221.5,,5,18,Laptop battery not holding charge User's Dell laptop battery drains from 100% to 0% in under an hour. Laptop is 2 years old.,2025,12,20,5,5,51,True,False,Overnight,True,False,False,False,1,True,False,False,True,124,False,False,False,False,False,False,False,IT,IT,SW,Service Request,Expanded,24.0,24.0,1,False,True,False,True,2428.81,101.2,True,Critical,,False,
T20251204.0005,File recovery request,User accidentally deleted a folder from the shared drive and needs it restored from backup.,"Hewitt Associates, Inc.",Primary Location,New,Medium,Email,2.0,"Taylor, Mark",IT:Technician II,IT:Level I,IT:Change,,,"Hewitt Associates, Inc. - Block Hour",IT:Premium SLA,2025-12-04 22:00:00,"Administrator, Autotask",,2025-12-12 11:00:00,2025-12-04 22:00:00,,,False,2,2.0,False,,,0.0,181.0,,3,15,File recovery request User accidentally deleted a folder from the shared drive and needs it restored from backup.,2025,12,4,22,3,49,False,False,Late Night,False,True,False,False,2,True,False,False,True,113,False,True,False,False,False,False,False,IT,IT,IT,Service Request,Expanded,24.0,24.0,1,False,True,False,True,2796.31,116.51,True,Critical,,False,
T20260203.0003,Network printer offline,The Ricoh copier/printer in the main office shows offline status for all users. Physical device appears powered on.,"Hewitt Associates, Inc.",Primary Location,New,Low,Email,2.0,"Miller, Susan",SW:Support II,Triage,SW:Defect,,,"Hewitt Associates, Inc. - Block Hour",IT:Premium SLA,2026-02-03 14:30:00,"Administrator, Autotask",,2026-02-11 08:30:00,2026-02-03 14:30:00,,,False,1,2.0,False,,,0.0,186.0,,3,18,Network printer offline The Ricoh copier/printer in the main office shows offline status for all users. Physical device appears powered on.,2026,2,3,14,1,6,False,True,Afternoon,True,False,False,False,1,True,False,False,True,139,False,False,False,False,True,False,False,SW,Triage,SW,Low,Standard,4.0,48.0,1,False,False,False,True,1339.81,334.95,True,Critical,,False,
T20251208.0001,New employee laptop setup,"New hire starting next Monday needs a laptop configured with standard software suite, email, and VPN access.","Hewitt Associates, Inc.",Primary Location,New,High,Email,2.0,"Anderson, Scott",IT:Service Manager,IT:Change Requests,SW:Support,,,"Hewitt Associates, Inc. - Block Hour",IT:Premium SLA,2025-12-08 17:00:00,"Administrator, Autotask",,2025-12-16 11:00:00,2025-12-08 17:00:00,,,False,3,2.0,False,,,0.0,186.0,,4,17,"New employee laptop setup New hire starting next Monday needs a laptop configured with standard software suite, email, and VPN access.",2025,12,8,17,0,50,False,False,Afternoon,False,False,True,False,3,True,False,False,True,134,False,False,True,True,False,True,False,SW,IT,IT,Service Request,Expanded,24.0,24.0,1,False,True,False,True,2705.31,112.72,True,Critical,,False,
T20260128.0001,Server room temperature alert,Environmental monitoring system triggered a high-temperature alert in the server room. HVAC may be malfunctioning.,"Hewitt Associates, Inc.",Primary Location,Waiting Customer,Medium,Email,2.0,"Moore, James",IT:Technician II,IT:Level I,IT:Applications,,,"Hewitt Associates, Inc. - Block Hour",IT:Premium SLA,2026-01-28 08:00:00,"Administrator, Autotask",,2026-02-07 08:00:00,2026-01-28 08:00:00,,,False,2,2.0,False,,,0.0,240.0,,4,15,Server room temperature alert Environmental monitoring system triggered a high-temperature alert in the server room. HVAC may be malfunctioning.,2026,1,28,8,2,5,False,True,Morning,False,True,False,False,2,True,True,False,True,144,True,False,False,False,False,False,False,IT,IT,IT,Medium,Standard,2.0,8.0,2,False,False,False,True,1490.31,745.15,True,Critical,,False,
T20260114.0001,Monitor flickering on docking station,User's external monitor flickers when connected via USB-C docking station. Works fine with direct HDMI connection.,"Hewitt Associates, Inc.",Primary Location,Waiting Customer,Medium,Email,2.0,"Taylor, Mark",IT:Technician II,Triage,SW:Support,,,"Hewitt Associates, Inc. - Block Hour",IT:Premium SLA,2026-01-14 02:30:00,"Administrator, Autotask",,2026-01-24 02:30:00,2026-01-14 02:30:00,,,False,2,2.0,False,,,0.0,240.0,,5,16,Monitor flickering on docking station User's external monitor flickers when connected via USB-C docking station. Works fine with direct HDMI connection.,2026,1,14,2,2,3,False,False,Overnight,False,True,False,False,2,True,True,False,True,152,False,False,False,False,False,False,False,SW,Triage,IT,Medium,Expanded,2.0,8.0,2,False,False,False,True,1831.81,915.9,True,Critical,,False,
T20251214.0001,Windows update causing BSOD,Two workstations experiencing Blue Screen of Death after latest Windows cumulative update was installed.,"Hewitt Associates, Inc.",Primary Location,Waiting Customer,Medium,Email,2.0,"Moore, James",IT:Technician II,IT:Change Requests,IT:Hardware,,,"Hewitt Associates, Inc. - Block Hour",IT:Premium SLA,2025-12-14 12:00:00,"Administrator, Autotask",,2025-12-24 12:00:00,2025-12-14 12:00:00,,,False,2,2.0,False,,,0.0,240.0,,4,14,Windows update causing BSOD Two workstations experiencing Blue Screen of Death after latest Windows cumulative update was installed.,2025,12,14,12,6,50,True,False,Afternoon,False,True,False,False,2,True,True,False,True,132,False,False,False,False,False,False,False,IT,IT,IT,Maintenance,Expanded,24.0,24.0,1,False,False,True,True,2566.31,106.93,True,Critical,,False,
T20251210.0002,Zoom meeting room setup,Need to configure the new conference room TV and camera system for Zoom Rooms integration.,"Hewitt Associates, Inc.",Primary Location,Waiting Customer,Low,Email,2.0,"Anderson, Scott",IT:Service Manager,IT:Level I,SW:Internal,,,"Hewitt Associates, Inc. - Block Hour",IT:Premium SLA,2025-12-10 14:30:00,"Administrator, Autotask",,2025-12-20 14:30:00,2025-12-10 14:30:00,,,False,1,2.0,False,,,0.0,240.0,,4,15,Zoom meeting room setup Need to configure the new conference room TV and camera system for Zoom Rooms integration.,2025,12,10,14,2,50,False,True,Afternoon,True,False,False,False,1,True,True,False,True,114,False,False,False,False,False,False,False,SW,IT,IT,Service Request,Standard,24.0,24.0,1,False,True,False,True,2659.81,110.83,True,Critical,,False,
T20260222.0001,Server room temperature alert,Environmental monitoring system triggered a high-temperature alert in the server room. HVAC may be malfunctioning.,"Hewitt Associates, Inc.",Primary Location,Waiting Customer,Medium,Email,2.0,"Anderson, Scott",IT:Service Manager,IT:Level I,SW:Support,,,"Hewitt Associates, Inc. - Block Hour",IT:Premium SLA,2026-02-22 00:00:00,"Administrator, Autotask",,2026-03-04 00:00:00,2026-02-22 00:00:00,,,False,2,2.0,False,,,0.0,240.0,,4,15,Server room temperature alert Environmental monitoring system triggered a high-temperature alert in the server room. HVAC may be malfunctioning.,2026,2,22,0,6,8,True,False,Overnight,False,True,False,False,2,True,True,False,True,144,True,False,False,False,False,False,False,SW,IT,IT,Medium,Expanded,2.0,8.0,2,False,False,False,True,898.31,449.15,True,Critical,,False,
T20260222.0002,Suspicious phishing email reported,Employee forwarded a suspicious email claiming to be from IT asking for credentials. Needs investigation.,"Hewitt Associates, Inc.",Primary Location,Waiting Customer,Low,Email,2.0,"Taylor, Mark",IT:Technician II,Triage,SW:Internal,,,"Hewitt Associates, Inc. - Block Hour",IT:Premium SLA,2026-02-22 05:30:00,"Administrator, Autotask",,2026-03-04 05:30:00,2026-02-22 05:30:00,,,False,1,2.0,False,,,0.0,240.0,,4,15,Suspicious phishing email reported Employee forwarded a suspicious email claiming to be from IT asking for credentials. Needs investigation.,2026,2,22,5,6,8,True,False,Overnight,True,False,False,False,1,True,True,False,True,140,False,False,False,True,False,False,False,SW,Triage,IT,Low,Expanded,4.0,48.0,1,False,False,False,True,892.81,223.2,True,Critical,,False,
T20251220.0002,MFA not working on mobile device,User replaced their phone and can no longer receive MFA push notifications. Needs MFA token re-enrolled.,"Hewitt Associates, Inc.",Primary Location,Waiting Customer,High,Email,2.0,"Moore, James",IT:Technician II,IT:Change Requests,SW:Internal,,,"Hewitt Associates, Inc. - Block Hour",IT:Premium SLA,2025-12-20 05:00:00,"Administrator, Autotask",,2025-12-30 05:00:00,2025-12-20 05:00:00,,,False,3,2.0,False,,,0.0,240.0,,6,16,MFA not working on mobile device User replaced their phone and can no longer receive MFA push notifications. Needs MFA token re-enrolled.,2025,12,20,5,5,51,True,False,Overnight,False,False,True,False,3,True,True,False,True,137,False,False,False,False,False,False,False,SW,IT,IT,Service Request,Expanded,24.0,24.0,1,False,True,False,True,2429.31,101.22,True,Critical,,False,
T20251222.0002,Request for additional monitor,Department manager requesting a second monitor for their workstation to improve productivity.,"Hewitt Associates, Inc.",Primary Location,Waiting Customer,Critical,Email,2.0,"Moore, James",IT:Technician II,IT:Level II,SW:Internal,,,"Hewitt Associates, Inc. - Block Hour",IT:Premium SLA,2025-12-22 00:30:00,"Administrator, Autotask",,2026-01-01 00:30:00,2025-12-22 00:30:00,,,False,4,2.0,False,,,0.0,240.0,,4,12,Request for additional monitor Department manager requesting a second monitor for their workstation to improve productivity.,2025,12,22,0,0,52,False,False,Overnight,False,False,False,True,4,True,True,False,True,124,False,False,False,False,False,False,False,SW,IT,IT,Service Request,Expanded,24.0,24.0,1,False,True,False,True,2385.81,99.41,True,Critical,,False,
T20251217.0003,Server room temperature alert,Environmental monitoring system triggered a high-temperature alert in the server room. HVAC may be malfunctioning.,"Hewitt Associates, Inc.",Primary Location,Waiting Customer,Low,Email,2.0,"Miller, Susan",SW:Support II,IT:Level II,Triage,,,"Hewitt Associates, Inc. - Block Hour",IT:Premium SLA,2025-12-17 07:30:00,"Administrator, Autotask",,2025-12-27 07:30:00,2025-12-17 07:30:00,,,False,1,2.0,False,,,0.0,240.0,,4,15,Server room temperature alert Environmental monitoring system triggered a high-temperature alert in the server room. HVAC may be malfunctioning.,2025,12,17,7,2,51,False,False,Morning,True,False,False,False,1,True,True,False,True,144,True,False,False,False,False,False,False,Triage,IT,SW,Low,Expanded,4.0,48.0,1,False,False,False,True,2498.81,624.7,True,Critical,,False,
T20251219.0004,Backup job failed overnight,Nightly backup job for the file server failed with a timeout error. Last successful backup was 3 days ago.,"Hewitt Associates, Inc.",Primary Location,Waiting Customer,Critical,Email,2.0,"Anderson, Scott",IT:Service Manager,IT:Change Requests,SW:Internal,,,"Hewitt Associates, Inc. - Block Hour",IT:Premium SLA,2025-12-19 00:30:00,"Administrator, Autotask",,2025-12-29 00:30:00,2025-12-19 00:30:00,,,False,4,2.0,False,,,0.0,240.0,,4,19,Backup job failed overnight Nightly backup job for the file server failed with a timeout error. Last successful backup was 3 days ago.,2025,12,19,0,4,51,False,False,Overnight,False,False,False,True,4,True,True,False,True,134,True,True,False,False,False,False,False,SW,IT,IT,Service Request,Expanded,24.0,24.0,1,False,True,False,True,2457.81,102.41,True,Critical,,False,
T20260113.0004,Zoom meeting room setup,Need to configure the new conference room TV and camera system for Zoom Rooms integration.,"Hewitt Associates, Inc.",Primary Location,Waiting Customer,High,Email,2.0,"Anderson, Scott",IT:Service Manager,IT:Level I,Triage,,,"Hewitt Associates, Inc. - Block Hour",IT:Premium SLA,2026-01-13 05:00:00,"Administrator, Autotask",,2026-01-23 05:00:00,2026-01-13 05:00:00,,,False,3,2.0,False,,,0.0,240.0,,4,15,Zoom meeting room setup Need to configure the new conference room TV and camera system for Zoom Rooms integration.,2026,1,13,5,1,3,False,False,Overnight,False,False,True,False,3,True,True,False,True,114,False,False,False,False,False,False,False,Triage,IT,IT,Service Request,Expanded,24.0,24.0,1,False,True,False,True,1853.31,77.22,True,Critical,,False,
T20260222.0005,OneDrive sync errors,User getting persistent sync conflict errors in OneDrive. Several files showing duplicate versions.,"Hewitt Associates, Inc.",Primary Location,Waiting Customer,Medium,Email,2.0,"Miller, Susan",SW:Support II,IT:Level II,Triage,,,"Hewitt Associates, Inc. - Block Hour",IT:Premium SLA,2026-02-22 18:30:00,"Administrator, Autotask",,2026-03-04 18:30:00,2026-02-22 18:30:00,,,False,2,2.0,False,,,0.0,240.0,,3,13,OneDrive sync errors User getting persistent sync conflict errors in OneDrive. Several files showing duplicate versions.,2026,2,22,18,6,8,True,False,Evening,False,True,False,False,2,True,True,False,True,120,False,False,False,False,False,False,False,Triage,IT,SW,Medium,Expanded,2.0,8.0,2,False,False,False,True,879.81,439.9,True,Critical,,False,
T20260227.0006,Backup job failed overnight,Nightly backup job for the file server failed with a timeout error. Last successful backup was 3 days ago.,"Hewitt Associates, Inc.",Primary Location,Waiting Customer,Medium,Email,2.0,"Anderson, Scott",IT:Service Manager,IT:Change Requests,SW:Defect,,,"Hewitt Associates, Inc. - Block Hour",IT:Premium SLA,2026-02-27 05:30:00,"Administrator, Autotask",,2026-03-09 05:30:00,2026-02-27 05:30:00,,,False,2,2.0,False,,,0.0,240.0,,4,19,Backup job failed overnight Nightly backup job for the file server failed with a timeout error. Last successful backup was 3 days ago.,2026,2,27,5,4,9,False,False,Overnight,False,True,False,False,2,True,True,False,True,134,True,True,False,False,False,False,False,SW,IT,IT,Service Request,Expanded,24.0,24.0,1,False,True,False,True,772.81,32.2,True,Critical,,False,
T20251209.0005,Outlook not syncing emails,User reports Outlook on their workstation is not syncing new emails. Restarting the application did not resolve the issue.,"Hewitt Associates, Inc.",Primary Location,Waiting Customer,Low,Email,2.0,"Anderson, Scott",IT:Service Manager,IT:Level I,SW:Support,,,"Hewitt Associates, Inc. - Block Hour",IT:Premium SLA,2025-12-09 03:30:00,"Administrator, Autotask",,2025-12-19 03:30:00,2025-12-09 03:30:00,,,False,1,2.0,False,,,0.0,240.0,,4,19,Outlook not syncing emails User reports Outlook on their workstation is not syncing new emails. Restarting the application did not resolve the issue.,2025,12,9,3,1,50,False,False,Overnight,True,False,False,False,1,True,True,False,True,149,False,False,False,True,False,False,False,SW,IT,IT,Low,Expanded,4.0,48.0,1,False,False,False,True,2694.81,673.7,True,Critical,,False,
T20260224.0002,Email bouncing back to external clients,Several external clients report emails to our sales team are bouncing back with a 550 error.,"Hewitt Associates, Inc.",Primary Location,Waiting Customer,Critical,Email,2.0,"Miller, Susan",SW:Support II,IT:Level II,IT:Hardware,,,"Hewitt Associates, Inc. - Block Hour",IT:Premium SLA,2026-02-24 21:30:00,"Administrator, Autotask",,2026-03-06 21:30:00,2026-02-24 21:30:00,,,False,4,2.0,False,,,0.0,240.0,,6,16,Email bouncing back to external clients Several external clients report emails to our sales team are bouncing back with a 550 error.,2026,2,24,21,1,9,False,False,Evening,False,False,False,True,4,True,True,False,True,132,False,False,False,True,False,False,False,IT,IT,SW,High,Expanded,0.25,4.0,4,True,False,False,True,828.81,3315.23,True,Critical,,False,
T20260116.0006,Windows update causing BSOD,Two workstations experiencing Blue Screen of Death after latest Windows cumulative update was installed.,"Hewitt Associates, Inc.",Primary Location,Waiting Customer,High,Email,2.0,"Moore, James",IT:Technician II,Triage,IT:Applications,,,"Hewitt Associates, Inc. - Block Hour",IT:Premium SLA,2026-01-16 17:30:00,"Administrator, Autotask",,2026-01-26 17:30:00,2026-01-16 17:30:00,,,False,3,2.0,False,,,0.0,240.0,,4,14,Windows update causing BSOD Two workstations experiencing Blue Screen of Death after latest Windows cumulative update was installed.,2026,1,16,17,4,3,False,False,Afternoon,False,False,True,False,3,True,True,False,True,132,False,False,False,False,False,False,False,IT,Triage,IT,Maintenance,Expanded,24.0,24.0,1,False,False,True,True,1768.81,73.7,True,Critical,,False,
T20120530.0002,Flickering Monitor,Flickering Monitor,"Hewitt Associates, Inc.",,In Progress,Medium,Client Portal,1.0,"Taylor, Mark",IT:Technician I,IT:Level I,IT:Hardware,Other,IT:Onsite (Billable),"Hewitt Associates, Inc. - Block Hour",,2012-06-12 20:00:00,"Administrator, Autotask",,2012-06-20 11:00:00,2012-06-13 20:00:00,,,True,2,1.0,False,,,1440.0,183.0,,2,2,Flickering Monitor Flickering Monitor,2012,6,12,20,1,24,False,False,Evening,False,True,False,False,2,True,False,False,True,37,False,False,False,False,False,False,False,IT,IT,IT,Medium,Expanded,2.0,8.0,2,False,False,False,False,120950.31,60475.15,True,Critical,,False,
T20260207.0002,Email bouncing back to external clients,Several external clients report emails to our sales team are bouncing back with a 550 error.,"Hewitt Associates, Inc.",Primary Location,In Progress,Medium,Email,2.0,"Taylor, Mark",IT:Technician II,IT:Level II,SW:Support,,,"Hewitt Associates, Inc. - Block Hour",IT:Premium SLA,2026-02-07 04:30:00,"Administrator, Autotask",,2026-02-16 11:00:00,2026-02-07 04:30:00,,,False,2,2.0,False,,,0.0,222.5,,6,16,Email bouncing back to external clients Several external clients report emails to our sales team are bouncing back with a 550 error.,2026,2,7,4,5,6,True,False,Overnight,False,True,False,False,2,True,False,False,True,132,False,False,False,True,False,False,False,SW,IT,IT,Medium,Expanded,2.0,8.0,2,False,False,False,True,1253.81,626.9,True,Critical,,False,
T20251227.0003,File recovery request,User accidentally deleted a folder from the shared drive and needs it restored from backup.,"Hewitt Associates, Inc.",Primary Location,In Progress,Medium,Email,2.0,"Moore, James",IT:Technician II,IT:Change Requests,SW:Change,,,"Hewitt Associates, Inc. - Block Hour",IT:Premium SLA,2025-12-27 16:00:00,"Administrator, Autotask",,2026-01-05 11:00:00,2025-12-27 16:00:00,,,False,2,2.0,False,,,0.0,211.0,,3,15,File recovery request User accidentally deleted a folder from the shared drive and needs it restored from backup.,2025,12,27,16,5,52,True,False,Afternoon,False,True,False,False,2,True,False,False,True,113,False,True,False,False,False,False,False,SW,IT,IT,Service Request,Expanded,24.0,24.0,1,False,True,False,True,2250.31,93.76,True,Critical,,False,
T20260120.0003,New user account creation,"HR requests new Active Directory account, email, and standard group memberships for incoming Accounting associate.","Hewitt Associates, Inc.",Primary Location,In Progress,Low,Email,2.0,"Taylor, Mark",IT:Technician II,Triage,SW:Defect,,,"Hewitt Associates, Inc. - Block Hour",IT:Premium SLA,2026-01-20 04:00:00,"Administrator, Autotask",,2026-01-27 11:00:00,2026-01-20 04:00:00,,,False,1,2.0,False,,,0.0,175.0,,4,15,"New user account creation HR requests new Active Directory account, email, and standard group memberships for incoming Accounting associate.",2026,1,20,4,1,4,False,False,Overnight,True,False,False,False,1,True,False,False,True,140,False,False,False,True,False,False,False,SW,Triage,IT,Service Request,Expanded,24.0,24.0,1,False,True,False,True,1686.31,70.26,True,Critical,,False,
T20260209.0001,Suspicious phishing email reported,Employee forwarded a suspicious email claiming to be from IT asking for credentials. Needs investigation.,"Hewitt Associates, Inc.",Primary Location,In Progress,Critical,Email,2.0,"Taylor, Mark",IT:Technician II,Triage,SW:Internal,,,"Hewitt Associates, Inc. - Block Hour",IT:Premium SLA,2026-02-09 09:30:00,"Administrator, Autotask",,2026-02-16 12:30:00,2026-02-09 09:30:00,,,False,4,2.0,False,,,0.0,171.0,,4,15,Suspicious phishing email reported Employee forwarded a suspicious email claiming to be from IT asking for credentials. Needs investigation.,2026,2,9,9,0,7,False,True,Morning,False,False,False,True,4,True,False,False,True,140,False,False,False,True,False,False,False,SW,Triage,IT,High,Standard,0.25,4.0,4,True,False,False,True,1200.81,4803.23,True,Critical,,False,
T20260110.0003,Slow computer performance,User's workstation takes over 5 minutes to boot and applications are sluggish. Machine is 4 years old with HDD.,"Hewitt Associates, Inc.",Primary Location,In Progress,High,Email,2.0,"Moore, James",IT:Technician II,IT:Change Requests,SW:Change,,,"Hewitt Associates, Inc. - Block Hour",IT:Premium SLA,2026-01-10 05:30:00,"Administrator, Autotask",,2026-01-19 11:00:00,2026-01-10 05:30:00,,,False,3,2.0,False,,,0.0,221.5,,3,19,Slow computer performance User's workstation takes over 5 minutes to boot and applications are sluggish. Machine is 4 years old with HDD.,2026,1,10,5,5,2,True,False,Overnight,False,False,True,False,3,True,False,False,True,137,False,False,False,False,False,False,False,SW,IT,IT,Service Request,Expanded,24.0,24.0,1,False,True,False,True,1924.81,80.2,True,Critical,,False,
T20251215.0003,Wi-Fi connectivity issues in conference room B,Staff report intermittent Wi-Fi drops in conference room B during video calls. Signal strength appears weak.,"Hewitt Associates, Inc.",Primary Location,In Progress,Low,Email,2.0,"Moore, James",IT:Technician II,Triage,IT:Applications,,,"Hewitt Associates, Inc. - Block Hour",IT:Premium SLA,2025-12-15 09:30:00,"Administrator, Autotask",,2025-12-22 12:30:00,2025-12-15 09:30:00,,,False,1,2.0,False,,,0.0,171.0,,7,16,Wi-Fi connectivity issues in conference room B Staff report intermittent Wi-Fi drops in conference room B during video calls. Signal strength appears weak.,2025,12,15,9,0,51,False,True,Morning,True,False,False,False,1,True,False,False,True,155,False,False,False,False,False,False,False,IT,Triage,IT,Low,Standard,4.0,48.0,1,False,False,False,True,2544.81,636.2,True,Critical,,False,
T20260214.0002,Outlook not syncing emails,User reports Outlook on their workstation is not syncing new emails. Restarting the application did not resolve the issue.,"Hewitt Associates, Inc.",Primary Location,In Progress,Critical,Email,2.0,"Anderson, Scott",IT:Service Manager,IT:Change Requests,Triage,,,"Hewitt Associates, Inc. - Block Hour",IT:Premium SLA,2026-02-14 14:30:00,"Administrator, Autotask",,2026-02-23 11:00:00,2026-02-14 14:30:00,,,False,4,2.0,False,,,0.0,212.5,,4,19,Outlook not syncing emails User reports Outlook on their workstation is not syncing new emails. Restarting the application did not resolve the issue.,2026,2,14,14,5,7,True,False,Afternoon,False,False,False,True,4,True,False,False,True,149,False,False,False,True,False,False,False,Triage,IT,IT,Service Request,Expanded,24.0,24.0,1,False,True,False,True,1075.81,44.83,True,Critical,,False,
T20251210.0003,New user account creation,"HR requests new Active Directory account, email, and standard group memberships for incoming Accounting associate.","Hewitt Associates, Inc.",Primary Location,In Progress,High,Email,2.0,"Miller, Susan",SW:Support II,Triage,IT:Change,,,"Hewitt Associates, Inc. - Block Hour",IT:Premium SLA,2025-12-10 00:00:00,"Administrator, Autotask",,2025-12-17 11:00:00,2025-12-10 00:00:00,,,False,3,2.0,False,,,0.0,179.0,,4,15,"New user account creation HR requests new Active Directory account, email, and standard group memberships for incoming Accounting associate.",2025,12,10,0,2,50,False,False,Overnight,False,False,True,False,3,True,False,False,True,140,False,False,False,True,False,False,False,IT,Triage,SW,Service Request,Expanded,24.0,24.0,1,False,True,False,True,2674.31,111.43,True,Critical,,False,
T20260301.0002,Email bouncing back to external clients,Several external clients report emails to our sales team are bouncing back with a 550 error.,"Hewitt Associates, Inc.",Primary Location,In Progress,Medium,Email,2.0,"Taylor, Mark",IT:Technician II,IT:Level II,SW:Support,,,"Hewitt Associates, Inc. - Block Hour",IT:Premium SLA,2026-03-01 23:00:00,"Administrator, Autotask",,2026-03-09 11:00:00,2026-03-01 23:00:00,,,False,2,2.0,False,,,0.0,180.0,,6,16,Email bouncing back to external clients Several external clients report emails to our sales team are bouncing back with a 550 error.,2026,3,1,23,6,9,True,False,Late Night,False,True,False,False,2,True,False,False,True,132,False,False,False,True,False,False,False,SW,IT,IT,Medium,Expanded,2.0,8.0,2,False,False,False,True,707.31,353.65,True,Critical,,False,
T20251217.0001,Password reset request,Employee locked out of their account after multiple failed login attempts. Requesting password reset and account unlock.,"Hewitt Associates, Inc.",Primary Location,Waiting Materials,Medium,Email,2.0,"Moore, James",IT:Technician II,IT:Level II,SW:Support,,,"Hewitt Associates, Inc. - Block Hour",IT:Premium SLA,2025-12-17 13:00:00,"Administrator, Autotask",,2025-12-24 16:00:00,2025-12-17 13:00:00,,,False,2,2.0,False,,,0.0,171.0,,3,17,Password reset request Employee locked out of their account after multiple failed login attempts. Requesting password reset and account unlock.,2025,12,17,13,2,51,False,True,Afternoon,False,True,False,False,2,True,True,False,True,143,False,False,False,False,False,False,False,SW,IT,IT,Service Request,Standard,24.0,24.0,1,False,True,False,True,2493.31,103.89,True,Critical,,False,
T20251204.0002,MFA not working on mobile device,User replaced their phone and can no longer receive MFA push notifications. Needs MFA token re-enrolled.,"Hewitt Associates, Inc.",Primary Location,Waiting Materials,Medium,Email,2.0,"Moore, James",IT:Technician II,Triage,IT:Hardware,,,"Hewitt Associates, Inc. - Block Hour",IT:Premium SLA,2025-12-04 08:00:00,"Administrator, Autotask",,2025-12-11 11:00:00,2025-12-04 08:00:00,,,False,2,2.0,False,,,0.0,171.0,,6,16,MFA not working on mobile device User replaced their phone and can no longer receive MFA push notifications. Needs MFA token re-enrolled.,2025,12,4,8,3,49,False,True,Morning,False,True,False,False,2,True,True,False,True,137,False,False,False,False,False,False,False,IT,Triage,IT,Medium,Standard,2.0,8.0,2,False,False,False,True,2810.31,1405.15,True,Critical,,False,
T20251221.0004,Shared drive access denied,User in Accounting cannot access the shared S: drive. Permissions appear correct in AD but access is still denied.,"Hewitt Associates, Inc.",Primary Location,Waiting Materials,High,Email,2.0,"Moore, James",IT:Technician II,IT:Level I,SW:Internal,,,"Hewitt Associates, Inc. - Block Hour",IT:Premium SLA,2025-12-21 06:30:00,"Administrator, Autotask",,2025-12-29 11:00:00,2025-12-21 06:30:00,,,False,3,2.0,False,,,0.0,196.5,,4,19,Shared drive access denied User in Accounting cannot access the shared S: drive. Permissions appear correct in AD but access is still denied.,2025,12,21,6,6,51,True,False,Morning,False,False,True,False,3,True,True,False,True,141,False,False,False,False,False,True,False,SW,IT,IT,High,Expanded,0.25,4.0,4,True,False,False,True,2403.81,9615.23,True,Critical,,False,
T20260114.0003,Request to install project management software,Project lead requesting installation of Monday.com desktop app on their workstation.,"Hewitt Associates, Inc.",Primary Location,Waiting Materials,Critical,Email,2.0,"Moore, James",IT:Technician II,IT:Level I,SW:Support,,,"Hewitt Associates, Inc. - Block Hour",IT:Premium SLA,2026-01-14 20:30:00,"Administrator, Autotask",,2026-01-22 11:00:00,2026-01-14 20:30:00,,,False,4,2.0,False,,,0.0,182.5,,6,11,Request to install project management software Project lead requesting installation of Monday.com desktop app on their workstation.,2026,1,14,20,2,3,False,False,Evening,False,False,False,True,4,True,True,False,True,131,False,False,False,False,False,False,False,SW,IT,IT,Service Request,Expanded,24.0,24.0,1,False,True,False,True,1813.81,75.58,True,Critical,,False,
T20260113.0003,Network printer offline,The Ricoh copier/printer in the main office shows offline status for all users. Physical device appears powered on.,"Hewitt Associates, Inc.",Primary Location,Waiting Materials,Medium,Email,2.0,"Moore, James",IT:Technician II,Triage,SW:Defect,,,"Hewitt Associates, Inc. - Block Hour",IT:Premium SLA,2026-01-13 11:30:00,"Administrator, Autotask",,2026-01-20 14:30:00,2026-01-13 11:30:00,,,False,2,2.0,False,,,0.0,171.0,,3,18,Network printer offline The Ricoh copier/printer in the main office shows offline status for all users. Physical device appears powered on.,2026,1,13,11,1,3,False,True,Morning,False,True,False,False,2,True,True,False,True,139,False,False,False,False,True,False,False,SW,Triage,IT,Medium,Standard,2.0,8.0,2,False,False,False,True,1846.81,923.4,True,Critical,,False,
T20260124.0003,Laptop battery not holding charge,User's Dell laptop battery drains from 100% to 0% in under an hour. Laptop is 2 years old.,"Hewitt Associates, Inc.",Primary Location,Waiting Materials,Low,Email,2.0,"Miller, Susan",SW:Support II,IT:Level II,SW:Defect,,,"Hewitt Associates, Inc. - Block Hour",IT:Premium SLA,2026-01-24 02:30:00,"Administrator, Autotask",,2026-02-02 11:00:00,2026-01-24 02:30:00,,,False,1,2.0,False,,,0.0,224.5,,5,18,Laptop battery not holding charge User's Dell laptop battery drains from 100% to 0% in under an hour. Laptop is 2 years old.,2026,1,24,2,5,4,True,False,Overnight,True,False,False,False,1,True,True,False,True,124,False,False,False,False,False,False,False,SW,IT,SW,Low,Expanded,4.0,48.0,1,False,False,False,True,1591.81,397.95,True,Critical,,False,
T20260210.0001,MFA not working on mobile device,User replaced their phone and can no longer receive MFA push notifications. Needs MFA token re-enrolled.,"Hewitt Associates, Inc.",Primary Location,Waiting Materials,Medium,Email,2.0,"Taylor, Mark",IT:Technician II,IT:Level II,SW:Defect,,,"Hewitt Associates, Inc. - Block Hour",IT:Premium SLA,2026-02-10 02:30:00,"Administrator, Autotask",,2026-02-17 11:00:00,2026-02-10 02:30:00,,,False,2,2.0,False,,,0.0,176.5,,6,16,MFA not working on mobile device User replaced their phone and can no longer receive MFA push notifications. Needs MFA token re-enrolled.,2026,2,10,2,1,7,False,False,Overnight,False,True,False,False,2,True,True,False,True,137,False,False,False,False,False,False,False,SW,IT,IT,Medium,Expanded,2.0,8.0,2,False,False,False,True,1183.81,591.9,True,Critical,,False,
T20260201.0001,Teams calls have audio echo,Multiple users in the open office area report audio echo issues during Microsoft Teams calls.,"Hewitt Associates, Inc.",Primary Location,Scheduled,Critical,Email,2.0,"Anderson, Scott",IT:Service Manager,IT:Level II,Triage,,,"Hewitt Associates, Inc. - Block Hour",IT:Premium SLA,2026-02-01 05:00:00,"Administrator, Autotask",,2026-02-09 11:00:00,2026-02-01 05:00:00,,,False,4,2.0,False,,,0.0,198.0,,5,15,Teams calls have audio echo Multiple users in the open office area report audio echo issues during Microsoft Teams calls.,2026,2,1,5,6,5,True,False,Overnight,False,False,False,True,4,True,False,False,True,121,False,False,False,False,False,False,False,Triage,IT,IT,High,Expanded,0.25,4.0,4,True,False,False,True,1397.31,5589.23,True,Critical,,False,
T20260215.0001,Backup job failed overnight,Nightly backup job for the file server failed with a timeout error. Last successful backup was 3 days ago.,"Hewitt Associates, Inc.",Primary Location,Scheduled,High,Email,2.0,"Anderson, Scott",IT:Service Manager,IT:Level I,IT:Hardware,,,"Hewitt Associates, Inc. - Block Hour",IT:Premium SLA,2026-02-15 09:30:00,"Administrator, Autotask",,2026-02-23 11:00:00,2026-02-15 09:30:00,,,False,3,2.0,False,,,0.0,193.5,,4,19,Backup job failed overnight Nightly backup job for the file server failed with a timeout error. Last successful backup was 3 days ago.,2026,2,15,9,6,7,True,False,Morning,False,False,True,False,3,True,False,False,True,134,True,True,False,False,False,False,False,IT,IT,IT,High,Expanded,0.25,4.0,4,True,False,False,True,1056.81,4227.23,True,Critical,,False,
T20260101.0002,OneDrive sync errors,User getting persistent sync conflict errors in OneDrive. Several files showing duplicate versions.,"Hewitt Associates, Inc.",Primary Location,Scheduled,High,Email,2.0,"Moore, James",IT:Technician II,Triage,IT:Applications,,,"Hewitt Associates, Inc. - Block Hour",IT:Premium SLA,2026-01-01 13:30:00,"Administrator, Autotask",,2026-01-08 16:30:00,2026-01-01 13:30:00,,,False,3,2.0,False,,,0.0,171.0,,3,13,OneDrive sync errors User getting persistent sync conflict errors in OneDrive. Several files showing duplicate versions.,2026,1,1,13,3,1,False,True,Afternoon,False,False,True,False,3,True,False,False,True,120,False,False,False,False,False,False,False,IT,Triage,IT,High,Standard,0.25,4.0,4,True,False,False,True,2132.81,8531.23,True,Critical,,False,
T20251226.0003,Wi-Fi connectivity issues in conference room B,Staff report intermittent Wi-Fi drops in conference room B during video calls. Signal strength appears weak.,"Hewitt Associates, Inc.",Primary Location,Scheduled,Medium,Email,2.0,"Moore, James",IT:Technician II,IT:Change Requests,SW:Change,,,"Hewitt Associates, Inc. - Block Hour",IT:Premium SLA,2025-12-26 01:30:00,"Administrator, Autotask",,2026-01-02 11:00:00,2025-12-26 01:30:00,,,False,2,2.0,False,,,0.0,177.5,,7,16,Wi-Fi connectivity issues in conference room B Staff report intermittent Wi-Fi drops in conference room B during video calls. Signal strength appears weak.,2025,12,26,1,4,52,False,False,Overnight,False,True,False,False,2,True,False,False,True,155,False,False,False,False,False,False,False,SW,IT,IT,Service Request,Expanded,24.0,24.0,1,False,True,False,True,2288.81,95.37,True,Critical,,False,
T20260220.0001,File recovery request,User accidentally deleted a folder from the shared drive and needs it restored from backup.,"Hewitt Associates, Inc.",Primary Location,Scheduled,High,Email,2.0,"Taylor, Mark",IT:Technician II,Triage,SW:Defect,,,"Hewitt Associates, Inc. - Block Hour",IT:Premium SLA,2026-02-20 03:30:00,"Administrator, Autotask",,2026-02-27 11:00:00,2026-02-20 03:30:00,,,False,3,2.0,False,,,0.0,175.5,,3,15,File recovery request User accidentally deleted a folder from the shared drive and needs it restored from backup.,2026,2,20,3,4,8,False,False,Overnight,False,False,True,False,3,True,False,False,True,113,False,True,False,False,False,False,False,SW,Triage,IT,Service Request,Expanded,24.0,24.0,1,False,True,False,True,942.81,39.28,True,Critical,,False,
T20260201.0002,VPN connection drops intermittently,"Remote employee experiences frequent VPN disconnections throughout the day, disrupting access to internal resources.","Hewitt Associates, Inc.",Primary Location,Scheduled,Low,Email,2.0,"Taylor, Mark",IT:Technician II,IT:Change Requests,SW:Support,,,"Hewitt Associates, Inc. - Block Hour",IT:Premium SLA,2026-02-01 11:30:00,"Administrator, Autotask",,2026-02-09 11:00:00,2026-02-01 11:30:00,,,False,1,2.0,False,,,0.0,191.5,,4,14,"VPN connection drops intermittently Remote employee experiences frequent VPN disconnections throughout the day, disrupting access to internal resources.",2026,2,1,11,6,5,True,False,Morning,True,False,False,False,1,True,False,False,True,152,False,False,True,False,False,True,False,SW,IT,IT,Service Request,Expanded,24.0,24.0,1,False,True,False,True,1390.81,57.95,True,Critical,,False,
T20251221.0003,Email bouncing back to external clients,Several external clients report emails to our sales team are bouncing back with a 550 error.,"Hewitt Associates, Inc.",Primary Location,Scheduled,Critical,Email,2.0,"Moore, James",IT:Technician II,Triage,IT:Hardware,,,"Hewitt Associates, Inc. - Block Hour",IT:Premium SLA,2025-12-21 05:00:00,"Administrator, Autotask",,2025-12-29 11:00:00,2025-12-21 05:00:00,,,False,4,2.0,False,,,0.0,198.0,,6,16,Email bouncing back to external clients Several external clients report emails to our sales team are bouncing back with a 550 error.,2025,12,21,5,6,51,True,False,Overnight,False,False,False,True,4,True,False,False,True,132,False,False,False,True,False,False,False,IT,Triage,IT,High,Expanded,0.25,4.0,4,True,False,False,True,2405.31,9621.23,True,Critical,,False,
T20260216.0001,Shared drive access denied,User in Accounting cannot access the shared S: drive. Permissions appear correct in AD but access is still denied.,"Hewitt Associates, Inc.",Primary Location,Scheduled,High,Email,2.0,"Moore, James",IT:Technician II,IT:Level I,SW:Internal,,,"Hewitt Associates, Inc. - Block Hour",IT:Premium SLA,2026-02-16 16:30:00,"Administrator, Autotask",,2026-02-24 10:30:00,2026-02-16 16:30:00,,,False,3,2.0,False,,,0.0,186.0,,4,19,Shared drive access denied User in Accounting cannot access the shared S: drive. Permissions appear correct in AD but access is still denied.,2026,2,16,16,0,8,False,True,Afternoon,False,False,True,False,3,True,False,False,True,141,False,False,False,False,False,True,False,SW,IT,IT,High,Standard,0.25,4.0,4,True,False,False,True,1025.81,4103.23,True,Critical,,False,
T20251229.0004,New user account creation,"HR requests new Active Directory account, email, and standard group memberships for incoming Accounting associate.","Hewitt Associates, Inc.",Primary Location,Scheduled,Low,Email,2.0,"Anderson, Scott",IT:Service Manager,IT:Level I,SW:Defect,,,"Hewitt Associates, Inc. - Block Hour",IT:Premium SLA,2025-12-29 23:00:00,"Administrator, Autotask",,2026-01-06 11:00:00,2025-12-29 23:00:00,,,False,1,2.0,False,,,0.0,180.0,,4,15,"New user account creation HR requests new Active Directory account, email, and standard group memberships for incoming Accounting associate.",2025,12,29,23,0,1,False,False,Late Night,True,False,False,False,1,True,False,False,True,140,False,False,False,True,False,False,False,SW,IT,IT,Service Request,Expanded,24.0,24.0,1,False,True,False,True,2195.31,91.47,True,Critical,,False,
T20251217.0002,File recovery request,User accidentally deleted a folder from the shared drive and needs it restored from backup.,"Hewitt Associates, Inc.",Primary Location,Scheduled,Medium,Email,2.0,"Taylor, Mark",IT:Technician II,Triage,SW:Defect,,,"Hewitt Associates, Inc. - Block Hour",IT:Premium SLA,2025-12-17 17:30:00,"Administrator, Autotask",,2025-12-25 11:00:00,2025-12-17 17:30:00,,,False,2,2.0,False,,,0.0,185.5,,3,15,File recovery request User accidentally deleted a folder from the shared drive and needs it restored from backup.,2025,12,17,17,2,51,False,False,Afternoon,False,True,False,False,2,True,False,False,True,113,False,True,False,False,False,False,False,SW,Triage,IT,Service Request,Expanded,24.0,24.0,1,False,True,False,True,2488.81,103.7,True,Critical,,False,
T20260209.0005,Email bouncing back to external clients,Several external clients report emails to our sales team are bouncing back with a 550 error.,"Hewitt Associates, Inc.",Primary Location,Scheduled,Low,Email,2.0,"Moore, James",IT:Technician II,IT:Change Requests,SW:Defect,,,"Hewitt Associates, Inc. - Block Hour",IT:Premium SLA,2026-02-09 07:30:00,"Administrator, Autotask",,2026-02-16 11:00:00,2026-02-09 07:30:00,,,False,1,2.0,False,,,0.0,171.5,,6,16,Email bouncing back to external clients Several external clients report emails to our sales team are bouncing back with a 550 error.,2026,2,9,7,0,7,False,False,Morning,True,False,False,False,1,True,False,False,True,132,False,False,False,True,False,False,False,SW,IT,IT,Service Request,Expanded,24.0,24.0,1,False,True,False,True,1202.81,50.12,True,Critical,,False,
T20260102.0003,Teams calls have audio echo,Multiple users in the open office area report audio echo issues during Microsoft Teams calls.,"Hewitt Associates, Inc.",Primary Location,Scheduled,Critical,Email,2.0,"Moore, James",IT:Technician II,IT:Change Requests,IT:Change,,,"Hewitt Associates, Inc. - Block Hour",IT:Premium SLA,2026-01-02 12:30:00,"Administrator, Autotask",,2026-01-09 15:30:00,2026-01-02 12:30:00,,,False,4,2.0,False,,,0.0,171.0,,5,15,Teams calls have audio echo Multiple users in the open office area report audio echo issues during Microsoft Teams calls.,2026,1,2,12,4,1,False,True,Afternoon,False,False,False,True,4,True,False,False,True,121,False,False,False,False,False,False,False,IT,IT,IT,Service Request,Standard,24.0,24.0,1,False,True,False,True,2109.81,87.91,True,Critical,,False,
T20251231.0003,New employee laptop setup,"New hire starting next Monday needs a laptop configured with standard software suite, email, and VPN access.","Hewitt Associates, Inc.",Primary Location,Scheduled,Critical,Email,2.0,"Anderson, Scott",IT:Service Manager,IT:Level I,IT:Change,,,"Hewitt Associates, Inc. - Block Hour",IT:Premium SLA,2025-12-31 15:00:00,"Administrator, Autotask",,2026-01-08 09:00:00,2025-12-31 15:00:00,,,False,4,2.0,False,,,0.0,186.0,,4,17,"New employee laptop setup New hire starting next Monday needs a laptop configured with standard software suite, email, and VPN access.",2025,12,31,15,2,1,False,True,Afternoon,False,False,False,True,4,True,False,False,True,134,False,False,True,True,False,True,False,IT,IT,IT,Service Request,Standard,24.0,24.0,1,False,True,False,True,2155.31,89.8,True,Critical,,False,
T20260202.0003,Shared drive access denied,User in Accounting cannot access the shared S: drive. Permissions appear correct in AD but access is still denied.,"Hewitt Associates, Inc.",Primary Location,Scheduled,Medium,Email,2.0,"Miller, Susan",SW:Support II,IT:Change Requests,SW:Internal,,,"Hewitt Associates, Inc. - Block Hour",IT:Premium SLA,2026-02-02 07:30:00,"Administrator, Autotask",,2026-02-09 11:00:00,2026-02-02 07:30:00,,,False,2,2.0,False,,,0.0,171.5,,4,19,Shared drive access denied User in Accounting cannot access the shared S: drive. Permissions appear correct in AD but access is still denied.,2026,2,2,7,0,6,False,False,Morning,False,True,False,False,2,True,False,False,True,141,False,False,False,False,False,True,False,SW,IT,SW,Service Request,Expanded,24.0,24.0,1,False,True,False,True,1370.81,57.12,True,Critical,,False,
T20260301.0001,Suspicious phishing email reported,Employee forwarded a suspicious email claiming to be from IT asking for credentials. Needs investigation.,"Hewitt Associates, Inc.",Primary Location,Scheduled,Critical,Email,2.0,"Taylor, Mark",IT:Technician II,Triage,IT:Hardware,,,"Hewitt Associates, Inc. - Block Hour",IT:Premium SLA,2026-03-01 10:30:00,"Administrator, Autotask",,2026-03-09 11:00:00,2026-03-01 10:30:00,,,False,4,2.0,False,,,0.0,192.5,,4,15,Suspicious phishing email reported Employee forwarded a suspicious email claiming to be from IT asking for credentials. Needs investigation.,2026,3,1,10,6,9,True,False,Morning,False,False,False,True,4,True,False,False,True,140,False,False,False,True,False,False,False,IT,Triage,IT,High,Expanded,0.25,4.0,4,True,False,False,True,719.81,2879.23,True,Critical,,False,
T20260221.0003,Monitor flickering on docking station,User's external monitor flickers when connected via USB-C docking station. Works fine with direct HDMI connection.,"Hewitt Associates, Inc.",Primary Location,Scheduled,Medium,Email,2.0,"Anderson, Scott",IT:Service Manager,IT:Change Requests,SW:Defect,,,"Hewitt Associates, Inc. - Block Hour",IT:Premium SLA,2026-02-21 13:30:00,"Administrator, Autotask",,2026-03-02 11:00:00,2026-02-21 13:30:00,,,False,2,2.0,False,,,0.0,213.5,,5,16,Monitor flickering on docking station User's external monitor flickers when connected via USB-C docking station. Works fine with direct HDMI connection.,2026,2,21,13,5,8,True,False,Afternoon,False,True,False,False,2,True,False,False,True,152,False,False,False,False,False,False,False,SW,IT,IT,Service Request,Expanded,24.0,24.0,1,False,True,False,True,908.81,37.87,True,Critical,,False,
T20251230.0001,Request for additional monitor,Department manager requesting a second monitor for their workstation to improve productivity.,"Hewitt Associates, Inc.",Primary Location,Escalate,Low,Email,2.0,"Anderson, Scott",IT:Service Manager,IT:Level II,IT:Applications,,,"Hewitt Associates, Inc. - Block Hour",IT:Premium SLA,2025-12-30 23:00:00,"Administrator, Autotask",,2026-01-07 11:00:00,2025-12-30 23:00:00,,,False,1,2.0,False,,,0.0,180.0,,4,12,Request for additional monitor Department manager requesting a second monitor for their workstation to improve productivity.,2025,12,30,23,1,1,False,False,Late Night,True,False,False,False,1,True,False,False,True,124,False,False,False,False,False,False,False,IT,IT,IT,Service Request,Expanded,24.0,24.0,1,False,True,False,True,2171.31,90.47,True,Critical,,False,
T20260115.0001,Laptop battery not holding charge,User's Dell laptop battery drains from 100% to 0% in under an hour. Laptop is 2 years old.,"Hewitt Associates, Inc.",Primary Location,Escalate,High,Email,2.0,"Moore, James",IT:Technician II,IT:Level I,IT:Change,,,"Hewitt Associates, Inc. - Block Hour",IT:Premium SLA,2026-01-15 16:00:00,"Administrator, Autotask",,2026-01-23 10:00:00,2026-01-15 16:00:00,,,False,3,2.0,False,,,0.0,186.0,,5,18,Laptop battery not holding charge User's Dell laptop battery drains from 100% to 0% in under an hour. Laptop is 2 years old.,2026,1,15,16,3,3,False,True,Afternoon,False,False,True,False,3,True,False,False,True,124,False,False,False,False,False,False,False,IT,IT,IT,Service Request,Standard,24.0,24.0,1,False,True,False,True,1794.31,74.76,True,Critical,,False,
T20260115.0002,Printer jamming on 2nd floor,The shared HP LaserJet on the 2nd floor is consistently jamming when printing duplex jobs. Paper tray has been checked.,"Hewitt Associates, Inc.",Primary Location,Escalate,Medium,Email,2.0,"Moore, James",IT:Technician II,IT:Level II,SW:Support,,,"Hewitt Associates, Inc. - Block Hour",IT:Premium SLA,2026-01-15 16:30:00,"Administrator, Autotask",,2026-01-23 10:30:00,2026-01-15 16:30:00,,,False,2,2.0,False,,,0.0,186.0,,5,20,Printer jamming on 2nd floor The shared HP LaserJet on the 2nd floor is consistently jamming when printing duplex jobs. Paper tray has been checked.,2026,1,15,16,3,3,False,True,Afternoon,False,True,False,False,2,True,False,False,True,148,False,False,False,False,True,False,False,SW,IT,IT,Medium,Standard,2.0,8.0,2,False,False,False,True,1793.81,896.9,True,Critical,,False,
T20260219.0001,Slow computer performance,User's workstation takes over 5 minutes to boot and applications are sluggish. Machine is 4 years old with HDD.,"Hewitt Associates, Inc.",Primary Location,Escalate,High,Email,2.0,"Anderson, Scott",IT:Service Manager,IT:Level I,IT:Applications,,,"Hewitt Associates, Inc. - Block Hour",IT:Premium SLA,2026-02-19 12:00:00,"Administrator, Autotask",,2026-02-26 15:00:00,2026-02-19 12:00:00,,,False,3,2.0,False,,,0.0,171.0,,3,19,Slow computer performance User's workstation takes over 5 minutes to boot and applications are sluggish. Machine is 4 years old with HDD.,2026,2,19,12,3,8,False,True,Afternoon,False,False,True,False,3,True,False,False,True,137,False,False,False,False,False,False,False,IT,IT,IT,High,Standard,0.25,4.0,4,True,False,False,True,958.31,3833.23,True,Critical,,False,
T20260120.0001,Request to install project management software,Project lead requesting installation of Monday.com desktop app on their workstation.,"Hewitt Associates, Inc.",Primary Location,Escalate,Medium,Email,2.0,"Moore, James",IT:Technician II,IT:Change Requests,SW:Defect,,,"Hewitt Associates, Inc. - Block Hour",IT:Premium SLA,2026-01-20 03:00:00,"Administrator, Autotask",,2026-01-27 11:00:00,2026-01-20 03:00:00,,,False,2,2.0,False,,,0.0,176.0,,6,11,Request to install project management software Project lead requesting installation of Monday.com desktop app on their workstation.,2026,1,20,3,1,4,False,False,Overnight,False,True,False,False,2,True,False,False,True,131,False,False,False,False,False,False,False,SW,IT,IT,Service Request,Expanded,24.0,24.0,1,False,True,False,True,1687.31,70.3,True,Critical,,False,
T20251215.0001,New employee laptop setup,"New hire starting next Monday needs a laptop configured with standard software suite, email, and VPN access.","Hewitt Associates, Inc.",Primary Location,Escalate,Medium,Email,2.0,"Moore, James",IT:Technician II,IT:Change Requests,SW:Support,,,"Hewitt Associates, Inc. - Block Hour",IT:Premium SLA,2025-12-15 03:30:00,"Administrator, Autotask",,2025-12-22 11:00:00,2025-12-15 03:30:00,,,False,2,2.0,False,,,0.0,175.5,,4,17,"New employee laptop setup New hire starting next Monday needs a laptop configured with standard software suite, email, and VPN access.",2025,12,15,3,0,51,False,False,Overnight,False,True,False,False,2,True,False,False,True,134,False,False,True,True,False,True,False,SW,IT,IT,Service Request,Expanded,24.0,24.0,1,False,True,False,True,2550.81,106.28,True,Critical,,False,
T20260102.0001,Software license expired for Adobe Acrobat,Adobe Acrobat Pro license has expired for the Marketing department. Three users unable to edit PDFs.,"Hewitt Associates, Inc.",Primary Location,Escalate,Medium,Email,2.0,"Anderson, Scott",IT:Service Manager,IT:Level I,SW:Internal,,,"Hewitt Associates, Inc. - Block Hour",IT:Premium SLA,2026-01-02 19:00:00,"Administrator, Autotask",,2026-01-12 11:00:00,2026-01-02 19:00:00,,,False,2,2.0,False,,,0.0,232.0,,6,16,Software license expired for Adobe Acrobat Adobe Acrobat Pro license has expired for the Marketing department. Three users unable to edit PDFs.,2026,1,2,19,4,1,False,False,Evening,False,True,False,False,2,True,False,False,True,143,False,False,False,False,False,False,False,SW,IT,IT,Service Request,Expanded,24.0,24.0,1,False,True,False,True,2103.31,87.64,True,Critical,,False,
T20260203.0001,New employee laptop setup,"New hire starting next Monday needs a laptop configured with standard software suite, email, and VPN access.","Hewitt Associates, Inc.",Primary Location,Escalate,Medium,Email,2.0,"Anderson, Scott",IT:Service Manager,IT:Level II,IT:Hardware,,,"Hewitt Associates, Inc. - Block Hour",IT:Premium SLA,2026-02-03 09:00:00,"Administrator, Autotask",,2026-02-10 12:00:00,2026-02-03 09:00:00,,,False,2,2.0,False,,,0.0,171.0,,4,17,"New employee laptop setup New hire starting next Monday needs a laptop configured with standard software suite, email, and VPN access.",2026,2,3,9,1,6,False,True,Morning,False,True,False,False,2,True,False,False,True,134,False,False,True,True,False,True,False,IT,IT,IT,Service Request,Standard,24.0,24.0,1,False,True,False,True,1345.31,56.05,True,Critical,,False,
T20251215.0002,Teams calls have audio echo,Multiple users in the open office area report audio echo issues during Microsoft Teams calls.,"Hewitt Associates, Inc.",Primary Location,Escalate,Medium,Email,2.0,"Anderson, Scott",IT:Service Manager,Triage,SW:Defect,,,"Hewitt Associates, Inc. - Block Hour",IT:Premium SLA,2025-12-15 12:00:00,"Administrator, Autotask",,2025-12-22 15:00:00,2025-12-15 12:00:00,,,False,2,2.0,False,,,0.0,171.0,,5,15,Teams calls have audio echo Multiple users in the open office area report audio echo issues during Microsoft Teams calls.,2025,12,15,12,0,51,False,True,Afternoon,False,True,False,False,2,True,False,False,True,121,False,False,False,False,False,False,False,SW,Triage,IT,Medium,Standard,2.0,8.0,2,False,False,False,True,2542.31,1271.15,True,Critical,,False,
T20251224.0002,Windows update causing BSOD,Two workstations experiencing Blue Screen of Death after latest Windows cumulative update was installed.,"Hewitt Associates, Inc.",Primary Location,Escalate,Medium,Email,2.0,"Taylor, Mark",IT:Technician II,IT:Change Requests,IT:Hardware,,,"Hewitt Associates, Inc. - Block Hour",IT:Premium SLA,2025-12-24 01:30:00,"Administrator, Autotask",,2025-12-31 11:00:00,2025-12-24 01:30:00,,,False,2,2.0,False,,,0.0,177.5,,4,14,Windows update causing BSOD Two workstations experiencing Blue Screen of Death after latest Windows cumulative update was installed.,2025,12,24,1,2,52,False,False,Overnight,False,True,False,False,2,True,False,False,True,132,False,False,False,False,False,False,False,IT,IT,IT,Maintenance,Expanded,24.0,24.0,1,False,False,True,True,2336.81,97.37,True,Critical,,False,
T20251204.0003,Teams calls have audio echo,Multiple users in the open office area report audio echo issues during Microsoft Teams calls.,"Hewitt Associates, Inc.",Primary Location,Escalate,High,Email,2.0,"Taylor, Mark",IT:Technician II,IT:Change Requests,IT:Hardware,,,"Hewitt Associates, Inc. - Block Hour",IT:Premium SLA,2025-12-04 10:30:00,"Administrator, Autotask",,2025-12-11 13:30:00,2025-12-04 10:30:00,,,False,3,2.0,False,,,0.0,171.0,,5,15,Teams calls have audio echo Multiple users in the open office area report audio echo issues during Microsoft Teams calls.,2025,12,4,10,3,49,False,True,Morning,False,False,True,False,3,True,False,False,True,121,False,False,False,False,False,False,False,IT,IT,IT,Service Request,Standard,24.0,24.0,1,False,True,False,True,2807.81,116.99,True,Critical,,False,
T20251218.0002,Zoom meeting room setup,Need to configure the new conference room TV and camera system for Zoom Rooms integration.,"Hewitt Associates, Inc.",Primary Location,Escalate,Low,Email,2.0,"Anderson, Scott",IT:Service Manager,IT:Change Requests,IT:Hardware,,,"Hewitt Associates, Inc. - Block Hour",IT:Premium SLA,2025-12-18 02:30:00,"Administrator, Autotask",,2025-12-25 11:00:00,2025-12-18 02:30:00,,,False,1,2.0,False,,,0.0,176.5,,4,15,Zoom meeting room setup Need to configure the new conference room TV and camera system for Zoom Rooms integration.,2025,12,18,2,3,51,False,False,Overnight,True,False,False,False,1,True,False,False,True,114,False,False,False,False,False,False,False,IT,IT,IT,Service Request,Expanded,24.0,24.0,1,False,True,False,True,2479.81,103.33,True,Critical,,False,
T20260103.0001,New user account creation,"HR requests new Active Directory account, email, and standard group memberships for incoming Accounting associate.","Hewitt Associates, Inc.",Primary Location,Escalate,High,Email,2.0,"Taylor, Mark",IT:Technician II,IT:Change Requests,SW:Internal,,,"Hewitt Associates, Inc. - Block Hour",IT:Premium SLA,2026-01-03 04:30:00,"Administrator, Autotask",,2026-01-12 11:00:00,2026-01-03 04:30:00,,,False,3,2.0,False,,,0.0,222.5,,4,15,"New user account creation HR requests new Active Directory account, email, and standard group memberships for incoming Accounting associate.",2026,1,3,4,5,1,True,False,Overnight,False,False,True,False,3,True,False,False,True,140,False,False,False,True,False,False,False,SW,IT,IT,Service Request,Expanded,24.0,24.0,1,False,True,False,True,2093.81,87.24,True,Critical,,False,
T20260227.0005,New employee laptop setup,"New hire starting next Monday needs a laptop configured with standard software suite, email, and VPN access.","Hewitt Associates, Inc.",Primary Location,Escalate,Medium,Email,2.0,"Anderson, Scott",IT:Service Manager,Triage,SW:Internal,,,"Hewitt Associates, Inc. - Block Hour",IT:Premium SLA,2026-02-27 07:30:00,"Administrator, Autotask",,2026-03-06 11:00:00,2026-02-27 07:30:00,,,False,2,2.0,False,,,0.0,171.5,,4,17,"New employee laptop setup New hire starting next Monday needs a laptop configured with standard software suite, email, and VPN access.",2026,2,27,7,4,9,False,False,Morning,False,True,False,False,2,True,False,False,True,134,False,False,True,True,False,True,False,SW,Triage,IT,Service Request,Expanded,24.0,24.0,1,False,True,False,True,770.81,32.12,True,Critical,,False,
T20260209.0006,Monitor flickering on docking station,User's external monitor flickers when connected via USB-C docking station. Works fine with direct HDMI connection.,"Hewitt Associates, Inc.",Primary Location,Escalate,Medium,Email,2.0,"Moore, James",IT:Technician II,IT:Level II,IT:Change,,,"Hewitt Associates, Inc. - Block Hour",IT:Premium SLA,2026-02-09 12:00:00,"Administrator, Autotask",,2026-02-16 15:00:00,2026-02-09 12:00:00,,,False,2,2.0,False,,,0.0,171.0,,5,16,Monitor flickering on docking station User's external monitor flickers when connected via USB-C docking station. Works fine with direct HDMI connection.,2026,2,9,12,0,7,False,True,Afternoon,False,True,False,False,2,True,False,False,True,152,False,False,False,False,False,False,False,IT,IT,IT,Service Request,Standard,24.0,24.0,1,False,True,False,True,1198.31,49.93,True,Critical,,False,
T20260218.0005,Windows update causing BSOD,Two workstations experiencing Blue Screen of Death after latest Windows cumulative update was installed.,"Hewitt Associates, Inc.",Primary Location,Escalate,High,Email,2.0,"Moore, James",IT:Technician II,IT:Level II,SW:Internal,,,"Hewitt Associates, Inc. - Block Hour",IT:Premium SLA,2026-02-18 07:30:00,"Administrator, Autotask",,2026-02-25 11:00:00,2026-02-18 07:30:00,,,False,3,2.0,False,,,0.0,171.5,,4,14,Windows update causing BSOD Two workstations experiencing Blue Screen of Death after latest Windows cumulative update was installed.,2026,2,18,7,2,8,False,False,Morning,False,False,True,False,3,True,False,False,True,132,False,False,False,False,False,False,False,SW,IT,IT,Maintenance,Expanded,24.0,24.0,1,False,False,True,True,986.81,41.12,True,Critical,,False,
T20260110.0004,MFA not working on mobile device,User replaced their phone and can no longer receive MFA push notifications. Needs MFA token re-enrolled.,"Hewitt Associates, Inc.",Primary Location,Escalate,High,Email,2.0,"Taylor, Mark",IT:Technician II,Triage,SW:Internal,,,"Hewitt Associates, Inc. - Block Hour",IT:Premium SLA,2026-01-10 22:00:00,"Administrator, Autotask",,2026-01-19 11:00:00,2026-01-10 22:00:00,,,False,3,2.0,False,,,0.0,205.0,,6,16,MFA not working on mobile device User replaced their phone and can no longer receive MFA push notifications. Needs MFA token re-enrolled.,2026,1,10,22,5,2,True,False,Late Night,False,False,True,False,3,True,False,False,True,137,False,False,False,False,False,False,False,SW,Triage,IT,High,Expanded,0.25,4.0,4,True,False,False,True,1908.31,7633.23,True,Critical,,False,
T20251229.0002,Keyboard and mouse not responding,User's wireless keyboard and mouse stopped working. New batteries did not fix the issue.,"Hewitt Associates, Inc.",Primary Location,Waiting Vendor,Low,Email,2.0,"Taylor, Mark",IT:Technician II,IT:Level I,IT:Applications,,,"Hewitt Associates, Inc. - Block Hour",IT:Premium SLA,2025-12-29 15:00:00,"Administrator, Autotask",,2026-01-06 09:00:00,2025-12-29 15:00:00,,,False,1,2.0,False,,,0.0,186.0,,5,14,Keyboard and mouse not responding User's wireless keyboard and mouse stopped working. New batteries did not fix the issue.,2025,12,29,15,0,1,False,True,Afternoon,True,False,False,False,1,True,True,False,True,122,False,False,False,False,False,False,False,IT,IT,IT,Low,Standard,4.0,48.0,1,False,False,False,True,2203.31,550.83,True,Critical,,False,
T20260202.0002,Internet speed slow at branch office,Branch office staff reporting significantly slower internet speeds since last week. ISP says no issues on their end.,"Hewitt Associates, Inc.",Primary Location,Waiting Vendor,Critical,Email,2.0,"Moore, James",IT:Technician II,IT:Level I,IT:Hardware,,,"Hewitt Associates, Inc. - Block Hour",IT:Premium SLA,2026-02-02 11:30:00,"Administrator, Autotask",,2026-02-09 14:30:00,2026-02-02 11:30:00,,,False,4,2.0,False,,,0.0,171.0,,6,18,Internet speed slow at branch office Branch office staff reporting significantly slower internet speeds since last week. ISP says no issues on their end.,2026,2,2,11,0,6,False,True,Morning,False,False,False,True,4,True,True,False,True,153,False,False,False,False,False,False,False,IT,IT,IT,High,Standard,0.25,4.0,4,True,False,False,True,1366.81,5467.23,True,Critical,,False,
T20251222.0001,New user account creation,"HR requests new Active Directory account, email, and standard group memberships for incoming Accounting associate.","Hewitt Associates, Inc.",Primary Location,Waiting Vendor,Low,Email,2.0,"Anderson, Scott",IT:Service Manager,IT:Level II,IT:Change,,,"Hewitt Associates, Inc. - Block Hour",IT:Premium SLA,2025-12-22 14:30:00,"Administrator, Autotask",,2025-12-30 08:30:00,2025-12-22 14:30:00,,,False,1,2.0,False,,,0.0,186.0,,4,15,"New user account creation HR requests new Active Directory account, email, and standard group memberships for incoming Accounting associate.",2025,12,22,14,0,52,False,True,Afternoon,True,False,False,False,1,True,True,False,True,140,False,False,False,True,False,False,False,IT,IT,IT,Service Request,Standard,24.0,24.0,1,False,True,False,True,2371.81,98.83,True,Critical,,False,
T20260117.0002,Need access to CRM application,Sales rep needs access provisioned to the Salesforce CRM. Manager has approved the request.,"Hewitt Associates, Inc.",Primary Location,Waiting Vendor,Low,Email,2.0,"Moore, James",IT:Technician II,IT:Level II,Triage,,,"Hewitt Associates, Inc. - Block Hour",IT:Premium SLA,2026-01-17 22:30:00,"Administrator, Autotask",,2026-01-26 11:00:00,2026-01-17 22:30:00,,,False,1,2.0,False,,,0.0,204.5,,5,14,Need access to CRM application Sales rep needs access provisioned to the Salesforce CRM. Manager has approved the request.,2026,1,17,22,5,3,True,False,Late Night,True,False,False,False,1,True,True,False,True,122,False,False,False,False,False,True,False,Triage,IT,IT,Service Request,Expanded,24.0,24.0,1,False,True,False,True,1739.81,72.49,True,Critical,,False,
T20260215.0002,MFA not working on mobile device,User replaced their phone and can no longer receive MFA push notifications. Needs MFA token re-enrolled.,"Hewitt Associates, Inc.",Primary Location,Waiting Vendor,High,Email,2.0,"Anderson, Scott",IT:Service Manager,IT:Change Requests,SW:Defect,,,"Hewitt Associates, Inc. - Block Hour",IT:Premium SLA,2026-02-15 14:30:00,"Administrator, Autotask",,2026-02-23 11:00:00,2026-02-15 14:30:00,,,False,3,2.0,False,,,0.0,188.5,,6,16,MFA not working on mobile device User replaced their phone and can no longer receive MFA push notifications. Needs MFA token re-enrolled.,2026,2,15,14,6,7,True,False,Afternoon,False,False,True,False,3,True,True,False,True,137,False,False,False,False,False,False,False,SW,IT,IT,Service Request,Expanded,24.0,24.0,1,False,True,False,True,1051.81,43.83,True,Critical,,False,
T20260218.0003,Email bouncing back to external clients,Several external clients report emails to our sales team are bouncing back with a 550 error.,"Hewitt Associates, Inc.",Primary Location,Waiting Vendor,Medium,Email,2.0,"Moore, James",IT:Technician II,IT:Level II,SW:Internal,,,"Hewitt Associates, Inc. - Block Hour",IT:Premium SLA,2026-02-18 20:00:00,"Administrator, Autotask",,2026-02-26 11:00:00,2026-02-18 20:00:00,,,False,2,2.0,False,,,0.0,183.0,,6,16,Email bouncing back to external clients Several external clients report emails to our sales team are bouncing back with a 550 error.,2026,2,18,20,2,8,False,False,Evening,False,True,False,False,2,True,True,False,True,132,False,False,False,True,False,False,False,SW,IT,IT,Medium,Expanded,2.0,8.0,2,False,False,False,True,974.31,487.15,True,Critical,,False,
T20260214.0001,Internet speed slow at branch office,Branch office staff reporting significantly slower internet speeds since last week. ISP says no issues on their end.,"Hewitt Associates, Inc.",Primary Location,Waiting Vendor,Low,Email,2.0,"Miller, Susan",SW:Support II,IT:Level II,IT:Change,,,"Hewitt Associates, Inc. - Block Hour",IT:Premium SLA,2026-02-14 20:00:00,"Administrator, Autotask",,2026-02-23 11:00:00,2026-02-14 20:00:00,,,False,1,2.0,False,,,0.0,207.0,,6,18,Internet speed slow at branch office Branch office staff reporting significantly slower internet speeds since last week. ISP says no issues on their end.,2026,2,14,20,5,7,True,False,Evening,True,False,False,False,1,True,True,False,True,153,False,False,False,False,False,False,False,IT,IT,SW,Service Request,Expanded,24.0,24.0,1,False,True,False,True,1070.31,44.6,True,Critical,,False,
T20260107.0001,Need access to CRM application,Sales rep needs access provisioned to the Salesforce CRM. Manager has approved the request.,"Hewitt Associates, Inc.",Primary Location,Waiting Vendor,Medium,Email,2.0,"Anderson, Scott",IT:Service Manager,IT:Level II,IT:Change,,,"Hewitt Associates, Inc. - Block Hour",IT:Premium SLA,2026-01-07 18:30:00,"Administrator, Autotask",,2026-01-15 11:00:00,2026-01-07 18:30:00,,,False,2,2.0,False,,,0.0,184.5,,5,14,Need access to CRM application Sales rep needs access provisioned to the Salesforce CRM. Manager has approved the request.,2026,1,7,18,2,2,False,False,Evening,False,True,False,False,2,True,True,False,True,122,False,False,False,False,False,True,False,IT,IT,IT,Service Request,Expanded,24.0,24.0,1,False,True,False,True,1983.81,82.66,True,Critical,,False,
T20260212.0005,Zoom meeting room setup,Need to configure the new conference room TV and camera system for Zoom Rooms integration.,"Hewitt Associates, Inc.",Primary Location,Waiting Vendor,Medium,Email,2.0,"Anderson, Scott",IT:Service Manager,IT:Level II,IT:Change,,,"Hewitt Associates, Inc. - Block Hour",IT:Premium SLA,2026-02-12 01:00:00,"Administrator, Autotask",,2026-02-19 11:00:00,2026-02-12 01:00:00,,,False,2,2.0,False,,,0.0,178.0,,4,15,Zoom meeting room setup Need to configure the new conference room TV and camera system for Zoom Rooms integration.,2026,2,12,1,3,7,False,False,Overnight,False,True,False,False,2,True,True,False,True,114,False,False,False,False,False,False,False,IT,IT,IT,Service Request,Expanded,24.0,24.0,1,False,True,False,True,1137.31,47.39,True,Critical,,False,
T20251206.0001,QuickBooks not launching after update,QuickBooks Desktop crashes immediately on launch after the latest update was applied overnight.,"Hewitt Associates, Inc.",Primary Location,Waiting Approval,Medium,Email,2.0,"Anderson, Scott",IT:Service Manager,IT:Level I,SW:Defect,,,"Hewitt Associates, Inc. - Block Hour",IT:Premium SLA,2025-12-06 19:00:00,"Administrator, Autotask",,2025-12-15 11:00:00,2025-12-06 19:00:00,,,False,2,2.0,False,,,0.0,208.0,,5,13,QuickBooks not launching after update QuickBooks Desktop crashes immediately on launch after the latest update was applied overnight.,2025,12,6,19,5,49,True,False,Evening,False,True,False,False,2,True,True,False,True,133,False,False,False,False,False,False,True,SW,IT,IT,Maintenance,Expanded,24.0,24.0,1,False,False,True,True,2751.31,114.64,True,Critical,,False,
T20260220.0002,File recovery request,User accidentally deleted a folder from the shared drive and needs it restored from backup.,"Hewitt Associates, Inc.",Primary Location,Waiting Approval,High,Email,2.0,"Taylor, Mark",IT:Technician II,IT:Change Requests,SW:Change,,,"Hewitt Associates, Inc. - Block Hour",IT:Premium SLA,2026-02-20 02:00:00,"Administrator, Autotask",,2026-02-27 11:00:00,2026-02-20 02:00:00,,,False,3,2.0,False,,,0.0,177.0,,3,15,File recovery request User accidentally deleted a folder from the shared drive and needs it restored from backup.,2026,2,20,2,4,8,False,False,Overnight,False,False,True,False,3,True,True,False,True,113,False,True,False,False,False,False,False,SW,IT,IT,Service Request,Expanded,24.0,24.0,1,False,True,False,True,944.31,39.35,True,Critical,,False,
T20251207.0002,Server room temperature alert,Environmental monitoring system triggered a high-temperature alert in the server room. HVAC may be malfunctioning.,"Hewitt Associates, Inc.",Primary Location,Waiting Approval,Medium,Email,2.0,"Moore, James",IT:Technician II,IT:Level I,Triage,,,"Hewitt Associates, Inc. - Block Hour",IT:Premium SLA,2025-12-07 20:00:00,"Administrator, Autotask",,2025-12-15 11:00:00,2025-12-07 20:00:00,,,False,2,2.0,False,,,0.0,183.0,,4,15,Server room temperature alert Environmental monitoring system triggered a high-temperature alert in the server room. HVAC may be malfunctioning.,2025,12,7,20,6,49,True,False,Evening,False,True,False,False,2,True,True,False,True,144,True,False,False,False,False,False,False,Triage,IT,IT,Medium,Expanded,2.0,8.0,2,False,False,False,True,2726.31,1363.15,True,Critical,,False,
T20260217.0004,Shared drive access denied,User in Accounting cannot access the shared S: drive. Permissions appear correct in AD but access is still denied.,"Hewitt Associates, Inc.",Primary Location,Waiting Approval,Critical,Email,2.0,"Miller, Susan",SW:Support II,IT:Level II,IT:Hardware,,,"Hewitt Associates, Inc. - Block Hour",IT:Premium SLA,2026-02-17 06:30:00,"Administrator, Autotask",,2026-02-24 11:00:00,2026-02-17 06:30:00,,,False,4,2.0,False,,,0.0,172.5,,4,19,Shared drive access denied User in Accounting cannot access the shared S: drive. Permissions appear correct in AD but access is still denied.,2026,2,17,6,1,8,False,False,Morning,False,False,False,True,4,True,True,False,True,141,False,False,False,False,False,True,False,IT,IT,SW,High,Expanded,0.25,4.0,4,True,False,False,True,1011.81,4047.23,True,Critical,,False,
T20251213.0003,VPN connection drops intermittently,"Remote employee experiences frequent VPN disconnections throughout the day, disrupting access to internal resources.","Hewitt Associates, Inc.",Primary Location,Waiting Approval,Critical,Email,2.0,"Anderson, Scott",IT:Service Manager,IT:Change Requests,SW:Support,,,"Hewitt Associates, Inc. - Block Hour",IT:Premium SLA,2025-12-13 14:30:00,"Administrator, Autotask",,2025-12-22 11:00:00,2025-12-13 14:30:00,,,False,4,2.0,False,,,0.0,212.5,,4,14,"VPN connection drops intermittently Remote employee experiences frequent VPN disconnections throughout the day, disrupting access to internal resources.",2025,12,13,14,5,50,True,False,Afternoon,False,False,False,True,4,True,True,False,True,152,False,False,True,False,False,True,False,SW,IT,IT,Service Request,Expanded,24.0,24.0,1,False,True,False,True,2587.81,107.83,True,Critical,,False,
T20251209.0004,Need access to CRM application,Sales rep needs access provisioned to the Salesforce CRM. Manager has approved the request.,"Hewitt Associates, Inc.",Primary Location,Waiting Approval,Critical,Email,2.0,"Miller, Susan",SW:Support II,IT:Level I,Triage,,,"Hewitt Associates, Inc. - Block Hour",IT:Premium SLA,2025-12-09 14:30:00,"Administrator, Autotask",,2025-12-17 08:30:00,2025-12-09 14:30:00,,,False,4,2.0,False,,,0.0,186.0,,5,14,Need access to CRM application Sales rep needs access provisioned to the Salesforce CRM. Manager has approved the request.,2025,12,9,14,1,50,False,True,Afternoon,False,False,False,True,4,True,True,False,True,122,False,False,False,False,False,True,False,Triage,IT,SW,Service Request,Standard,24.0,24.0,1,False,True,False,True,2683.81,111.83,True,Critical,,False,
T20260116.0005,OneDrive sync errors,User getting persistent sync conflict errors in OneDrive. Several files showing duplicate versions.,"Hewitt Associates, Inc.",Primary Location,Waiting Approval,High,Email,2.0,"Taylor, Mark",IT:Technician II,IT:Change Requests,SW:Support,,,"Hewitt Associates, Inc. - Block Hour",IT:Premium SLA,2026-01-16 18:30:00,"Administrator, Autotask",,2026-01-26 11:00:00,2026-01-16 18:30:00,,,False,3,2.0,False,,,0.0,232.5,,3,13,OneDrive sync errors User getting persistent sync conflict errors in OneDrive. Several files showing duplicate versions.,2026,1,16,18,4,3,False,False,Evening,False,False,True,False,3,True,True,False,True,120,False,False,False,False,False,False,False,SW,IT,IT,Service Request,Expanded,24.0,24.0,1,False,True,False,True,1767.81,73.66,True,Critical,,False,
T20120602.0001,Ensure that image is being backed up,Check the server to make sure the image is being backed up to the external drive,"Hewitt Associates, Inc.",,Waiting Dispatch,Medium,In Person/Onsite,3.0,"Moore, James",IT:Technician II,IT:Level I,IT:Applications,,IT:Remote (Billable),"Hewitt Associates, Inc. - Block Hour",,2012-06-15 20:00:00,"Administrator, Autotask",,2012-06-25 11:00:00,2012-06-16 20:00:00,,,True,2,3.0,False,,,1440.0,231.0,,7,16,Ensure that image is being backed up Check the server to make sure the image is being backed up to the external drive,2012,6,15,20,4,24,False,False,Evening,False,True,False,False,2,True,True,False,True,117,True,False,False,False,False,False,False,IT,IT,IT,Medium,Expanded,2.0,8.0,2,False,False,False,False,120878.31,60439.15,True,Critical,,False,
T20251226.0002,Suspicious phishing email reported,Employee forwarded a suspicious email claiming to be from IT asking for credentials. Needs investigation.,"Hewitt Associates, Inc.",Primary Location,Waiting Dispatch,Low,Email,2.0,"Anderson, Scott",IT:Service Manager,IT:Level II,SW:Defect,,,"Hewitt Associates, Inc. - Block Hour",IT:Premium SLA,2025-12-26 15:00:00,"Administrator, Autotask",,2026-01-05 09:00:00,2025-12-26 15:00:00,,,False,1,2.0,False,,,0.0,234.0,,4,15,Suspicious phishing email reported Employee forwarded a suspicious email claiming to be from IT asking for credentials. Needs investigation.,2025,12,26,15,4,52,False,True,Afternoon,True,False,False,False,1,True,True,False,True,140,False,False,False,True,False,False,False,SW,IT,IT,Low,Standard,4.0,48.0,1,False,False,False,True,2275.31,568.83,True,Critical,,False,
T20260108.0001,Need access to CRM application,Sales rep needs access provisioned to the Salesforce CRM. Manager has approved the request.,"Hewitt Associates, Inc.",Primary Location,Waiting Dispatch,High,Email,2.0,"Taylor, Mark",IT:Technician II,Triage,SW:Internal,,,"Hewitt Associates, Inc. - Block Hour",IT:Premium SLA,2026-01-08 07:30:00,"Administrator, Autotask",,2026-01-15 11:00:00,2026-01-08 07:30:00,,,False,3,2.0,False,,,0.0,171.5,,5,14,Need access to CRM application Sales rep needs access provisioned to the Salesforce CRM. Manager has approved the request.,2026,1,8,7,3,2,False,False,Morning,False,False,True,False,3,True,True,False,True,122,False,False,False,False,False,True,False,SW,Triage,IT,Service Request,Expanded,24.0,24.0,1,False,True,False,True,1970.81,82.12,True,Critical,,False,
T20260116.0003,Outlook not syncing emails,User reports Outlook on their workstation is not syncing new emails. Restarting the application did not resolve the issue.,"Hewitt Associates, Inc.",Primary Location,Waiting Dispatch,High,Email,2.0,"Taylor, Mark",IT:Technician II,IT:Level II,IT:Hardware,,,"Hewitt Associates, Inc. - Block Hour",IT:Premium SLA,2026-01-16 03:30:00,"Administrator, Autotask",,2026-01-23 11:00:00,2026-01-16 03:30:00,,,False,3,2.0,False,,,0.0,175.5,,4,19,Outlook not syncing emails User reports Outlook on their workstation is not syncing new emails. Restarting the application did not resolve the issue.,2026,1,16,3,4,3,False,False,Overnight,False,False,True,False,3,True,True,False,True,149,False,False,False,True,False,False,False,IT,IT,IT,High,Expanded,0.25,4.0,4,True,False,False,True,1782.81,7131.23,True,Critical,,False,
T20260218.0002,Network printer offline,The Ricoh copier/printer in the main office shows offline status for all users. Physical device appears powered on.,"Hewitt Associates, Inc.",Primary Location,Waiting Dispatch,Low,Email,2.0,"Moore, James",IT:Technician II,IT:Level II,SW:Change,,,"Hewitt Associates, Inc. - Block Hour",IT:Premium SLA,2026-02-18 00:30:00,"Administrator, Autotask",,2026-02-25 11:00:00,2026-02-18 00:30:00,,,False,1,2.0,False,,,0.0,178.5,,3,18,Network printer offline The Ricoh copier/printer in the main office shows offline status for all users. Physical device appears powered on.,2026,2,18,0,2,8,False,False,Overnight,True,False,False,False,1,True,True,False,True,139,False,False,False,False,True,False,False,SW,IT,IT,Service Request,Expanded,24.0,24.0,1,False,True,False,True,993.81,41.41,True,Critical,,False,
T20260120.0002,VPN connection drops intermittently,"Remote employee experiences frequent VPN disconnections throughout the day, disrupting access to internal resources.","Hewitt Associates, Inc.",Primary Location,Waiting Dispatch,Critical,Email,2.0,"Anderson, Scott",IT:Service Manager,IT:Level I,SW:Internal,,,"Hewitt Associates, Inc. - Block Hour",IT:Premium SLA,2026-01-20 16:30:00,"Administrator, Autotask",,2026-01-28 10:30:00,2026-01-20 16:30:00,,,False,4,2.0,False,,,0.0,186.0,,4,14,"VPN connection drops intermittently Remote employee experiences frequent VPN disconnections throughout the day, disrupting access to internal resources.",2026,1,20,16,1,4,False,True,Afternoon,False,False,False,True,4,True,True,False,True,152,False,False,True,False,False,True,False,SW,IT,IT,High,Standard,0.25,4.0,4,True,False,False,True,1673.81,6695.23,True,Critical,,False,
T20260227.0004,Network printer offline,The Ricoh copier/printer in the main office shows offline status for all users. Physical device appears powered on.,"Hewitt Associates, Inc.",Primary Location,Waiting Dispatch,High,Email,2.0,"Taylor, Mark",IT:Technician II,IT:Change Requests,IT:Change,,,"Hewitt Associates, Inc. - Block Hour",IT:Premium SLA,2026-02-27 00:30:00,"Administrator, Autotask",,2026-03-06 11:00:00,2026-02-27 00:30:00,,,False,3,2.0,False,,,0.0,178.5,,3,18,Network printer offline The Ricoh copier/printer in the main office shows offline status for all users. Physical device appears powered on.,2026,2,27,0,4,9,False,False,Overnight,False,False,True,False,3,True,True,False,True,139,False,False,False,False,True,False,False,IT,IT,IT,Service Request,Expanded,24.0,24.0,1,False,True,False,True,777.81,32.41,True,Critical,,False,
T20260124.0001,Monitor flickering on docking station,User's external monitor flickers when connected via USB-C docking station. Works fine with direct HDMI connection.,"Hewitt Associates, Inc.",Primary Location,Waiting Dispatch,Critical,Email,2.0,"Anderson, Scott",IT:Service Manager,Triage,Triage,,,"Hewitt Associates, Inc. - Block Hour",IT:Premium SLA,2026-01-24 10:00:00,"Administrator, Autotask",,2026-02-02 11:00:00,2026-01-24 10:00:00,,,False,4,2.0,False,,,0.0,217.0,,5,16,Monitor flickering on docking station User's external monitor flickers when connected via USB-C docking station. Works fine with direct HDMI connection.,2026,1,24,10,5,4,True,False,Morning,False,False,False,True,4,True,True,False,True,152,False,False,False,False,False,False,False,Triage,Triage,IT,High,Expanded,0.25,4.0,4,True,False,False,True,1584.31,6337.23,True,Critical,,False,
T20260122.0003,Suspicious phishing email reported,Employee forwarded a suspicious email claiming to be from IT asking for credentials. Needs investigation.,"Hewitt Associates, Inc.",Primary Location,Waiting Dispatch,High,Email,2.0,"Taylor, Mark",IT:Technician II,IT:Level I,IT:Hardware,,,"Hewitt Associates, Inc. - Block Hour",IT:Premium SLA,2026-01-22 10:00:00,"Administrator, Autotask",,2026-01-29 13:00:00,2026-01-22 10:00:00,,,False,3,2.0,False,,,0.0,171.0,,4,15,Suspicious phishing email reported Employee forwarded a suspicious email claiming to be from IT asking for credentials. Needs investigation.,2026,1,22,10,3,4,False,True,Morning,False,False,True,False,3,True,True,False,True,140,False,False,False,True,False,False,False,IT,IT,IT,High,Standard,0.25,4.0,4,True,False,False,True,1632.31,6529.23,True,Critical,,False,
T20260221.0002,Printer jamming on 2nd floor,The shared HP LaserJet on the 2nd floor is consistently jamming when printing duplex jobs. Paper tray has been checked.,"Hewitt Associates, Inc.",Primary Location,Waiting Dispatch,Critical,Email,2.0,"Moore, James",IT:Technician II,IT:Level II,SW:Internal,,,"Hewitt Associates, Inc. - Block Hour",IT:Premium SLA,2026-02-21 19:30:00,"Administrator, Autotask",,2026-03-02 11:00:00,2026-02-21 19:30:00,,,False,4,2.0,False,,,0.0,207.5,,5,20,Printer jamming on 2nd floor The shared HP LaserJet on the 2nd floor is consistently jamming when printing duplex jobs. Paper tray has been checked.,2026,2,21,19,5,8,True,False,Evening,False,False,False,True,4,True,True,False,True,148,False,False,False,False,True,False,False,SW,IT,IT,High,Expanded,0.25,4.0,4,True,False,False,True,902.81,3611.23,True,Critical,,False,
T20260127.0002,Software license expired for Adobe Acrobat,Adobe Acrobat Pro license has expired for the Marketing department. Three users unable to edit PDFs.,"Hewitt Associates, Inc.",Primary Location,Waiting Dispatch,Critical,Email,2.0,"Moore, James",IT:Technician II,IT:Level II,SW:Defect,,,"Hewitt Associates, Inc. - Block Hour",IT:Premium SLA,2026-01-27 01:00:00,"Administrator, Autotask",,2026-02-03 11:00:00,2026-01-27 01:00:00,,,False,4,2.0,False,,,0.0,178.0,,6,16,Software license expired for Adobe Acrobat Adobe Acrobat Pro license has expired for the Marketing department. Three users unable to edit PDFs.,2026,1,27,1,1,5,False,False,Overnight,False,False,False,True,4,True,True,False,True,143,False,False,False,False,False,False,False,SW,IT,IT,Service Request,Expanded,24.0,24.0,1,False,True,False,True,1521.31,63.39,True,Critical,,False,
T20260116.0004,Password reset request,Employee locked out of their account after multiple failed login attempts. Requesting password reset and account unlock.,"Hewitt Associates, Inc.",Primary Location,Waiting Dispatch,Medium,Email,2.0,"Moore, James",IT:Technician II,Triage,Triage,,,"Hewitt Associates, Inc. - Block Hour",IT:Premium SLA,2026-01-16 02:00:00,"Administrator, Autotask",,2026-01-23 11:00:00,2026-01-16 02:00:00,,,False,2,2.0,False,,,0.0,177.0,,3,17,Password reset request Employee locked out of their account after multiple failed login attempts. Requesting password reset and account unlock.,2026,1,16,2,4,3,False,False,Overnight,False,True,False,False,2,True,True,False,True,143,False,False,False,False,False,False,False,Triage,Triage,IT,Service Request,Expanded,24.0,24.0,1,False,True,False,True,1784.31,74.35,True,Critical,,False,
T20260212.0004,MFA not working on mobile device,User replaced their phone and can no longer receive MFA push notifications. Needs MFA token re-enrolled.,"Hewitt Associates, Inc.",Primary Location,Waiting Dispatch,Critical,Email,2.0,"Miller, Susan",SW:Support II,Triage,SW:Support,,,"Hewitt Associates, Inc. - Block Hour",IT:Premium SLA,2026-02-12 06:00:00,"Administrator, Autotask",,2026-02-19 11:00:00,2026-02-12 06:00:00,,,False,4,2.0,False,,,0.0,173.0,,6,16,MFA not working on mobile device User replaced their phone and can no longer receive MFA push notifications. Needs MFA token re-enrolled.,2026,2,12,6,3,7,False,False,Morning,False,False,False,True,4,True,True,False,True,137,False,False,False,False,False,False,False,SW,Triage,SW,High,Expanded,0.25,4.0,4,True,False,False,True,1132.31,4529.23,True,Critical,,False,
T20260223.0004,Network printer offline,The Ricoh copier/printer in the main office shows offline status for all users. Physical device appears powered on.,"Hewitt Associates, Inc.",Primary Location,Waiting Dispatch,Low,Email,2.0,"Taylor, Mark",IT:Technician II,IT:Level II,Triage,,,"Hewitt Associates, Inc. - Block Hour",IT:Premium SLA,2026-02-23 14:00:00,"Administrator, Autotask",,2026-03-02 17:00:00,2026-02-23 14:00:00,,,False,1,2.0,False,,,0.0,171.0,,3,18,Network printer offline The Ricoh copier/printer in the main office shows offline status for all users. Physical device appears powered on.,2026,2,23,14,0,9,False,True,Afternoon,True,False,False,False,1,True,True,False,True,139,False,False,False,False,True,False,False,Triage,IT,IT,Low,Standard,4.0,48.0,1,False,False,False,True,860.31,215.08,True,Critical,,False,
T20120603.0002,Weekly backup is still not working.,Can you come take a look at our backup? Once again The weekly backups are not working.,Integrated Providers,,Escalate,High,Email,2.0,"Moore, James",IT:Technician II,IT:Level II,IT:Applications,Other,IT:Onsite (Billable),Integrated Providers-Time and Materials,,2012-06-16 20:00:00,"Administrator, Autotask",,2012-06-18 20:00:00,2012-06-17 20:00:00,,,True,3,2.0,False,,,1440.0,48.0,,6,17,Weekly backup is still not working. Can you come take a look at our backup? Once again The weekly backups are not working.,2012,6,16,20,5,24,True,False,Evening,False,False,True,False,3,True,False,False,True,122,False,True,False,False,False,False,False,IT,IT,IT,High,Expanded,0.25,4.0,4,True,False,False,False,120854.31,483417.23,True,Critical,,False,
T20120601.0002,Front Desk machine needs rebuilding.,Blue Screen of Death.,Integrated Providers,,Waiting Vendor,Critical,Client Portal,5.0,"Moore, James",IT:Technician II,IT:Level I,IT:Hardware,Desktop-Laptop,IT:Emergency (Billable),Integrated Providers-Time and Materials,,2012-06-14 20:00:00,"Administrator, Autotask",,2012-06-20 20:00:00,2012-06-15 20:00:00,,,True,4,5.0,False,,,1440.0,144.0,,5,4,Front Desk machine needs rebuilding. Blue Screen of Death.,2012,6,14,20,3,24,False,False,Evening,False,False,False,True,4,True,True,False,True,58,False,False,False,False,False,False,False,IT,IT,IT,High,Expanded,0.25,4.0,4,True,False,False,False,120902.31,483609.23,True,Critical,,False,
T20260304.0002,teams display gone,display not visible,Microsoft,Primary Location,New,High,Client Portal,3.0,"Moore, James",IT:Technician II,IT:Change Requests,SW:Internal,Design,IT:Emergency (Billable),,IT:Premium SLA,2026-03-04 23:28:00,"Siddabhaktuni, Sameer",,2026-03-12 11:00:00,2026-03-04 23:28:00,,,False,3,3.0,False,,,0.0,179.53,,3,3,teams display gone display not visible,2026,3,4,23,2,10,False,False,Late Night,False,False,True,False,3,True,False,False,True,38,False,False,False,False,False,False,False,SW,IT,IT,Service Request,Expanded,24.0,24.0,1,False,True,False,True,634.84,26.45,True,Critical,,False,
T20120604.0006,SQL Job cleanup log files,SQL Job cleanup log files,PartnerDemo2025.10.23(Entegria Systems),,New,Medium,Internal,1.0,"Smith, Matthew",SW:Developer II,SW:Internal,SW:Internal,Technology,SW:Internal,,,2012-06-17 20:00:00,"Administrator, Autotask",,2012-06-21 20:00:00,2012-06-18 20:00:00,,,True,2,1.0,False,,,1440.0,96.0,,5,5,SQL Job cleanup log files SQL Job cleanup log files,2012,6,17,20,6,24,True,False,Evening,False,True,False,False,2,True,False,False,True,51,False,False,False,False,False,False,False,SW,SW,SW,Medium,Expanded,2.0,8.0,2,False,False,False,False,120830.31,60415.15,True,Critical,,False,
T20120604.0005,Server crashed after new software build,After new build was applied server was unable to boot,PartnerDemo2025.10.23(Entegria Systems),,Waiting Customer,Medium,Monitoring Alert,2.0,"Williams, Steve",SW:QA II,SW:Internal,SW:Internal,Technology,SW:Internal,,,2012-06-17 20:00:00,"Administrator, Autotask",,2012-06-19 20:00:00,2012-06-18 20:00:00,,,True,2,2.0,False,,,1440.0,48.0,,6,10,Server crashed after new software build After new build was applied server was unable to boot,2012,6,17,20,6,24,True,False,Evening,False,True,False,False,2,True,True,False,True,93,True,False,False,False,False,False,False,SW,SW,SW,Medium,Expanded,2.0,8.0,2,False,False,False,False,120830.31,60415.15,True,Critical,,False,
T20120603.0001,Web server crashing after build 24325,Web server crashing after build 24325,PartnerDemo2025.10.23(Entegria Systems),,Escalate,Critical,Monitoring Alert,2.0,"Johnson, Allison",SW:Developer I,SW:Internal,SW:Internal,Technology,SW:Internal,,,2012-06-16 20:00:00,"Administrator, Autotask",,2012-06-18 20:00:00,2012-06-17 20:00:00,,,True,4,2.0,False,,,1440.0,48.0,,6,6,Web server crashing after build 24325 Web server crashing after build 24325,2012,6,16,20,5,24,True,False,Evening,False,False,False,True,4,True,False,False,True,75,True,False,False,False,False,False,False,SW,SW,SW,High,Expanded,0.25,4.0,4,True,False,False,False,120854.31,483417.23,True,Critical,,False,
T20120601.0001,Security access change - Firewall,Security access change - Firewall,PartnerDemo2025.10.23(Entegria Systems),,Waiting Approval,High,Internal,2.0,"Brown, Michael",Exec. Management,SW:Internal,SW:Change,Security,SW:Internal,,,2012-06-14 20:00:00,"Administrator, Autotask",,2012-06-19 20:00:00,2012-06-15 20:00:00,,,True,3,2.0,False,,,1440.0,120.0,,5,5,Security access change - Firewall Security access change - Firewall,2012,6,14,20,3,24,False,False,Evening,False,False,True,False,3,True,True,False,True,67,False,False,False,False,False,True,False,SW,SW,Exec. Management,Service Request,Expanded,24.0,24.0,1,False,True,False,True,120902.31,5037.6,True,Critical,,False,
