ticket_id,title,description,account,location,status,priority,source,estimated_hours,primary_resource,role,queue,issue_type,sub_issue_type,work_type,contract_name,sla,created_at,created_by,completed_at,due_at,first_response_at,resolution,completed_by,is_legacy,priority_numeric,estimated_hours_clean,is_completed,resolution_hours,resolution_days,first_response_minutes,hours_until_due,hours_past_due,title_word_count,description_word_count,ticket_text
T20120604.0001,Alert: ABLE Manufacturing HQ Server Connectivity Failed,Customer: ABLE Manufacturing HQ Device: Server- 192.168.10.10 Service: Connectivity State Transition: From Indeterminate To Failed Time Of State Transition: 14:11:27.207469-05 Probe(s): Appliance #1: 192.168.10.5 Scandetails: Packet Loss (%): 100 Time To Live (hops): 0 Average Round Trip Time (ms): 0 Notification: 1 Notification Activated: 14:11:48.030423-05 Notification Sent: 14:12:05.615903-05,ABLE Manufacturing HQ,,New,Critical,,0.0,"Taylor, Mark",IT:Technician II,IT:Level II,IT:Hardware,Server,IT:Emergency (Non-Billable),,,2012-06-18 07:54:00,"Administrator, Autotask",,2012-06-19 07:54:00,2012-06-18 07:54:00,,,True,4,,False,,,0.0,24.0,,7,48,Alert: ABLE Manufacturing HQ Server Connectivity Failed Customer: ABLE Manufacturing HQ Device: Server- 192.168.10.10 Service: Connectivity State Transition: From Indeterminate To Failed Time Of State Transition: 14:11:27.207469-05 Probe(s): Appliance #1: 192.168.10.5 Scandetails: Packet Loss (%): 100 Time To Live (hops): 0 Average Round Trip Time (ms): 0 Notification: 1 Notification Activated: 14:11:48.030423-05 Notification Sent: 14:12:05.615903-05
T20120604.0009,Request for Help,Request for Help,ABLE Manufacturing HQ,,New,Medium,Email,2.0,,,Triage,Triage,,0:Triage,Able Manufacturing - Recurring Service,,2012-06-17 20:00:00,"Administrator, Autotask",,2012-06-25 11:00:00,2012-06-18 20:00:00,,,True,2,2.0,False,,,1440.0,183.0,,3,3,Request for Help Request for Help
T20260226.0001,Request for Tony,Request for Tony,ABLE Manufacturing HQ,Primary Location,New,Medium,Email,2.0,,,Triage,Triage,,0:Triage,Able Manufacturing - Recurring Service,IT:Premium SLA,2026-02-26 20:00:00,"Administrator, Autotask",,2026-03-06 11:00:00,2026-02-26 20:00:00,,,False,2,2.0,False,,,0.0,183.0,,3,3,Request for Tony Request for Tony
T20260226.0002,Request for Tony2,Request for Tony2,ABLE Manufacturing HQ,Primary Location,New,Medium,Email,2.0,"Taylor, Mark",IT:Technician II,IT:Level I,Triage,,0:Triage,Able Manufacturing - Recurring Service,IT:Premium SLA,2026-02-26 20:00:00,"Administrator, Autotask",,2026-03-06 11:00:00,2026-02-26 20:00:00,,,False,2,2.0,False,,,0.0,183.0,,3,3,Request for Tony2 Request for Tony2
T20251221.0001,Slow computer performance,User's workstation takes over 5 minutes to boot and applications are sluggish. Machine is 4 years old with HDD.,ABLE Manufacturing HQ,Primary Location,New,Low,Email,2.0,"Anderson, Scott",IT:Service Manager,IT:Level I,SW:Defect,,,Able Manufacturing - Recurring Service,IT:Premium SLA,2025-12-21 01:00:00,"Administrator, Autotask",,2025-12-29 11:00:00,2025-12-21 01:00:00,,,False,1,2.0,False,,,0.0,202.0,,3,19,Slow computer performance User's workstation takes over 5 minutes to boot and applications are sluggish. Machine is 4 years old with HDD.
T20260226.0003,Request for Tony2,Request for Tony2,ABLE Manufacturing HQ,Primary Location,New,Medium,Email,2.0,"Taylor, Mark",IT:Technician II,IT:Level I,Triage,,,Able Manufacturing - Recurring Service,IT:Premium SLA,2026-02-26 20:00:00,"Administrator, Autotask",,2026-03-06 11:00:00,2026-02-26 20:00:00,,,False,2,2.0,False,,,0.0,183.0,,3,3,Request for Tony2 Request for Tony2
T20260106.0001,MFA not working on mobile device,User replaced their phone and can no longer receive MFA push notifications. Needs MFA token re-enrolled.,ABLE Manufacturing HQ,Primary Location,New,High,Email,2.0,"Moore, James",IT:Technician II,IT:Level I,IT:Hardware,,,Able Manufacturing - Recurring Service,IT:Premium SLA,2026-01-06 17:00:00,"Administrator, Autotask",,2026-01-14 11:00:00,2026-01-06 17:00:00,,,False,3,2.0,False,,,0.0,186.0,,6,16,MFA not working on mobile device User replaced their phone and can no longer receive MFA push notifications. Needs MFA token re-enrolled.
T20251219.0001,Password reset request,Employee locked out of their account after multiple failed login attempts. Requesting password reset and account unlock.,ABLE Manufacturing HQ,Primary Location,New,High,Email,2.0,"Taylor, Mark",IT:Technician II,IT:Level I,SW:Change,,,Able Manufacturing - Recurring Service,IT:Premium SLA,2025-12-19 16:00:00,"Administrator, Autotask",,2025-12-29 10:00:00,2025-12-19 16:00:00,,,False,3,2.0,False,,,0.0,234.0,,3,17,Password reset request Employee locked out of their account after multiple failed login attempts. Requesting password reset and account unlock.
T20260208.0002,File recovery request,User accidentally deleted a folder from the shared drive and needs it restored from backup.,ABLE Manufacturing HQ,Primary Location,New,Critical,Email,2.0,"Anderson, Scott",IT:Service Manager,Triage,Triage,,,Able Manufacturing - Recurring Service,IT:Premium SLA,2026-02-08 19:00:00,"Administrator, Autotask",,2026-02-16 11:00:00,2026-02-08 19:00:00,,,False,4,2.0,False,,,0.0,184.0,,3,15,File recovery request User accidentally deleted a folder from the shared drive and needs it restored from backup.
T20251229.0001,Software license expired for Adobe Acrobat,Adobe Acrobat Pro license has expired for the Marketing department. Three users unable to edit PDFs.,ABLE Manufacturing HQ,Primary Location,New,Medium,Email,2.0,"Taylor, Mark",IT:Technician II,IT:Change Requests,IT:Change,,,Able Manufacturing - Recurring Service,IT:Premium SLA,2025-12-29 11:00:00,"Administrator, Autotask",,2026-01-05 14:00:00,2025-12-29 11:00:00,,,False,2,2.0,False,,,0.0,171.0,,6,16,Software license expired for Adobe Acrobat Adobe Acrobat Pro license has expired for the Marketing department. Three users unable to edit PDFs.
T20260217.0002,MFA not working on mobile device,User replaced their phone and can no longer receive MFA push notifications. Needs MFA token re-enrolled.,ABLE Manufacturing HQ,Primary Location,New,High,Email,2.0,"Taylor, Mark",IT:Technician II,IT:Level I,SW:Change,,,Able Manufacturing - Recurring Service,IT:Premium SLA,2026-02-17 07:00:00,"Administrator, Autotask",,2026-02-24 11:00:00,2026-02-17 07:00:00,,,False,3,2.0,False,,,0.0,172.0,,6,16,MFA not working on mobile device User replaced their phone and can no longer receive MFA push notifications. Needs MFA token re-enrolled.
T20251204.0001,Shared drive access denied,User in Accounting cannot access the shared S: drive. Permissions appear correct in AD but access is still denied.,ABLE Manufacturing HQ,Primary Location,New,Low,Email,2.0,"Moore, James",IT:Technician II,Triage,IT:Change,,,Able Manufacturing - Recurring Service,IT:Premium SLA,2025-12-04 17:00:00,"Administrator, Autotask",,2025-12-12 11:00:00,2025-12-04 17:00:00,,,False,1,2.0,False,,,0.0,186.0,,4,19,Shared drive access denied User in Accounting cannot access the shared S: drive. Permissions appear correct in AD but access is still denied.
T20260213.0002,VPN connection drops intermittently,"Remote employee experiences frequent VPN disconnections throughout the day, disrupting access to internal resources.",ABLE Manufacturing HQ,Primary Location,New,Low,Email,2.0,"Moore, James",IT:Technician II,Triage,SW:Defect,,,Able Manufacturing - Recurring Service,IT:Premium SLA,2026-02-13 16:30:00,"Administrator, Autotask",,2026-02-23 10:30:00,2026-02-13 16:30:00,,,False,1,2.0,False,,,0.0,234.0,,4,14,"VPN connection drops intermittently Remote employee experiences frequent VPN disconnections throughout the day, disrupting access to internal resources."
T20251210.0001,Desk phone not receiving calls,User's VoIP desk phone rings but no audio when answered. Other phones on the same switch work fine.,ABLE Manufacturing HQ,Primary Location,New,Critical,Email,2.0,"Anderson, Scott",IT:Service Manager,IT:Level II,IT:Change,,,Able Manufacturing - Recurring Service,IT:Premium SLA,2025-12-10 17:00:00,"Administrator, Autotask",,2025-12-18 11:00:00,2025-12-10 17:00:00,,,False,4,2.0,False,,,0.0,186.0,,5,18,Desk phone not receiving calls User's VoIP desk phone rings but no audio when answered. Other phones on the same switch work fine.
T20260116.0002,Network printer offline,The Ricoh copier/printer in the main office shows offline status for all users. Physical device appears powered on.,ABLE Manufacturing HQ,Primary Location,New,Low,Email,2.0,"Moore, James",IT:Technician II,IT:Level II,IT:Hardware,,,Able Manufacturing - Recurring Service,IT:Premium SLA,2026-01-16 23:30:00,"Administrator, Autotask",,2026-01-26 11:00:00,2026-01-16 23:30:00,,,False,1,2.0,False,,,0.0,227.5,,3,18,Network printer offline The Ricoh copier/printer in the main office shows offline status for all users. Physical device appears powered on.
T20260223.0003,VPN connection drops intermittently,"Remote employee experiences frequent VPN disconnections throughout the day, disrupting access to internal resources.",ABLE Manufacturing HQ,Primary Location,New,Medium,Email,2.0,"Moore, James",IT:Technician II,IT:Level I,SW:Change,,,Able Manufacturing - Recurring Service,IT:Premium SLA,2026-02-23 20:30:00,"Administrator, Autotask",,2026-03-03 11:00:00,2026-02-23 20:30:00,,,False,2,2.0,False,,,0.0,182.5,,4,14,"VPN connection drops intermittently Remote employee experiences frequent VPN disconnections throughout the day, disrupting access to internal resources."
T20260105.0002,Zoom meeting room setup,Need to configure the new conference room TV and camera system for Zoom Rooms integration.,ABLE Manufacturing HQ,Primary Location,New,Low,Email,2.0,"Anderson, Scott",IT:Service Manager,Triage,IT:Applications,,,Able Manufacturing - Recurring Service,IT:Premium SLA,2026-01-05 17:30:00,"Administrator, Autotask",,2026-01-13 11:00:00,2026-01-05 17:30:00,,,False,1,2.0,False,,,0.0,185.5,,4,15,Zoom meeting room setup Need to configure the new conference room TV and camera system for Zoom Rooms integration.
T20260208.0005,Windows update causing BSOD,Two workstations experiencing Blue Screen of Death after latest Windows cumulative update was installed.,ABLE Manufacturing HQ,Primary Location,New,Medium,Email,2.0,"Miller, Susan",SW:Support II,IT:Level II,SW:Defect,,,Able Manufacturing - Recurring Service,IT:Premium SLA,2026-02-08 01:00:00,"Administrator, Autotask",,2026-02-16 11:00:00,2026-02-08 01:00:00,,,False,2,2.0,False,,,0.0,202.0,,4,14,Windows update causing BSOD Two workstations experiencing Blue Screen of Death after latest Windows cumulative update was installed.
T20260223.0002,VPN connection drops intermittently,"Remote employee experiences frequent VPN disconnections throughout the day, disrupting access to internal resources.",ABLE Manufacturing HQ,Primary Location,Complete,Medium,Email,2.0,"Moore, James",IT:Technician II,IT:Level I,SW:Change,,,Able Manufacturing - Recurring Service,IT:Premium SLA,2026-02-23 20:30:00,"Administrator, Autotask",2026-03-02 10:22:00,2026-03-03 11:00:00,2026-02-23 20:30:00,"Diagnosed intermittent VPN disconnections to a conflicting network adapter driver (Intel Wi-Fi 6 AX201) running an outdated firmware version. Updated the adapter driver to v22.260.0, disabled IPv6 on the VPN tunnel adapter, and adjusted the idle timeout setting in the GlobalProtect client from 30 minutes to 0 (disabled). Verified stable VPN connectivity over a 4-hour remote session with no drops. User confirmed issue is resolved.","Moore, James",False,2,2.0,True,157.87,6.58,0.0,182.5,,4,14,"VPN connection drops intermittently Remote employee experiences frequent VPN disconnections throughout the day, disrupting access to internal resources."
T20260102.0002,Software license expired for Adobe Acrobat,Adobe Acrobat Pro license has expired for the Marketing department. Three users unable to edit PDFs.,ABLE Manufacturing HQ,Primary Location,Complete,Low,Email,2.0,"Taylor, Mark",IT:Technician II,IT:Change Requests,SW:Defect,,,Able Manufacturing - Recurring Service,IT:Premium SLA,2026-01-02 11:30:00,"Administrator, Autotask",2026-01-07 18:30:00,2026-01-09 14:30:00,2026-01-02 11:30:00,Procured three Adobe Acrobat Pro renewal licenses through the company's volume licensing agreement. Activated licenses on all three Marketing workstations and confirmed PDF editing functionality restored.,"Taylor, Mark",False,1,2.0,True,127.0,5.29,0.0,171.0,,6,16,Software license expired for Adobe Acrobat Adobe Acrobat Pro license has expired for the Marketing department. Three users unable to edit PDFs.
T20260119.0001,Email bouncing back to external clients,Several external clients report emails to our sales team are bouncing back with a 550 error.,ABLE Manufacturing HQ,Primary Location,Complete,Critical,Email,2.0,"Moore, James",IT:Technician II,Triage,Triage,,,Able Manufacturing - Recurring Service,IT:Premium SLA,2026-01-19 13:30:00,"Administrator, Autotask",2026-01-27 16:30:00,2026-01-26 16:30:00,2026-01-19 13:30:00,Identified an expired MX record pointing to a decommissioned mail relay. Updated DNS MX records to point to the current Exchange Online endpoints. Flushed DNS cache on the domain registrar. Confirmed external email delivery restored within 30 minutes.,"Moore, James",False,4,2.0,True,195.0,8.12,0.0,171.0,24.0,6,16,Email bouncing back to external clients Several external clients report emails to our sales team are bouncing back with a 550 error.
T20251207.0003,New user account creation,"HR requests new Active Directory account, email, and standard group memberships for incoming Accounting associate.",ABLE Manufacturing HQ,Primary Location,Complete,Low,Email,2.0,"Moore, James",IT:Technician II,IT:Change Requests,SW:Defect,,,Able Manufacturing - Recurring Service,IT:Premium SLA,2025-12-07 19:00:00,"Administrator, Autotask",2025-12-09 11:30:00,2025-12-15 11:00:00,2025-12-07 19:00:00,"Created AD account with standard naming convention, added to Accounting security and distribution groups, provisioned Exchange Online mailbox, and configured OneDrive. Sent welcome credentials to the hiring manager via secure channel.","Moore, James",False,1,2.0,True,40.5,1.69,0.0,184.0,,4,15,"New user account creation HR requests new Active Directory account, email, and standard group memberships for incoming Accounting associate."
T20260110.0002,Request to install project management software,Project lead requesting installation of Monday.com desktop app on their workstation.,ABLE Manufacturing HQ,Primary Location,Complete,Low,Email,2.0,"Anderson, Scott",IT:Service Manager,IT:Level II,IT:Hardware,,,Able Manufacturing - Recurring Service,IT:Premium SLA,2026-01-10 20:00:00,"Administrator, Autotask",2026-01-12 04:30:00,2026-01-19 11:00:00,2026-01-10 20:00:00,"Installed Monday.com desktop application, configured SSO integration with company Azure AD credentials, and verified the user can access their project boards. Added the application to the approved software list.","Anderson, Scott",False,1,2.0,True,32.5,1.35,0.0,207.0,,6,11,Request to install project management software Project lead requesting installation of Monday.com desktop app on their workstation.
T20260207.0003,Outlook not syncing emails,User reports Outlook on their workstation is not syncing new emails. Restarting the application did not resolve the issue.,ABLE Manufacturing HQ,Primary Location,Complete,Medium,Email,2.0,"Anderson, Scott",IT:Service Manager,IT:Level II,SW:Internal,,,Able Manufacturing - Recurring Service,IT:Premium SLA,2026-02-07 20:00:00,"Administrator, Autotask",2026-02-14 09:30:00,2026-02-16 11:00:00,2026-02-07 20:00:00,Rebuilt the Outlook profile and cleared the local OST cache. Re-synced the mailbox from Exchange Online. Verified all folders syncing correctly and monitored for 2 hours with no recurrence.,"Anderson, Scott",False,2,2.0,True,157.5,6.56,0.0,207.0,,4,19,Outlook not syncing emails User reports Outlook on their workstation is not syncing new emails. Restarting the application did not resolve the issue.
T20260222.0006,New employee laptop setup,"New hire starting next Monday needs a laptop configured with standard software suite, email, and VPN access.",ABLE Manufacturing HQ,Primary Location,Complete,Low,Email,2.0,"Anderson, Scott",IT:Service Manager,Triage,Triage,,,Able Manufacturing - Recurring Service,IT:Premium SLA,2026-02-22 14:00:00,"Administrator, Autotask",2026-02-23 01:30:00,2026-03-02 11:00:00,2026-02-22 14:00:00,"Configured new Dell Latitude with Windows 11, joined to domain, installed standard software suite (Office 365, Teams, GlobalProtect VPN, Adobe Reader). Set up email profile and verified VPN connectivity. Laptop ready for new hire.","Anderson, Scott",False,1,2.0,True,11.5,0.48,0.0,189.0,,4,17,"New employee laptop setup New hire starting next Monday needs a laptop configured with standard software suite, email, and VPN access."
T20260206.0005,Keyboard and mouse not responding,User's wireless keyboard and mouse stopped working. New batteries did not fix the issue.,ABLE Manufacturing HQ,Primary Location,Complete,Medium,Email,2.0,"Moore, James",IT:Technician II,Triage,SW:Change,,,Able Manufacturing - Recurring Service,IT:Premium SLA,2026-02-06 20:00:00,"Administrator, Autotask",2026-02-08 23:30:00,2026-02-16 11:00:00,2026-02-06 20:00:00,"Determined the Logitech Unifying receiver had failed. Replaced the USB receiver, re-paired both the keyboard and mouse, and verified consistent input response. Provided a spare receiver to the user as backup.","Moore, James",False,2,2.0,True,51.5,2.15,0.0,231.0,,5,14,Keyboard and mouse not responding User's wireless keyboard and mouse stopped working. New batteries did not fix the issue.
T20260104.0001,MFA not working on mobile device,User replaced their phone and can no longer receive MFA push notifications. Needs MFA token re-enrolled.,ABLE Manufacturing HQ,Primary Location,Complete,High,Email,2.0,"Moore, James",IT:Technician II,IT:Change Requests,SW:Change,,,Able Manufacturing - Recurring Service,IT:Premium SLA,2026-01-04 11:00:00,"Administrator, Autotask",2026-01-09 20:30:00,2026-01-12 11:00:00,2026-01-04 11:00:00,"Revoked the old MFA token in Azure AD, re-enrolled the user's new device with Microsoft Authenticator, and verified push notifications working. Confirmed successful MFA login from both mobile and desktop.","Moore, James",False,3,2.0,True,129.5,5.4,0.0,192.0,,6,16,MFA not working on mobile device User replaced their phone and can no longer receive MFA push notifications. Needs MFA token re-enrolled.
T20260213.0003,Request for additional monitor,Department manager requesting a second monitor for their workstation to improve productivity.,ABLE Manufacturing HQ,Primary Location,Complete,Low,Email,2.0,"Taylor, Mark",IT:Technician II,IT:Change Requests,SW:Internal,,,Able Manufacturing - Recurring Service,IT:Premium SLA,2026-02-13 18:30:00,"Administrator, Autotask",2026-02-21 11:30:00,2026-02-23 11:00:00,2026-02-13 18:30:00,Deployed a 24-inch Dell monitor from inventory to the user's desk. Connected via DisplayPort through existing docking station. Configured dual-monitor extended display and adjusted resolution settings per user preference.,"Taylor, Mark",False,1,2.0,True,185.0,7.71,0.0,232.5,,4,12,Request for additional monitor Department manager requesting a second monitor for their workstation to improve productivity.
T20251222.0003,Desk phone not receiving calls,User's VoIP desk phone rings but no audio when answered. Other phones on the same switch work fine.,ABLE Manufacturing HQ,Primary Location,Complete,Medium,Email,2.0,"Miller, Susan",SW:Support II,Triage,SW:Support,,,Able Manufacturing - Recurring Service,IT:Premium SLA,2025-12-22 07:00:00,"Administrator, Autotask",2025-12-23 13:30:00,2025-12-29 11:00:00,2025-12-22 07:00:00,Found the phone's audio codec settings had been reset to a non-supported format after a firmware auto-update. Reconfigured the codec priority to G.711 and rebooted the phone. Two-way audio confirmed working on both internal and external calls.,"Miller, Susan",False,2,2.0,True,30.5,1.27,0.0,172.0,,5,18,Desk phone not receiving calls User's VoIP desk phone rings but no audio when answered. Other phones on the same switch work fine.
T20251205.0004,Outlook not syncing emails,User reports Outlook on their workstation is not syncing new emails. Restarting the application did not resolve the issue.,ABLE Manufacturing HQ,Primary Location,Complete,Medium,Email,2.0,"Anderson, Scott",IT:Service Manager,IT:Level II,SW:Support,,,Able Manufacturing - Recurring Service,IT:Premium SLA,2025-12-05 19:30:00,"Administrator, Autotask",2025-12-13 15:30:00,2025-12-15 11:00:00,2025-12-05 19:30:00,Rebuilt the Outlook profile and cleared the local OST cache. Re-synced the mailbox from Exchange Online. Verified all folders syncing correctly and monitored for 2 hours with no recurrence.,"Anderson, Scott",False,2,2.0,True,188.0,7.83,0.0,231.5,,4,19,Outlook not syncing emails User reports Outlook on their workstation is not syncing new emails. Restarting the application did not resolve the issue.
T20251209.0006,Printer jamming on 2nd floor,The shared HP LaserJet on the 2nd floor is consistently jamming when printing duplex jobs. Paper tray has been checked.,ABLE Manufacturing HQ,Primary Location,Complete,Medium,Email,2.0,"Anderson, Scott",IT:Service Manager,Triage,IT:Change,,,Able Manufacturing - Recurring Service,IT:Premium SLA,2025-12-09 08:30:00,"Administrator, Autotask",2025-12-09 15:00:00,2025-12-16 11:30:00,2025-12-09 08:30:00,Cleaned the duplex unit rollers and replaced worn pickup rollers. Recalibrated the paper path and ran 50 test duplex prints with no jams. Issue resolved.,"Anderson, Scott",False,2,2.0,True,6.5,0.27,0.0,171.0,,5,20,Printer jamming on 2nd floor The shared HP LaserJet on the 2nd floor is consistently jamming when printing duplex jobs. Paper tray has been checked.
T20260121.0004,Backup job failed overnight,Nightly backup job for the file server failed with a timeout error. Last successful backup was 3 days ago.,ABLE Manufacturing HQ,Primary Location,Complete,Critical,Email,2.0,"Moore, James",IT:Technician II,IT:Level II,IT:Applications,,,Able Manufacturing - Recurring Service,IT:Premium SLA,2026-01-21 15:00:00,"Administrator, Autotask",2026-01-23 06:00:00,2026-01-29 09:00:00,2026-01-21 15:00:00,"Identified that a runaway database process was locking files during the backup window. Rescheduled the database maintenance job to complete before the backup window. Cleared the stale lock files, restarted the backup agent, and successfully ran a full backup. Verified backup integrity with a test restore.","Moore, James",False,4,2.0,True,39.0,1.62,0.0,186.0,,4,19,Backup job failed overnight Nightly backup job for the file server failed with a timeout error. Last successful backup was 3 days ago.
T20260102.0004,New user account creation,"HR requests new Active Directory account, email, and standard group memberships for incoming Accounting associate.",ABLE Manufacturing HQ,Primary Location,Complete,Low,Email,2.0,"Anderson, Scott",IT:Service Manager,IT:Level II,SW:Internal,,,Able Manufacturing - Recurring Service,IT:Premium SLA,2026-01-02 12:30:00,"Administrator, Autotask",2026-01-11 08:00:00,2026-01-09 15:30:00,2026-01-02 12:30:00,"Created AD account with standard naming convention, added to Accounting security and distribution groups, provisioned Exchange Online mailbox, and configured OneDrive. Sent welcome credentials to the hiring manager via secure channel.","Anderson, Scott",False,1,2.0,True,211.5,8.81,0.0,171.0,40.5,4,15,"New user account creation HR requests new Active Directory account, email, and standard group memberships for incoming Accounting associate."
T20260216.0002,Shared drive access denied,User in Accounting cannot access the shared S: drive. Permissions appear correct in AD but access is still denied.,ABLE Manufacturing HQ,Primary Location,Complete,Medium,Email,2.0,"Moore, James",IT:Technician II,IT:Change Requests,SW:Support,,,Able Manufacturing - Recurring Service,IT:Premium SLA,2026-02-16 07:30:00,"Administrator, Autotask",2026-02-19 05:30:00,2026-02-23 11:00:00,2026-02-16 07:30:00,"Identified a stale cached credential causing the access denial. Cleared the Windows Credential Manager entries for the file server, remapped the S: drive, and verified full read/write access to the Accounting share.","Moore, James",False,2,2.0,True,70.0,2.92,0.0,171.5,,4,19,Shared drive access denied User in Accounting cannot access the shared S: drive. Permissions appear correct in AD but access is still denied.
T20260129.0001,Software license expired for Adobe Acrobat,Adobe Acrobat Pro license has expired for the Marketing department. Three users unable to edit PDFs.,ABLE Manufacturing HQ,Primary Location,Complete,Low,Email,2.0,"Taylor, Mark",IT:Technician II,IT:Level I,SW:Support,,,Able Manufacturing - Recurring Service,IT:Premium SLA,2026-01-29 15:00:00,"Administrator, Autotask",2026-01-29 15:00:00,2026-02-06 09:00:00,2026-01-29 15:00:00,Procured three Adobe Acrobat Pro renewal licenses through the company's volume licensing agreement. Activated licenses on all three Marketing workstations and confirmed PDF editing functionality restored.,"Taylor, Mark",False,1,2.0,True,0.0,0.0,0.0,186.0,,6,16,Software license expired for Adobe Acrobat Adobe Acrobat Pro license has expired for the Marketing department. Three users unable to edit PDFs.
T20251203.0003,Teams calls have audio echo,Multiple users in the open office area report audio echo issues during Microsoft Teams calls.,ABLE Manufacturing HQ,Primary Location,Complete,Medium,Email,2.0,"Miller, Susan",SW:Support II,IT:Change Requests,SW:Change,,,Able Manufacturing - Recurring Service,IT:Premium SLA,2025-12-03 06:30:00,"Administrator, Autotask",2025-12-12 14:30:00,2025-12-10 11:00:00,2025-12-03 06:30:00,"Identified that multiple users in close proximity were using laptop speakers instead of headsets, causing audio feedback loops. Distributed USB headsets to affected users and configured Teams audio settings to default to headset output. Echo issues eliminated.","Miller, Susan",False,2,2.0,True,224.0,9.33,0.0,172.5,51.5,5,15,Teams calls have audio echo Multiple users in the open office area report audio echo issues during Microsoft Teams calls.
T20251213.0004,Windows update causing BSOD,Two workstations experiencing Blue Screen of Death after latest Windows cumulative update was installed.,ABLE Manufacturing HQ,Primary Location,Complete,Critical,Email,2.0,"Taylor, Mark",IT:Technician II,IT:Level I,IT:Applications,,,Able Manufacturing - Recurring Service,IT:Premium SLA,2025-12-13 15:30:00,"Administrator, Autotask",2025-12-22 09:30:00,2025-12-22 11:00:00,2025-12-13 15:30:00,"Identified KB5034441 as the problematic update conflicting with the Symantec endpoint agent. Booted both machines into Safe Mode, uninstalled the update, and added it to the WSUS decline list. Both workstations stable. Coordinated with Symantec support for a compatibility fix before re-deploying the update.","Taylor, Mark",False,4,2.0,True,210.0,8.75,0.0,211.5,,4,14,Windows update causing BSOD Two workstations experiencing Blue Screen of Death after latest Windows cumulative update was installed.
T20260220.0006,Internet speed slow at branch office,Branch office staff reporting significantly slower internet speeds since last week. ISP says no issues on their end.,ABLE Manufacturing HQ,Primary Location,Complete,High,Email,2.0,"Taylor, Mark",IT:Technician II,Triage,SW:Internal,,,Able Manufacturing - Recurring Service,IT:Premium SLA,2026-02-20 01:30:00,"Administrator, Autotask",2026-02-23 12:00:00,2026-02-27 11:00:00,2026-02-20 01:30:00,Traced the issue to a failing WAN interface on the branch firewall showing CRC errors. Replaced the SFP module and patch cable. Speeds returned to the provisioned 500Mbps symmetric. Monitored for 48 hours with no further degradation.,"Taylor, Mark",False,3,2.0,True,82.5,3.44,0.0,177.5,,6,18,Internet speed slow at branch office Branch office staff reporting significantly slower internet speeds since last week. ISP says no issues on their end.
T20260101.0003,Server room temperature alert,Environmental monitoring system triggered a high-temperature alert in the server room. HVAC may be malfunctioning.,ABLE Manufacturing HQ,Primary Location,Complete,Critical,Email,2.0,"Anderson, Scott",IT:Service Manager,IT:Level I,SW:Change,,,Able Manufacturing - Recurring Service,IT:Premium SLA,2026-01-01 19:30:00,"Administrator, Autotask",2026-01-11 05:30:00,2026-01-09 11:00:00,2026-01-01 19:30:00,Responded to the alert within 15 minutes. Found the primary CRAC unit had a frozen evaporator coil. Switched to the redundant cooling unit and contacted the HVAC vendor for emergency service. Primary unit repaired and back online within 4 hours. Temperature stabilized at 68掳F.,"Anderson, Scott",False,4,2.0,True,226.0,9.42,0.0,183.5,42.5,4,15,Server room temperature alert Environmental monitoring system triggered a high-temperature alert in the server room. HVAC may be malfunctioning.
T20260221.0004,Desk phone not receiving calls,User's VoIP desk phone rings but no audio when answered. Other phones on the same switch work fine.,ABLE Manufacturing HQ,Primary Location,Complete,Medium,Email,2.0,"Moore, James",IT:Technician II,IT:Change Requests,IT:Change,,,Able Manufacturing - Recurring Service,IT:Premium SLA,2026-02-21 20:00:00,"Administrator, Autotask",2026-02-22 19:30:00,2026-03-02 11:00:00,2026-02-21 20:00:00,Found the phone's audio codec settings had been reset to a non-supported format after a firmware auto-update. Reconfigured the codec priority to G.711 and rebooted the phone. Two-way audio confirmed working on both internal and external calls.,"Moore, James",False,2,2.0,True,23.5,0.98,0.0,207.0,,5,18,Desk phone not receiving calls User's VoIP desk phone rings but no audio when answered. Other phones on the same switch work fine.
T20260211.0002,Laptop battery not holding charge,User's Dell laptop battery drains from 100% to 0% in under an hour. Laptop is 2 years old.,ABLE Manufacturing HQ,Primary Location,Complete,Medium,Email,2.0,"Taylor, Mark",IT:Technician II,IT:Level I,SW:Change,,,Able Manufacturing - Recurring Service,IT:Premium SLA,2026-02-11 02:00:00,"Administrator, Autotask",2026-02-18 11:00:00,2026-02-18 11:00:00,2026-02-11 02:00:00,Ran Dell battery diagnostics which confirmed the battery health at 12% capacity. Ordered and installed a replacement battery under the ProSupport warranty. New battery holds a full charge for 6+ hours. Calibrated the battery and updated BIOS.,"Taylor, Mark",False,2,2.0,True,177.0,7.38,0.0,177.0,0.0,5,18,Laptop battery not holding charge User's Dell laptop battery drains from 100% to 0% in under an hour. Laptop is 2 years old.
T20260208.0006,Request to install project management software,Project lead requesting installation of Monday.com desktop app on their workstation.,ABLE Manufacturing HQ,Primary Location,Complete,Low,Email,2.0,"Miller, Susan",SW:Support II,IT:Level I,SW:Support,,,Able Manufacturing - Recurring Service,IT:Premium SLA,2026-02-08 22:30:00,"Administrator, Autotask",2026-02-09 03:00:00,2026-02-16 11:00:00,2026-02-08 22:30:00,"Installed Monday.com desktop application, configured SSO integration with company Azure AD credentials, and verified the user can access their project boards. Added the application to the approved software list.","Miller, Susan",False,1,2.0,True,4.5,0.19,0.0,180.5,,6,11,Request to install project management software Project lead requesting installation of Monday.com desktop app on their workstation.
T20251220.0006,MFA not working on mobile device,User replaced their phone and can no longer receive MFA push notifications. Needs MFA token re-enrolled.,ABLE Manufacturing HQ,Primary Location,Complete,High,Email,2.0,"Anderson, Scott",IT:Service Manager,IT:Change Requests,SW:Support,,,Able Manufacturing - Recurring Service,IT:Premium SLA,2025-12-20 02:30:00,"Administrator, Autotask",2025-12-20 22:00:00,2025-12-29 11:00:00,2025-12-20 02:30:00,"Revoked the old MFA token in Azure AD, re-enrolled the user's new device with Microsoft Authenticator, and verified push notifications working. Confirmed successful MFA login from both mobile and desktop.","Anderson, Scott",False,3,2.0,True,19.5,0.81,0.0,224.5,,6,16,MFA not working on mobile device User replaced their phone and can no longer receive MFA push notifications. Needs MFA token re-enrolled.
T20260114.0005,Need access to CRM application,Sales rep needs access provisioned to the Salesforce CRM. Manager has approved the request.,ABLE Manufacturing HQ,Primary Location,Complete,Low,Email,2.0,"Miller, Susan",SW:Support II,Triage,SW:Defect,,,Able Manufacturing - Recurring Service,IT:Premium SLA,2026-01-14 20:00:00,"Administrator, Autotask",2026-01-19 07:30:00,2026-01-22 11:00:00,2026-01-14 20:00:00,"Provisioned Salesforce CRM access with the Sales Rep profile, added to the appropriate role hierarchy, and configured SSO via Azure AD. Verified the user can log in and access their assigned accounts and opportunities. Sent onboarding guide to the user.","Miller, Susan",False,1,2.0,True,107.5,4.48,0.0,183.0,,5,14,Need access to CRM application Sales rep needs access provisioned to the Salesforce CRM. Manager has approved the request.
T20260223.0005,Password reset request,Employee locked out of their account after multiple failed login attempts. Requesting password reset and account unlock.,ABLE Manufacturing HQ,Primary Location,Complete,Low,Email,2.0,"Miller, Susan",SW:Support II,IT:Change Requests,Triage,,,Able Manufacturing - Recurring Service,IT:Premium SLA,2026-02-23 07:30:00,"Administrator, Autotask",2026-02-24 12:30:00,2026-03-02 11:00:00,2026-02-23 07:30:00,"Unlocked the AD account, reset the password, and required a password change at next login. Verified the user could sign in successfully to their workstation and email. Reminded user of the self-service password reset portal.","Miller, Susan",False,1,2.0,True,29.0,1.21,0.0,171.5,,3,17,Password reset request Employee locked out of their account after multiple failed login attempts. Requesting password reset and account unlock.
T20251217.0004,Keyboard and mouse not responding,User's wireless keyboard and mouse stopped working. New batteries did not fix the issue.,ABLE Manufacturing HQ,Primary Location,Complete,Medium,Email,2.0,"Taylor, Mark",IT:Technician II,IT:Level II,IT:Applications,,,Able Manufacturing - Recurring Service,IT:Premium SLA,2025-12-17 04:30:00,"Administrator, Autotask",2025-12-21 13:30:00,2025-12-24 11:00:00,2025-12-17 04:30:00,"Determined the Logitech Unifying receiver had failed. Replaced the USB receiver, re-paired both the keyboard and mouse, and verified consistent input response. Provided a spare receiver to the user as backup.","Taylor, Mark",False,2,2.0,True,105.0,4.38,0.0,174.5,,5,14,Keyboard and mouse not responding User's wireless keyboard and mouse stopped working. New batteries did not fix the issue.
T20260127.0003,File recovery request,User accidentally deleted a folder from the shared drive and needs it restored from backup.,ABLE Manufacturing HQ,Primary Location,Complete,Medium,Email,2.0,"Taylor, Mark",IT:Technician II,IT:Level I,Triage,,,Able Manufacturing - Recurring Service,IT:Premium SLA,2026-01-27 22:30:00,"Administrator, Autotask",2026-02-04 09:00:00,2026-02-04 11:00:00,2026-01-27 22:30:00,Restored the deleted folder and all contents from the previous night's Veeam backup snapshot. Verified file integrity and permissions match the original. Confirmed with the user that all expected files are present and accessible.,"Taylor, Mark",False,2,2.0,True,178.5,7.44,0.0,180.5,,3,15,File recovery request User accidentally deleted a folder from the shared drive and needs it restored from backup.
T20251224.0004,Request for additional monitor,Department manager requesting a second monitor for their workstation to improve productivity.,ABLE Manufacturing HQ,Primary Location,Complete,Low,Email,2.0,"Anderson, Scott",IT:Service Manager,IT:Level I,IT:Hardware,,,Able Manufacturing - Recurring Service,IT:Premium SLA,2025-12-24 04:00:00,"Administrator, Autotask",2025-12-26 20:00:00,2025-12-31 11:00:00,2025-12-24 04:00:00,Deployed a 24-inch Dell monitor from inventory to the user's desk. Connected via DisplayPort through existing docking station. Configured dual-monitor extended display and adjusted resolution settings per user preference.,"Anderson, Scott",False,1,2.0,True,64.0,2.67,0.0,175.0,,4,12,Request for additional monitor Department manager requesting a second monitor for their workstation to improve productivity.
T20251209.0007,Email bouncing back to external clients,Several external clients report emails to our sales team are bouncing back with a 550 error.,ABLE Manufacturing HQ,Primary Location,Complete,Critical,Email,2.0,"Anderson, Scott",IT:Service Manager,IT:Level II,SW:Support,,,Able Manufacturing - Recurring Service,IT:Premium SLA,2025-12-09 15:00:00,"Administrator, Autotask",2025-12-16 16:30:00,2025-12-17 09:00:00,2025-12-09 15:00:00,Identified an expired MX record pointing to a decommissioned mail relay. Updated DNS MX records to point to the current Exchange Online endpoints. Flushed DNS cache on the domain registrar. Confirmed external email delivery restored within 30 minutes.,"Anderson, Scott",False,4,2.0,True,169.5,7.06,0.0,186.0,,6,16,Email bouncing back to external clients Several external clients report emails to our sales team are bouncing back with a 550 error.
T20260206.0006,Printer jamming on 2nd floor,The shared HP LaserJet on the 2nd floor is consistently jamming when printing duplex jobs. Paper tray has been checked.,ABLE Manufacturing HQ,Primary Location,Complete,Medium,Email,2.0,"Miller, Susan",SW:Support II,IT:Change Requests,SW:Support,,,Able Manufacturing - Recurring Service,IT:Premium SLA,2026-02-06 19:00:00,"Administrator, Autotask",2026-02-09 00:30:00,2026-02-16 11:00:00,2026-02-06 19:00:00,Cleaned the duplex unit rollers and replaced worn pickup rollers. Recalibrated the paper path and ran 50 test duplex prints with no jams. Issue resolved.,"Miller, Susan",False,2,2.0,True,53.5,2.23,0.0,232.0,,5,20,Printer jamming on 2nd floor The shared HP LaserJet on the 2nd floor is consistently jamming when printing duplex jobs. Paper tray has been checked.
T20260218.0006,New employee laptop setup,"New hire starting next Monday needs a laptop configured with standard software suite, email, and VPN access.",ABLE Manufacturing HQ,Primary Location,Complete,Low,Email,2.0,"Taylor, Mark",IT:Technician II,Triage,IT:Change,,,Able Manufacturing - Recurring Service,IT:Premium SLA,2026-02-18 17:30:00,"Administrator, Autotask",2026-02-23 16:30:00,2026-02-26 11:00:00,2026-02-18 17:30:00,"Configured new Dell Latitude with Windows 11, joined to domain, installed standard software suite (Office 365, Teams, GlobalProtect VPN, Adobe Reader). Set up email profile and verified VPN connectivity. Laptop ready for new hire.","Taylor, Mark",False,1,2.0,True,119.0,4.96,0.0,185.5,,4,17,"New employee laptop setup New hire starting next Monday needs a laptop configured with standard software suite, email, and VPN access."
T20260104.0002,Request to install project management software,Project lead requesting installation of Monday.com desktop app on their workstation.,ABLE Manufacturing HQ,Primary Location,Complete,Low,Email,2.0,"Miller, Susan",SW:Support II,IT:Change Requests,SW:Defect,,,Able Manufacturing - Recurring Service,IT:Premium SLA,2026-01-04 20:00:00,"Administrator, Autotask",2026-01-06 15:30:00,2026-01-12 11:00:00,2026-01-04 20:00:00,"Installed Monday.com desktop application, configured SSO integration with company Azure AD credentials, and verified the user can access their project boards. Added the application to the approved software list.","Miller, Susan",False,1,2.0,True,43.5,1.81,0.0,183.0,,6,11,Request to install project management software Project lead requesting installation of Monday.com desktop app on their workstation.
T20251208.0002,Outlook not syncing emails,User reports Outlook on their workstation is not syncing new emails. Restarting the application did not resolve the issue.,ABLE Manufacturing HQ,Primary Location,Complete,Medium,Email,2.0,"Anderson, Scott",IT:Service Manager,IT:Level I,SW:Change,,,Able Manufacturing - Recurring Service,IT:Premium SLA,2025-12-08 03:30:00,"Administrator, Autotask",2025-12-12 13:00:00,2025-12-15 11:00:00,2025-12-08 03:30:00,Rebuilt the Outlook profile and cleared the local OST cache. Re-synced the mailbox from Exchange Online. Verified all folders syncing correctly and monitored for 2 hours with no recurrence.,"Anderson, Scott",False,2,2.0,True,105.5,4.4,0.0,175.5,,4,19,Outlook not syncing emails User reports Outlook on their workstation is not syncing new emails. Restarting the application did not resolve the issue.
T20260102.0006,Internet speed slow at branch office,Branch office staff reporting significantly slower internet speeds since last week. ISP says no issues on their end.,ABLE Manufacturing HQ,Primary Location,Complete,High,Email,2.0,"Miller, Susan",SW:Support II,IT:Level II,SW:Internal,,,Able Manufacturing - Recurring Service,IT:Premium SLA,2026-01-02 06:00:00,"Administrator, Autotask",2026-01-10 15:30:00,2026-01-09 11:00:00,2026-01-02 06:00:00,Traced the issue to a failing WAN interface on the branch firewall showing CRC errors. Replaced the SFP module and patch cable. Speeds returned to the provisioned 500Mbps symmetric. Monitored for 48 hours with no further degradation.,"Miller, Susan",False,3,2.0,True,201.5,8.4,0.0,173.0,28.5,6,18,Internet speed slow at branch office Branch office staff reporting significantly slower internet speeds since last week. ISP says no issues on their end.
T20260211.0003,MFA not working on mobile device,User replaced their phone and can no longer receive MFA push notifications. Needs MFA token re-enrolled.,ABLE Manufacturing HQ,Primary Location,Complete,High,Email,2.0,"Moore, James",IT:Technician II,IT:Level II,Triage,,,Able Manufacturing - Recurring Service,IT:Premium SLA,2026-02-11 22:30:00,"Administrator, Autotask",2026-02-20 15:30:00,2026-02-19 11:00:00,2026-02-11 22:30:00,"Revoked the old MFA token in Azure AD, re-enrolled the user's new device with Microsoft Authenticator, and verified push notifications working. Confirmed successful MFA login from both mobile and desktop.","Moore, James",False,3,2.0,True,209.0,8.71,0.0,180.5,28.5,6,16,MFA not working on mobile device User replaced their phone and can no longer receive MFA push notifications. Needs MFA token re-enrolled.
T20251209.0008,New user account creation,"HR requests new Active Directory account, email, and standard group memberships for incoming Accounting associate.",ABLE Manufacturing HQ,Primary Location,Complete,Low,Email,2.0,"Miller, Susan",SW:Support II,IT:Level II,SW:Internal,,,Able Manufacturing - Recurring Service,IT:Premium SLA,2025-12-09 00:00:00,"Administrator, Autotask",2025-12-11 16:00:00,2025-12-16 11:00:00,2025-12-09 00:00:00,"Created AD account with standard naming convention, added to Accounting security and distribution groups, provisioned Exchange Online mailbox, and configured OneDrive. Sent welcome credentials to the hiring manager via secure channel.","Miller, Susan",False,1,2.0,True,64.0,2.67,0.0,179.0,,4,15,"New user account creation HR requests new Active Directory account, email, and standard group memberships for incoming Accounting associate."
T20260218.0007,Request for additional monitor,Department manager requesting a second monitor for their workstation to improve productivity.,ABLE Manufacturing HQ,Primary Location,Complete,Low,Email,2.0,"Moore, James",IT:Technician II,IT:Level I,Triage,,,Able Manufacturing - Recurring Service,IT:Premium SLA,2026-02-18 09:00:00,"Administrator, Autotask",2026-02-21 17:00:00,2026-02-25 12:00:00,2026-02-18 09:00:00,Deployed a 24-inch Dell monitor from inventory to the user's desk. Connected via DisplayPort through existing docking station. Configured dual-monitor extended display and adjusted resolution settings per user preference.,"Moore, James",False,1,2.0,True,80.0,3.33,0.0,171.0,,4,12,Request for additional monitor Department manager requesting a second monitor for their workstation to improve productivity.
T20260107.0002,File recovery request,User accidentally deleted a folder from the shared drive and needs it restored from backup.,ABLE Manufacturing HQ,Primary Location,Complete,Medium,Email,2.0,"Miller, Susan",SW:Support II,IT:Level I,SW:Internal,,,Able Manufacturing - Recurring Service,IT:Premium SLA,2026-01-07 11:00:00,"Administrator, Autotask",2026-01-12 15:30:00,2026-01-14 14:00:00,2026-01-07 11:00:00,Restored the deleted folder and all contents from the previous night's Veeam backup snapshot. Verified file integrity and permissions match the original. Confirmed with the user that all expected files are present and accessible.,"Miller, Susan",False,2,2.0,True,124.5,5.19,0.0,171.0,,3,15,File recovery request User accidentally deleted a folder from the shared drive and needs it restored from backup.
T20251226.0005,Email bouncing back to external clients,Several external clients report emails to our sales team are bouncing back with a 550 error.,ABLE Manufacturing HQ,Primary Location,Complete,Critical,Email,2.0,"Miller, Susan",SW:Support II,IT:Change Requests,SW:Support,,,Able Manufacturing - Recurring Service,IT:Premium SLA,2025-12-26 10:00:00,"Administrator, Autotask",2026-01-01 03:00:00,2026-01-02 13:00:00,2025-12-26 10:00:00,Identified an expired MX record pointing to a decommissioned mail relay. Updated DNS MX records to point to the current Exchange Online endpoints. Flushed DNS cache on the domain registrar. Confirmed external email delivery restored within 30 minutes.,"Miller, Susan",False,4,2.0,True,137.0,5.71,0.0,171.0,,6,16,Email bouncing back to external clients Several external clients report emails to our sales team are bouncing back with a 550 error.
T20260224.0004,Slow computer performance,User's workstation takes over 5 minutes to boot and applications are sluggish. Machine is 4 years old with HDD.,ABLE Manufacturing HQ,Primary Location,Complete,Medium,Email,2.0,"Miller, Susan",SW:Support II,IT:Level II,SW:Change,,,Able Manufacturing - Recurring Service,IT:Premium SLA,2026-02-24 04:00:00,"Administrator, Autotask",2026-03-01 11:00:00,2026-03-03 11:00:00,2026-02-24 04:00:00,"Replaced the mechanical HDD with a 500GB SSD, cloned the existing OS image, and increased RAM from 8GB to 16GB. Boot time reduced from 5+ minutes to 35 seconds. User confirmed significant performance improvement across all applications.","Miller, Susan",False,2,2.0,True,127.0,5.29,0.0,175.0,,3,19,Slow computer performance User's workstation takes over 5 minutes to boot and applications are sluggish. Machine is 4 years old with HDD.
T20260113.0006,Server room temperature alert,Environmental monitoring system triggered a high-temperature alert in the server room. HVAC may be malfunctioning.,ABLE Manufacturing HQ,Primary Location,Complete,Critical,Email,2.0,"Miller, Susan",SW:Support II,IT:Level II,IT:Applications,,,Able Manufacturing - Recurring Service,IT:Premium SLA,2026-01-13 23:00:00,"Administrator, Autotask",2026-01-21 15:30:00,2026-01-21 11:00:00,2026-01-13 23:00:00,Responded to the alert within 15 minutes. Found the primary CRAC unit had a frozen evaporator coil. Switched to the redundant cooling unit and contacted the HVAC vendor for emergency service. Primary unit repaired and back online within 4 hours. Temperature stabilized at 68掳F.,"Miller, Susan",False,4,2.0,True,184.5,7.69,0.0,180.0,4.5,4,15,Server room temperature alert Environmental monitoring system triggered a high-temperature alert in the server room. HVAC may be malfunctioning.
T20251208.0003,OneDrive sync errors,User getting persistent sync conflict errors in OneDrive. Several files showing duplicate versions.,ABLE Manufacturing HQ,Primary Location,Complete,Medium,Email,2.0,"Taylor, Mark",IT:Technician II,IT:Change Requests,SW:Internal,,,Able Manufacturing - Recurring Service,IT:Premium SLA,2025-12-08 23:30:00,"Administrator, Autotask",2025-12-12 01:00:00,2025-12-16 11:00:00,2025-12-08 23:30:00,"Identified sync conflicts caused by files exceeding the 256-character path length limit. Shortened the nested folder structure, resolved the duplicate file versions by keeping the most recent copies, and reset the OneDrive sync client. Sync now running clean with no errors.","Taylor, Mark",False,2,2.0,True,73.5,3.06,0.0,179.5,,3,13,OneDrive sync errors User getting persistent sync conflict errors in OneDrive. Several files showing duplicate versions.
T20260203.0005,Backup job failed overnight,Nightly backup job for the file server failed with a timeout error. Last successful backup was 3 days ago.,ABLE Manufacturing HQ,Primary Location,Complete,Critical,Email,2.0,"Anderson, Scott",IT:Service Manager,IT:Level I,SW:Defect,,,Able Manufacturing - Recurring Service,IT:Premium SLA,2026-02-03 21:30:00,"Administrator, Autotask",2026-02-04 13:30:00,2026-02-11 11:00:00,2026-02-03 21:30:00,"Identified that a runaway database process was locking files during the backup window. Rescheduled the database maintenance job to complete before the backup window. Cleared the stale lock files, restarted the backup agent, and successfully ran a full backup. Verified backup integrity with a test restore.","Anderson, Scott",False,4,2.0,True,16.0,0.67,0.0,181.5,,4,19,Backup job failed overnight Nightly backup job for the file server failed with a timeout error. Last successful backup was 3 days ago.
T20260302.0003,Network printer offline,The Ricoh copier/printer in the main office shows offline status for all users. Physical device appears powered on.,ABLE Manufacturing HQ,Primary Location,Complete,High,Email,2.0,"Miller, Susan",SW:Support II,IT:Level II,SW:Change,,,Able Manufacturing - Recurring Service,IT:Premium SLA,2026-03-02 13:30:00,"Administrator, Autotask",2026-03-12 08:30:00,2026-03-09 16:30:00,2026-03-02 13:30:00,"Found the printer had obtained a new DHCP IP address after a network switch reboot. Assigned a static IP reservation in DHCP, updated the printer port configuration on the print server, and redeployed the printer via GPO. All users can now print successfully.","Miller, Susan",False,3,2.0,True,235.0,9.79,0.0,171.0,64.0,3,18,Network printer offline The Ricoh copier/printer in the main office shows offline status for all users. Physical device appears powered on.
T20251209.0009,Zoom meeting room setup,Need to configure the new conference room TV and camera system for Zoom Rooms integration.,ABLE Manufacturing HQ,Primary Location,Complete,Low,Email,2.0,"Taylor, Mark",IT:Technician II,IT:Change Requests,SW:Support,,,Able Manufacturing - Recurring Service,IT:Premium SLA,2025-12-09 21:30:00,"Administrator, Autotask",2025-12-11 07:00:00,2025-12-17 11:00:00,2025-12-09 21:30:00,"Mounted the Logitech Rally camera system, connected to the conference room PC, and configured Zoom Rooms with the company license. Set up one-touch join with the room calendar integration. Tested audio, video, and screen sharing with a remote participant successfully.","Taylor, Mark",False,1,2.0,True,33.5,1.4,0.0,181.5,,4,15,Zoom meeting room setup Need to configure the new conference room TV and camera system for Zoom Rooms integration.
T20260131.0003,Windows update causing BSOD,Two workstations experiencing Blue Screen of Death after latest Windows cumulative update was installed.,ABLE Manufacturing HQ,Primary Location,Complete,Critical,Email,2.0,"Moore, James",IT:Technician II,IT:Level II,SW:Change,,,Able Manufacturing - Recurring Service,IT:Premium SLA,2026-01-31 12:30:00,"Administrator, Autotask",2026-02-05 15:00:00,2026-02-09 11:00:00,2026-01-31 12:30:00,"Identified KB5034441 as the problematic update conflicting with the Symantec endpoint agent. Booted both machines into Safe Mode, uninstalled the update, and added it to the WSUS decline list. Both workstations stable. Coordinated with Symantec support for a compatibility fix before re-deploying the update.","Moore, James",False,4,2.0,True,122.5,5.1,0.0,214.5,,4,14,Windows update causing BSOD Two workstations experiencing Blue Screen of Death after latest Windows cumulative update was installed.
T20251209.0010,Need access to CRM application,Sales rep needs access provisioned to the Salesforce CRM. Manager has approved the request.,ABLE Manufacturing HQ,Primary Location,Complete,Low,Email,2.0,"Anderson, Scott",IT:Service Manager,IT:Change Requests,SW:Support,,,Able Manufacturing - Recurring Service,IT:Premium SLA,2025-12-09 22:30:00,"Administrator, Autotask",2025-12-19 04:00:00,2025-12-17 11:00:00,2025-12-09 22:30:00,"Provisioned Salesforce CRM access with the Sales Rep profile, added to the appropriate role hierarchy, and configured SSO via Azure AD. Verified the user can log in and access their assigned accounts and opportunities. Sent onboarding guide to the user.","Anderson, Scott",False,1,2.0,True,221.5,9.23,0.0,180.5,41.0,5,14,Need access to CRM application Sales rep needs access provisioned to the Salesforce CRM. Manager has approved the request.
T20251219.0006,Shared drive access denied,User in Accounting cannot access the shared S: drive. Permissions appear correct in AD but access is still denied.,ABLE Manufacturing HQ,Primary Location,Complete,Medium,Email,2.0,"Anderson, Scott",IT:Service Manager,Triage,SW:Defect,,,Able Manufacturing - Recurring Service,IT:Premium SLA,2025-12-19 07:30:00,"Administrator, Autotask",2025-12-25 07:30:00,2025-12-26 11:00:00,2025-12-19 07:30:00,"Identified a stale cached credential causing the access denial. Cleared the Windows Credential Manager entries for the file server, remapped the S: drive, and verified full read/write access to the Accounting share.","Anderson, Scott",False,2,2.0,True,144.0,6.0,0.0,171.5,,4,19,Shared drive access denied User in Accounting cannot access the shared S: drive. Permissions appear correct in AD but access is still denied.
T20260115.0004,Monitor flickering on docking station,User's external monitor flickers when connected via USB-C docking station. Works fine with direct HDMI connection.,ABLE Manufacturing HQ,Primary Location,Complete,Medium,Email,2.0,"Moore, James",IT:Technician II,IT:Level I,IT:Applications,,,Able Manufacturing - Recurring Service,IT:Premium SLA,2026-01-15 07:00:00,"Administrator, Autotask",2026-01-22 04:00:00,2026-01-22 11:00:00,2026-01-15 07:00:00,Updated the docking station firmware from v1.2 to v1.8 and installed the latest DisplayLink driver. Replaced the USB-C cable with a certified Thunderbolt 3 cable. Monitor now displays stable output through the dock.,"Moore, James",False,2,2.0,True,165.0,6.88,0.0,172.0,,5,16,Monitor flickering on docking station User's external monitor flickers when connected via USB-C docking station. Works fine with direct HDMI connection.
T20251220.0007,New user account creation,"HR requests new Active Directory account, email, and standard group memberships for incoming Accounting associate.",ABLE Manufacturing HQ,Primary Location,Complete,Low,Email,2.0,"Anderson, Scott",IT:Service Manager,IT:Change Requests,SW:Defect,,,Able Manufacturing - Recurring Service,IT:Premium SLA,2025-12-20 08:30:00,"Administrator, Autotask",2025-12-26 03:30:00,2025-12-29 11:00:00,2025-12-20 08:30:00,"Created AD account with standard naming convention, added to Accounting security and distribution groups, provisioned Exchange Online mailbox, and configured OneDrive. Sent welcome credentials to the hiring manager via secure channel.","Anderson, Scott",False,1,2.0,True,139.0,5.79,0.0,218.5,,4,15,"New user account creation HR requests new Active Directory account, email, and standard group memberships for incoming Accounting associate."
T20251224.0005,Server room temperature alert,Environmental monitoring system triggered a high-temperature alert in the server room. HVAC may be malfunctioning.,ABLE Manufacturing HQ,Primary Location,Complete,Critical,Email,2.0,"Anderson, Scott",IT:Service Manager,IT:Level I,IT:Applications,,,Able Manufacturing - Recurring Service,IT:Premium SLA,2025-12-24 22:00:00,"Administrator, Autotask",2025-12-28 01:00:00,2026-01-01 11:00:00,2025-12-24 22:00:00,Responded to the alert within 15 minutes. Found the primary CRAC unit had a frozen evaporator coil. Switched to the redundant cooling unit and contacted the HVAC vendor for emergency service. Primary unit repaired and back online within 4 hours. Temperature stabilized at 68掳F.,"Anderson, Scott",False,4,2.0,True,75.0,3.12,0.0,181.0,,4,15,Server room temperature alert Environmental monitoring system triggered a high-temperature alert in the server room. HVAC may be malfunctioning.
T20260131.0004,Teams calls have audio echo,Multiple users in the open office area report audio echo issues during Microsoft Teams calls.,ABLE Manufacturing HQ,Primary Location,Complete,Medium,Email,2.0,"Anderson, Scott",IT:Service Manager,IT:Level I,SW:Defect,,,Able Manufacturing - Recurring Service,IT:Premium SLA,2026-01-31 19:30:00,"Administrator, Autotask",2026-02-06 07:30:00,2026-02-09 11:00:00,2026-01-31 19:30:00,"Identified that multiple users in close proximity were using laptop speakers instead of headsets, causing audio feedback loops. Distributed USB headsets to affected users and configured Teams audio settings to default to headset output. Echo issues eliminated.","Anderson, Scott",False,2,2.0,True,132.0,5.5,0.0,207.5,,5,15,Teams calls have audio echo Multiple users in the open office area report audio echo issues during Microsoft Teams calls.
T20260302.0006,Shared drive access denied,User in Accounting cannot access the shared S: drive. Permissions appear correct in AD but access is still denied.,ABLE Manufacturing HQ,Primary Location,Complete,Medium,Email,2.0,"Moore, James",IT:Technician II,Triage,SW:Internal,,,Able Manufacturing - Recurring Service,IT:Premium SLA,2026-03-02 01:00:00,"Administrator, Autotask",2026-03-04 04:00:00,2026-03-09 11:00:00,2026-03-02 01:00:00,"Identified a stale cached credential causing the access denial. Cleared the Windows Credential Manager entries for the file server, remapped the S: drive, and verified full read/write access to the Accounting share.","Moore, James",False,2,2.0,True,51.0,2.12,0.0,178.0,,4,19,Shared drive access denied User in Accounting cannot access the shared S: drive. Permissions appear correct in AD but access is still denied.
T20260110.0006,OneDrive sync errors,User getting persistent sync conflict errors in OneDrive. Several files showing duplicate versions.,ABLE Manufacturing HQ,Primary Location,Complete,Medium,Email,2.0,"Taylor, Mark",IT:Technician II,IT:Change Requests,SW:Support,,,Able Manufacturing - Recurring Service,IT:Premium SLA,2026-01-10 04:30:00,"Administrator, Autotask",2026-01-14 04:00:00,2026-01-19 11:00:00,2026-01-10 04:30:00,"Identified sync conflicts caused by files exceeding the 256-character path length limit. Shortened the nested folder structure, resolved the duplicate file versions by keeping the most recent copies, and reset the OneDrive sync client. Sync now running clean with no errors.","Taylor, Mark",False,2,2.0,True,95.5,3.98,0.0,222.5,,3,13,OneDrive sync errors User getting persistent sync conflict errors in OneDrive. Several files showing duplicate versions.
T20260218.0008,Password reset request,Employee locked out of their account after multiple failed login attempts. Requesting password reset and account unlock.,ABLE Manufacturing HQ,Primary Location,Complete,Low,Email,2.0,"Moore, James",IT:Technician II,Triage,SW:Change,,,Able Manufacturing - Recurring Service,IT:Premium SLA,2026-02-18 07:00:00,"Administrator, Autotask",2026-02-23 15:00:00,2026-02-25 11:00:00,2026-02-18 07:00:00,"Unlocked the AD account, reset the password, and required a password change at next login. Verified the user could sign in successfully to their workstation and email. Reminded user of the self-service password reset portal.","Moore, James",False,1,2.0,True,128.0,5.33,0.0,172.0,,3,17,Password reset request Employee locked out of their account after multiple failed login attempts. Requesting password reset and account unlock.
T20260121.0005,MFA not working on mobile device,User replaced their phone and can no longer receive MFA push notifications. Needs MFA token re-enrolled.,ABLE Manufacturing HQ,Primary Location,Complete,High,Email,2.0,"Taylor, Mark",IT:Technician II,IT:Change Requests,IT:Change,,,Able Manufacturing - Recurring Service,IT:Premium SLA,2026-01-21 19:30:00,"Administrator, Autotask",2026-01-22 14:00:00,2026-01-29 11:00:00,2026-01-21 19:30:00,"Revoked the old MFA token in Azure AD, re-enrolled the user's new device with Microsoft Authenticator, and verified push notifications working. Confirmed successful MFA login from both mobile and desktop.","Taylor, Mark",False,3,2.0,True,18.5,0.77,0.0,183.5,,6,16,MFA not working on mobile device User replaced their phone and can no longer receive MFA push notifications. Needs MFA token re-enrolled.
T20251207.0004,Software license expired for Adobe Acrobat,Adobe Acrobat Pro license has expired for the Marketing department. Three users unable to edit PDFs.,ABLE Manufacturing HQ,Primary Location,Complete,Low,Email,2.0,"Taylor, Mark",IT:Technician II,IT:Change Requests,SW:Internal,,,Able Manufacturing - Recurring Service,IT:Premium SLA,2025-12-07 00:00:00,"Administrator, Autotask",2025-12-10 00:30:00,2025-12-15 11:00:00,2025-12-07 00:00:00,Procured three Adobe Acrobat Pro renewal licenses through the company's volume licensing agreement. Activated licenses on all three Marketing workstations and confirmed PDF editing functionality restored.,"Taylor, Mark",False,1,2.0,True,72.5,3.02,0.0,203.0,,6,16,Software license expired for Adobe Acrobat Adobe Acrobat Pro license has expired for the Marketing department. Three users unable to edit PDFs.
T20260218.0009,Laptop battery not holding charge,User's Dell laptop battery drains from 100% to 0% in under an hour. Laptop is 2 years old.,ABLE Manufacturing HQ,Primary Location,Complete,Medium,Email,2.0,"Miller, Susan",SW:Support II,IT:Level II,SW:Internal,,,Able Manufacturing - Recurring Service,IT:Premium SLA,2026-02-18 03:00:00,"Administrator, Autotask",2026-02-25 08:30:00,2026-02-25 11:00:00,2026-02-18 03:00:00,Ran Dell battery diagnostics which confirmed the battery health at 12% capacity. Ordered and installed a replacement battery under the ProSupport warranty. New battery holds a full charge for 6+ hours. Calibrated the battery and updated BIOS.,"Miller, Susan",False,2,2.0,True,173.5,7.23,0.0,176.0,,5,18,Laptop battery not holding charge User's Dell laptop battery drains from 100% to 0% in under an hour. Laptop is 2 years old.
T20260127.0004,Network printer offline,The Ricoh copier/printer in the main office shows offline status for all users. Physical device appears powered on.,ABLE Manufacturing HQ,Primary Location,Complete,High,Email,2.0,"Anderson, Scott",IT:Service Manager,IT:Level I,IT:Applications,,,Able Manufacturing - Recurring Service,IT:Premium SLA,2026-01-27 09:00:00,"Administrator, Autotask",2026-01-31 09:00:00,2026-02-03 12:00:00,2026-01-27 09:00:00,"Found the printer had obtained a new DHCP IP address after a network switch reboot. Assigned a static IP reservation in DHCP, updated the printer port configuration on the print server, and redeployed the printer via GPO. All users can now print successfully.","Anderson, Scott",False,3,2.0,True,96.0,4.0,0.0,171.0,,3,18,Network printer offline The Ricoh copier/printer in the main office shows offline status for all users. Physical device appears powered on.
T20260119.0003,Request for additional monitor,Department manager requesting a second monitor for their workstation to improve productivity.,ABLE Manufacturing HQ,Primary Location,Complete,Low,Email,2.0,"Taylor, Mark",IT:Technician II,Triage,IT:Hardware,,,Able Manufacturing - Recurring Service,IT:Premium SLA,2026-01-19 20:00:00,"Administrator, Autotask",2026-01-27 19:30:00,2026-01-27 11:00:00,2026-01-19 20:00:00,Deployed a 24-inch Dell monitor from inventory to the user's desk. Connected via DisplayPort through existing docking station. Configured dual-monitor extended display and adjusted resolution settings per user preference.,"Taylor, Mark",False,1,2.0,True,191.5,7.98,0.0,183.0,8.5,4,12,Request for additional monitor Department manager requesting a second monitor for their workstation to improve productivity.
T20260125.0005,Request to install project management software,Project lead requesting installation of Monday.com desktop app on their workstation.,ABLE Manufacturing HQ,Primary Location,Complete,Low,Email,2.0,"Taylor, Mark",IT:Technician II,IT:Change Requests,SW:Internal,,,Able Manufacturing - Recurring Service,IT:Premium SLA,2026-01-25 01:30:00,"Administrator, Autotask",2026-01-29 05:30:00,2026-02-02 11:00:00,2026-01-25 01:30:00,"Installed Monday.com desktop application, configured SSO integration with company Azure AD credentials, and verified the user can access their project boards. Added the application to the approved software list.","Taylor, Mark",False,1,2.0,True,100.0,4.17,0.0,201.5,,6,11,Request to install project management software Project lead requesting installation of Monday.com desktop app on their workstation.
T20260123.0002,New user account creation,"HR requests new Active Directory account, email, and standard group memberships for incoming Accounting associate.",ABLE Manufacturing HQ,Primary Location,Complete,Low,Email,2.0,"Miller, Susan",SW:Support II,Triage,SW:Defect,,,Able Manufacturing - Recurring Service,IT:Premium SLA,2026-01-23 15:00:00,"Administrator, Autotask",2026-01-24 21:30:00,2026-02-02 09:00:00,2026-01-23 15:00:00,"Created AD account with standard naming convention, added to Accounting security and distribution groups, provisioned Exchange Online mailbox, and configured OneDrive. Sent welcome credentials to the hiring manager via secure channel.","Miller, Susan",False,1,2.0,True,30.5,1.27,0.0,234.0,,4,15,"New user account creation HR requests new Active Directory account, email, and standard group memberships for incoming Accounting associate."
T20260114.0007,Email bouncing back to external clients,Several external clients report emails to our sales team are bouncing back with a 550 error.,ABLE Manufacturing HQ,Primary Location,Complete,Critical,Email,2.0,"Miller, Susan",SW:Support II,Triage,SW:Internal,,,Able Manufacturing - Recurring Service,IT:Premium SLA,2026-01-14 18:00:00,"Administrator, Autotask",2026-01-15 23:00:00,2026-01-22 11:00:00,2026-01-14 18:00:00,Identified an expired MX record pointing to a decommissioned mail relay. Updated DNS MX records to point to the current Exchange Online endpoints. Flushed DNS cache on the domain registrar. Confirmed external email delivery restored within 30 minutes.,"Miller, Susan",False,4,2.0,True,29.0,1.21,0.0,185.0,,6,16,Email bouncing back to external clients Several external clients report emails to our sales team are bouncing back with a 550 error.
T20260219.0002,VPN connection drops intermittently,"Remote employee experiences frequent VPN disconnections throughout the day, disrupting access to internal resources.",ABLE Manufacturing HQ,Primary Location,Complete,High,Email,2.0,"Moore, James",IT:Technician II,IT:Level I,SW:Support,,,Able Manufacturing - Recurring Service,IT:Premium SLA,2026-02-19 06:30:00,"Administrator, Autotask",2026-02-25 09:30:00,2026-02-26 11:00:00,2026-02-19 06:30:00,"Diagnosed intermittent VPN disconnections to a conflicting network adapter driver. Updated the adapter driver, disabled IPv6 on the VPN tunnel adapter, and adjusted the idle timeout setting in the GlobalProtect client. Verified stable connectivity over a 4-hour remote session with no drops.","Moore, James",False,3,2.0,True,147.0,6.12,0.0,172.5,,4,14,"VPN connection drops intermittently Remote employee experiences frequent VPN disconnections throughout the day, disrupting access to internal resources."
T20260210.0002,Outlook not syncing emails,User reports Outlook on their workstation is not syncing new emails. Restarting the application did not resolve the issue.,ABLE Manufacturing HQ,Primary Location,Complete,Medium,Email,2.0,"Taylor, Mark",IT:Technician II,IT:Level II,SW:Internal,,,Able Manufacturing - Recurring Service,IT:Premium SLA,2026-02-10 13:00:00,"Administrator, Autotask",2026-02-15 23:30:00,2026-02-17 16:00:00,2026-02-10 13:00:00,Rebuilt the Outlook profile and cleared the local OST cache. Re-synced the mailbox from Exchange Online. Verified all folders syncing correctly and monitored for 2 hours with no recurrence.,"Taylor, Mark",False,2,2.0,True,130.5,5.44,0.0,171.0,,4,19,Outlook not syncing emails User reports Outlook on their workstation is not syncing new emails. Restarting the application did not resolve the issue.
T20251225.0004,Printer jamming on 2nd floor,The shared HP LaserJet on the 2nd floor is consistently jamming when printing duplex jobs. Paper tray has been checked.,ABLE Manufacturing HQ,Primary Location,Complete,Medium,Email,2.0,"Anderson, Scott",IT:Service Manager,IT:Level II,IT:Hardware,,,Able Manufacturing - Recurring Service,IT:Premium SLA,2025-12-25 13:00:00,"Administrator, Autotask",2025-12-31 20:30:00,2026-01-01 16:00:00,2025-12-25 13:00:00,Cleaned the duplex unit rollers and replaced worn pickup rollers. Recalibrated the paper path and ran 50 test duplex prints with no jams. Issue resolved.,"Anderson, Scott",False,2,2.0,True,151.5,6.31,0.0,171.0,,5,20,Printer jamming on 2nd floor The shared HP LaserJet on the 2nd floor is consistently jamming when printing duplex jobs. Paper tray has been checked.
T20260106.0003,QuickBooks not launching after update,QuickBooks Desktop crashes immediately on launch after the latest update was applied overnight.,ABLE Manufacturing HQ,Primary Location,Complete,Medium,Email,2.0,"Moore, James",IT:Technician II,IT:Level I,SW:Change,,,Able Manufacturing - Recurring Service,IT:Premium SLA,2026-01-06 13:30:00,"Administrator, Autotask",2026-01-07 00:30:00,2026-01-13 16:30:00,2026-01-06 13:30:00,"Rolled back the problematic QuickBooks update (R5 to R4), repaired the company file using the QuickBooks File Doctor tool, and verified the application launches and data integrity is intact. Deferred the update pending a patch from Intuit.","Moore, James",False,2,2.0,True,11.0,0.46,0.0,171.0,,5,13,QuickBooks not launching after update QuickBooks Desktop crashes immediately on launch after the latest update was applied overnight.
T20260110.0007,Wi-Fi connectivity issues in conference room B,Staff report intermittent Wi-Fi drops in conference room B during video calls. Signal strength appears weak.,ABLE Manufacturing HQ,Primary Location,Complete,Medium,Email,2.0,"Miller, Susan",SW:Support II,IT:Change Requests,SW:Support,,,Able Manufacturing - Recurring Service,IT:Premium SLA,2026-01-10 07:00:00,"Administrator, Autotask",2026-01-17 12:00:00,2026-01-19 11:00:00,2026-01-10 07:00:00,"Performed a wireless site survey and identified signal interference from an adjacent microwave and a neighboring AP on the same channel. Changed the AP channel, increased transmit power, and repositioned the access point. Signal strength improved from -75dBm to -55dBm. Tested with multiple concurrent video calls successfully.","Miller, Susan",False,2,2.0,True,173.0,7.21,0.0,220.0,,7,16,Wi-Fi connectivity issues in conference room B Staff report intermittent Wi-Fi drops in conference room B during video calls. Signal strength appears weak.
T20260116.0008,MFA not working on mobile device,User replaced their phone and can no longer receive MFA push notifications. Needs MFA token re-enrolled.,ABLE Manufacturing HQ,Primary Location,Complete,High,Email,2.0,"Miller, Susan",SW:Support II,IT:Change Requests,SW:Change,,,Able Manufacturing - Recurring Service,IT:Premium SLA,2026-01-16 02:00:00,"Administrator, Autotask",2026-01-19 12:30:00,2026-01-23 11:00:00,2026-01-16 02:00:00,"Revoked the old MFA token in Azure AD, re-enrolled the user's new device with Microsoft Authenticator, and verified push notifications working. Confirmed successful MFA login from both mobile and desktop.","Miller, Susan",False,3,2.0,True,82.5,3.44,0.0,177.0,,6,16,MFA not working on mobile device User replaced their phone and can no longer receive MFA push notifications. Needs MFA token re-enrolled.
T20251202.0002,Shared drive access denied,User in Accounting cannot access the shared S: drive. Permissions appear correct in AD but access is still denied.,ABLE Manufacturing HQ,Primary Location,Complete,Medium,Email,2.0,"Anderson, Scott",IT:Service Manager,IT:Level II,IT:Change,,,Able Manufacturing - Recurring Service,IT:Premium SLA,2025-12-02 21:00:00,"Administrator, Autotask",2025-12-11 20:30:00,2025-12-10 11:00:00,2025-12-02 21:00:00,"Identified a stale cached credential causing the access denial. Cleared the Windows Credential Manager entries for the file server, remapped the S: drive, and verified full read/write access to the Accounting share.","Anderson, Scott",False,2,2.0,True,215.5,8.98,0.0,182.0,33.5,4,19,Shared drive access denied User in Accounting cannot access the shared S: drive. Permissions appear correct in AD but access is still denied.
T20260113.0007,Keyboard and mouse not responding,User's wireless keyboard and mouse stopped working. New batteries did not fix the issue.,ABLE Manufacturing HQ,Primary Location,Complete,Medium,Email,2.0,"Taylor, Mark",IT:Technician II,IT:Level II,SW:Change,,,Able Manufacturing - Recurring Service,IT:Premium SLA,2026-01-13 01:00:00,"Administrator, Autotask",2026-01-15 10:30:00,2026-01-20 11:00:00,2026-01-13 01:00:00,"Determined the Logitech Unifying receiver had failed. Replaced the USB receiver, re-paired both the keyboard and mouse, and verified consistent input response. Provided a spare receiver to the user as backup.","Taylor, Mark",False,2,2.0,True,57.5,2.4,0.0,178.0,,5,14,Keyboard and mouse not responding User's wireless keyboard and mouse stopped working. New batteries did not fix the issue.
T20260226.0006,Password reset request,Employee locked out of their account after multiple failed login attempts. Requesting password reset and account unlock.,ABLE Manufacturing HQ,Primary Location,Complete,Low,Email,2.0,"Miller, Susan",SW:Support II,IT:Level I,IT:Applications,,,Able Manufacturing - Recurring Service,IT:Premium SLA,2026-02-26 21:00:00,"Administrator, Autotask",2026-03-02 14:00:00,2026-03-06 11:00:00,2026-02-26 21:00:00,"Unlocked the AD account, reset the password, and required a password change at next login. Verified the user could sign in successfully to their workstation and email. Reminded user of the self-service password reset portal.","Miller, Susan",False,1,2.0,True,89.0,3.71,0.0,182.0,,3,17,Password reset request Employee locked out of their account after multiple failed login attempts. Requesting password reset and account unlock.
T20260105.0003,Zoom meeting room setup,Need to configure the new conference room TV and camera system for Zoom Rooms integration.,ABLE Manufacturing HQ,Primary Location,Complete,Low,Email,2.0,"Anderson, Scott",IT:Service Manager,IT:Change Requests,Triage,,,Able Manufacturing - Recurring Service,IT:Premium SLA,2026-01-05 07:30:00,"Administrator, Autotask",2026-01-11 00:30:00,2026-01-12 11:00:00,2026-01-05 07:30:00,"Mounted the Logitech Rally camera system, connected to the conference room PC, and configured Zoom Rooms with the company license. Set up one-touch join with the room calendar integration. Tested audio, video, and screen sharing with a remote participant successfully.","Anderson, Scott",False,1,2.0,True,137.0,5.71,0.0,171.5,,4,15,Zoom meeting room setup Need to configure the new conference room TV and camera system for Zoom Rooms integration.
T20251219.0008,File recovery request,User accidentally deleted a folder from the shared drive and needs it restored from backup.,ABLE Manufacturing HQ,Primary Location,Complete,Medium,Email,2.0,"Anderson, Scott",IT:Service Manager,IT:Level II,SW:Defect,,,Able Manufacturing - Recurring Service,IT:Premium SLA,2025-12-19 10:30:00,"Administrator, Autotask",2025-12-24 06:30:00,2025-12-26 13:30:00,2025-12-19 10:30:00,Restored the deleted folder and all contents from the previous night's Veeam backup snapshot. Verified file integrity and permissions match the original. Confirmed with the user that all expected files are present and accessible.,"Anderson, Scott",False,2,2.0,True,116.0,4.83,0.0,171.0,,3,15,File recovery request User accidentally deleted a folder from the shared drive and needs it restored from backup.
T20260220.0009,Desk phone not receiving calls,User's VoIP desk phone rings but no audio when answered. Other phones on the same switch work fine.,ABLE Manufacturing HQ,Primary Location,Complete,Medium,Email,2.0,"Anderson, Scott",IT:Service Manager,IT:Level II,SW:Internal,,,Able Manufacturing - Recurring Service,IT:Premium SLA,2026-02-20 10:00:00,"Administrator, Autotask",2026-02-23 22:00:00,2026-02-27 13:00:00,2026-02-20 10:00:00,Found the phone's audio codec settings had been reset to a non-supported format after a firmware auto-update. Reconfigured the codec priority to G.711 and rebooted the phone. Two-way audio confirmed working on both internal and external calls.,"Anderson, Scott",False,2,2.0,True,84.0,3.5,0.0,171.0,,5,18,Desk phone not receiving calls User's VoIP desk phone rings but no audio when answered. Other phones on the same switch work fine.
T20260211.0004,Request to install project management software,Project lead requesting installation of Monday.com desktop app on their workstation.,ABLE Manufacturing HQ,Primary Location,Complete,Low,Email,2.0,"Anderson, Scott",IT:Service Manager,IT:Level I,SW:Change,,,Able Manufacturing - Recurring Service,IT:Premium SLA,2026-02-11 08:30:00,"Administrator, Autotask",2026-02-12 21:30:00,2026-02-18 11:30:00,2026-02-11 08:30:00,"Installed Monday.com desktop application, configured SSO integration with company Azure AD credentials, and verified the user can access their project boards. Added the application to the approved software list.","Anderson, Scott",False,1,2.0,True,37.0,1.54,0.0,171.0,,6,11,Request to install project management software Project lead requesting installation of Monday.com desktop app on their workstation.
T20251203.0004,QuickBooks not launching after update,QuickBooks Desktop crashes immediately on launch after the latest update was applied overnight.,ABLE Manufacturing HQ,Primary Location,Complete,Medium,Email,2.0,"Taylor, Mark",IT:Technician II,IT:Change Requests,SW:Defect,,,Able Manufacturing - Recurring Service,IT:Premium SLA,2025-12-03 13:30:00,"Administrator, Autotask",2025-12-09 19:30:00,2025-12-10 16:30:00,2025-12-03 13:30:00,"Rolled back the problematic QuickBooks update (R5 to R4), repaired the company file using the QuickBooks File Doctor tool, and verified the application launches and data integrity is intact. Deferred the update pending a patch from Intuit.","Taylor, Mark",False,2,2.0,True,150.0,6.25,0.0,171.0,,5,13,QuickBooks not launching after update QuickBooks Desktop crashes immediately on launch after the latest update was applied overnight.
T20251216.0004,Software license expired for Adobe Acrobat,Adobe Acrobat Pro license has expired for the Marketing department. Three users unable to edit PDFs.,ABLE Manufacturing HQ,Primary Location,Complete,Low,Email,2.0,"Moore, James",IT:Technician II,Triage,Triage,,,Able Manufacturing - Recurring Service,IT:Premium SLA,2025-12-16 09:00:00,"Administrator, Autotask",2025-12-16 10:30:00,2025-12-23 12:00:00,2025-12-16 09:00:00,Procured three Adobe Acrobat Pro renewal licenses through the company's volume licensing agreement. Activated licenses on all three Marketing workstations and confirmed PDF editing functionality restored.,"Moore, James",False,1,2.0,True,1.5,0.06,0.0,171.0,,6,16,Software license expired for Adobe Acrobat Adobe Acrobat Pro license has expired for the Marketing department. Three users unable to edit PDFs.
T20260111.0004,MFA not working on mobile device,User replaced their phone and can no longer receive MFA push notifications. Needs MFA token re-enrolled.,ABLE Manufacturing HQ,Primary Location,Complete,High,Email,2.0,"Anderson, Scott",IT:Service Manager,IT:Level I,Triage,,,Able Manufacturing - Recurring Service,IT:Premium SLA,2026-01-11 17:00:00,"Administrator, Autotask",2026-01-15 08:30:00,2026-01-19 11:00:00,2026-01-11 17:00:00,"Revoked the old MFA token in Azure AD, re-enrolled the user's new device with Microsoft Authenticator, and verified push notifications working. Confirmed successful MFA login from both mobile and desktop.","Anderson, Scott",False,3,2.0,True,87.5,3.65,0.0,186.0,,6,16,MFA not working on mobile device User replaced their phone and can no longer receive MFA push notifications. Needs MFA token re-enrolled.
T20251210.0005,Email bouncing back to external clients,Several external clients report emails to our sales team are bouncing back with a 550 error.,ABLE Manufacturing HQ,Primary Location,Complete,Critical,Email,2.0,"Taylor, Mark",IT:Technician II,IT:Change Requests,IT:Hardware,,,Able Manufacturing - Recurring Service,IT:Premium SLA,2025-12-10 21:30:00,"Administrator, Autotask",2025-12-15 02:00:00,2025-12-18 11:00:00,2025-12-10 21:30:00,Identified an expired MX record pointing to a decommissioned mail relay. Updated DNS MX records to point to the current Exchange Online endpoints. Flushed DNS cache on the domain registrar. Confirmed external email delivery restored within 30 minutes.,"Taylor, Mark",False,4,2.0,True,100.5,4.19,0.0,181.5,,6,16,Email bouncing back to external clients Several external clients report emails to our sales team are bouncing back with a 550 error.
T20251210.0006,New employee laptop setup,"New hire starting next Monday needs a laptop configured with standard software suite, email, and VPN access.",ABLE Manufacturing HQ,Primary Location,Complete,Low,Email,2.0,"Anderson, Scott",IT:Service Manager,IT:Change Requests,SW:Defect,,,Able Manufacturing - Recurring Service,IT:Premium SLA,2025-12-10 19:30:00,"Administrator, Autotask",2025-12-11 00:30:00,2025-12-18 11:00:00,2025-12-10 19:30:00,"Configured new Dell Latitude with Windows 11, joined to domain, installed standard software suite (Office 365, Teams, GlobalProtect VPN, Adobe Reader). Set up email profile and verified VPN connectivity. Laptop ready for new hire.","Anderson, Scott",False,1,2.0,True,5.0,0.21,0.0,183.5,,4,17,"New employee laptop setup New hire starting next Monday needs a laptop configured with standard software suite, email, and VPN access."
T20251219.0009,File recovery request,User accidentally deleted a folder from the shared drive and needs it restored from backup.,ABLE Manufacturing HQ,Primary Location,Complete,Medium,Email,2.0,"Miller, Susan",SW:Support II,IT:Change Requests,IT:Change,,,Able Manufacturing - Recurring Service,IT:Premium SLA,2025-12-19 03:00:00,"Administrator, Autotask",2025-12-25 07:30:00,2025-12-26 11:00:00,2025-12-19 03:00:00,Restored the deleted folder and all contents from the previous night's Veeam backup snapshot. Verified file integrity and permissions match the original. Confirmed with the user that all expected files are present and accessible.,"Miller, Susan",False,2,2.0,True,148.5,6.19,0.0,176.0,,3,15,File recovery request User accidentally deleted a folder from the shared drive and needs it restored from backup.
T20260202.0004,Windows update causing BSOD,Two workstations experiencing Blue Screen of Death after latest Windows cumulative update was installed.,ABLE Manufacturing HQ,Primary Location,Complete,Critical,Email,2.0,"Miller, Susan",SW:Support II,Triage,SW:Change,,,Able Manufacturing - Recurring Service,IT:Premium SLA,2026-02-02 20:00:00,"Administrator, Autotask",2026-02-12 07:00:00,2026-02-10 11:00:00,2026-02-02 20:00:00,"Identified KB5034441 as the problematic update conflicting with the Symantec endpoint agent. Booted both machines into Safe Mode, uninstalled the update, and added it to the WSUS decline list. Both workstations stable. Coordinated with Symantec support for a compatibility fix before re-deploying the update.","Miller, Susan",False,4,2.0,True,227.0,9.46,0.0,183.0,44.0,4,14,Windows update causing BSOD Two workstations experiencing Blue Screen of Death after latest Windows cumulative update was installed.
T20260120.0006,QuickBooks not launching after update,QuickBooks Desktop crashes immediately on launch after the latest update was applied overnight.,ABLE Manufacturing HQ,Primary Location,Complete,Medium,Email,2.0,"Miller, Susan",SW:Support II,IT:Change Requests,Triage,,,Able Manufacturing - Recurring Service,IT:Premium SLA,2026-01-20 00:00:00,"Administrator, Autotask",2026-01-23 01:00:00,2026-01-27 11:00:00,2026-01-20 00:00:00,"Rolled back the problematic QuickBooks update (R5 to R4), repaired the company file using the QuickBooks File Doctor tool, and verified the application launches and data integrity is intact. Deferred the update pending a patch from Intuit.","Miller, Susan",False,2,2.0,True,73.0,3.04,0.0,179.0,,5,13,QuickBooks not launching after update QuickBooks Desktop crashes immediately on launch after the latest update was applied overnight.
T20260211.0005,Teams calls have audio echo,Multiple users in the open office area report audio echo issues during Microsoft Teams calls.,ABLE Manufacturing HQ,Primary Location,Complete,Medium,Email,2.0,"Moore, James",IT:Technician II,Triage,SW:Support,,,Able Manufacturing - Recurring Service,IT:Premium SLA,2026-02-11 18:00:00,"Administrator, Autotask",2026-02-19 12:00:00,2026-02-19 11:00:00,2026-02-11 18:00:00,"Identified that multiple users in close proximity were using laptop speakers instead of headsets, causing audio feedback loops. Distributed USB headsets to affected users and configured Teams audio settings to default to headset output. Echo issues eliminated.","Moore, James",False,2,2.0,True,186.0,7.75,0.0,185.0,1.0,5,15,Teams calls have audio echo Multiple users in the open office area report audio echo issues during Microsoft Teams calls.
T20260203.0006,VPN connection drops intermittently,"Remote employee experiences frequent VPN disconnections throughout the day, disrupting access to internal resources.",ABLE Manufacturing HQ,Primary Location,Complete,High,Email,2.0,"Moore, James",IT:Technician II,IT:Level II,SW:Support,,,Able Manufacturing - Recurring Service,IT:Premium SLA,2026-02-03 22:30:00,"Administrator, Autotask",2026-02-06 12:30:00,2026-02-11 11:00:00,2026-02-03 22:30:00,"Diagnosed intermittent VPN disconnections to a conflicting network adapter driver. Updated the adapter driver, disabled IPv6 on the VPN tunnel adapter, and adjusted the idle timeout setting in the GlobalProtect client. Verified stable connectivity over a 4-hour remote session with no drops.","Moore, James",False,3,2.0,True,62.0,2.58,0.0,180.5,,4,14,"VPN connection drops intermittently Remote employee experiences frequent VPN disconnections throughout the day, disrupting access to internal resources."
T20260124.0005,Shared drive access denied,User in Accounting cannot access the shared S: drive. Permissions appear correct in AD but access is still denied.,ABLE Manufacturing HQ,Primary Location,Complete,Medium,Email,2.0,"Moore, James",IT:Technician II,IT:Change Requests,SW:Defect,,,Able Manufacturing - Recurring Service,IT:Premium SLA,2026-01-24 21:00:00,"Administrator, Autotask",2026-02-02 06:00:00,2026-02-02 11:00:00,2026-01-24 21:00:00,"Identified a stale cached credential causing the access denial. Cleared the Windows Credential Manager entries for the file server, remapped the S: drive, and verified full read/write access to the Accounting share.","Moore, James",False,2,2.0,True,201.0,8.38,0.0,206.0,,4,19,Shared drive access denied User in Accounting cannot access the shared S: drive. Permissions appear correct in AD but access is still denied.
T20251231.0006,New user account creation,"HR requests new Active Directory account, email, and standard group memberships for incoming Accounting associate.",ABLE Manufacturing HQ,Primary Location,Complete,Low,Email,2.0,"Taylor, Mark",IT:Technician II,IT:Level I,IT:Hardware,,,Able Manufacturing - Recurring Service,IT:Premium SLA,2025-12-31 16:30:00,"Administrator, Autotask",2026-01-02 09:30:00,2026-01-08 10:30:00,2025-12-31 16:30:00,"Created AD account with standard naming convention, added to Accounting security and distribution groups, provisioned Exchange Online mailbox, and configured OneDrive. Sent welcome credentials to the hiring manager via secure channel.","Taylor, Mark",False,1,2.0,True,41.0,1.71,0.0,186.0,,4,15,"New user account creation HR requests new Active Directory account, email, and standard group memberships for incoming Accounting associate."
T20251226.0008,OneDrive sync errors,User getting persistent sync conflict errors in OneDrive. Several files showing duplicate versions.,ABLE Manufacturing HQ,Primary Location,Complete,Medium,Email,2.0,"Taylor, Mark",IT:Technician II,IT:Change Requests,SW:Internal,,,Able Manufacturing - Recurring Service,IT:Premium SLA,2025-12-26 06:00:00,"Administrator, Autotask",2026-01-03 18:00:00,2026-01-02 11:00:00,2025-12-26 06:00:00,"Identified sync conflicts caused by files exceeding the 256-character path length limit. Shortened the nested folder structure, resolved the duplicate file versions by keeping the most recent copies, and reset the OneDrive sync client. Sync now running clean with no errors.","Taylor, Mark",False,2,2.0,True,204.0,8.5,0.0,173.0,31.0,3,13,OneDrive sync errors User getting persistent sync conflict errors in OneDrive. Several files showing duplicate versions.
T20260111.0005,Outlook not syncing emails,User reports Outlook on their workstation is not syncing new emails. Restarting the application did not resolve the issue.,ABLE Manufacturing HQ,Primary Location,Complete,Medium,Email,2.0,"Moore, James",IT:Technician II,IT:Level II,SW:Defect,,,Able Manufacturing - Recurring Service,IT:Premium SLA,2026-01-11 15:00:00,"Administrator, Autotask",2026-01-21 09:30:00,2026-01-19 11:00:00,2026-01-11 15:00:00,Rebuilt the Outlook profile and cleared the local OST cache. Re-synced the mailbox from Exchange Online. Verified all folders syncing correctly and monitored for 2 hours with no recurrence.,"Moore, James",False,2,2.0,True,234.5,9.77,0.0,188.0,46.5,4,19,Outlook not syncing emails User reports Outlook on their workstation is not syncing new emails. Restarting the application did not resolve the issue.
T20251205.0005,Keyboard and mouse not responding,User's wireless keyboard and mouse stopped working. New batteries did not fix the issue.,ABLE Manufacturing HQ,Primary Location,Complete,Medium,Email,2.0,"Moore, James",IT:Technician II,IT:Level I,SW:Defect,,,Able Manufacturing - Recurring Service,IT:Premium SLA,2025-12-05 00:00:00,"Administrator, Autotask",2025-12-09 09:00:00,2025-12-12 11:00:00,2025-12-05 00:00:00,"Determined the Logitech Unifying receiver had failed. Replaced the USB receiver, re-paired both the keyboard and mouse, and verified consistent input response. Provided a spare receiver to the user as backup.","Moore, James",False,2,2.0,True,105.0,4.38,0.0,179.0,,5,14,Keyboard and mouse not responding User's wireless keyboard and mouse stopped working. New batteries did not fix the issue.
T20260103.0003,VPN connection drops intermittently,"Remote employee experiences frequent VPN disconnections throughout the day, disrupting access to internal resources.",ABLE Manufacturing HQ,Primary Location,Complete,High,Email,2.0,"Moore, James",IT:Technician II,IT:Level II,Triage,,,Able Manufacturing - Recurring Service,IT:Premium SLA,2026-01-03 04:00:00,"Administrator, Autotask",2026-01-08 03:00:00,2026-01-12 11:00:00,2026-01-03 04:00:00,"Diagnosed intermittent VPN disconnections to a conflicting network adapter driver. Updated the adapter driver, disabled IPv6 on the VPN tunnel adapter, and adjusted the idle timeout setting in the GlobalProtect client. Verified stable connectivity over a 4-hour remote session with no drops.","Moore, James",False,3,2.0,True,119.0,4.96,0.0,223.0,,4,14,"VPN connection drops intermittently Remote employee experiences frequent VPN disconnections throughout the day, disrupting access to internal resources."
T20260218.0010,Suspicious phishing email reported,Employee forwarded a suspicious email claiming to be from IT asking for credentials. Needs investigation.,ABLE Manufacturing HQ,Primary Location,Complete,High,Email,2.0,"Moore, James",IT:Technician II,IT:Change Requests,SW:Change,,,Able Manufacturing - Recurring Service,IT:Premium SLA,2026-02-18 12:30:00,"Administrator, Autotask",2026-02-19 03:30:00,2026-02-25 15:30:00,2026-02-18 12:30:00,"Confirmed the email as a phishing attempt originating from a spoofed domain. Blocked the sender domain in the email gateway, purged the message from all mailboxes using content search, and submitted the URL to Microsoft for blacklisting. Sent a company-wide phishing awareness reminder.","Moore, James",False,3,2.0,True,15.0,0.62,0.0,171.0,,4,15,Suspicious phishing email reported Employee forwarded a suspicious email claiming to be from IT asking for credentials. Needs investigation.
T20260220.0011,Email bouncing back to external clients,Several external clients report emails to our sales team are bouncing back with a 550 error.,ABLE Manufacturing HQ,Primary Location,Complete,Critical,Email,2.0,"Miller, Susan",SW:Support II,IT:Level I,SW:Change,,,Able Manufacturing - Recurring Service,IT:Premium SLA,2026-02-20 04:00:00,"Administrator, Autotask",2026-02-26 13:30:00,2026-02-27 11:00:00,2026-02-20 04:00:00,Identified an expired MX record pointing to a decommissioned mail relay. Updated DNS MX records to point to the current Exchange Online endpoints. Flushed DNS cache on the domain registrar. Confirmed external email delivery restored within 30 minutes.,"Miller, Susan",False,4,2.0,True,153.5,6.4,0.0,175.0,,6,16,Email bouncing back to external clients Several external clients report emails to our sales team are bouncing back with a 550 error.
T20260115.0005,Internet speed slow at branch office,Branch office staff reporting significantly slower internet speeds since last week. ISP says no issues on their end.,ABLE Manufacturing HQ,Primary Location,Complete,High,Email,2.0,"Miller, Susan",SW:Support II,IT:Change Requests,IT:Hardware,,,Able Manufacturing - Recurring Service,IT:Premium SLA,2026-01-15 22:00:00,"Administrator, Autotask",2026-01-25 01:00:00,2026-01-23 11:00:00,2026-01-15 22:00:00,Traced the issue to a failing WAN interface on the branch firewall showing CRC errors. Replaced the SFP module and patch cable. Speeds returned to the provisioned 500Mbps symmetric. Monitored for 48 hours with no further degradation.,"Miller, Susan",False,3,2.0,True,219.0,9.12,0.0,181.0,38.0,6,18,Internet speed slow at branch office Branch office staff reporting significantly slower internet speeds since last week. ISP says no issues on their end.
T20260104.0003,QuickBooks not launching after update,QuickBooks Desktop crashes immediately on launch after the latest update was applied overnight.,ABLE Manufacturing HQ,Primary Location,Complete,Medium,Email,2.0,"Taylor, Mark",IT:Technician II,IT:Level II,IT:Hardware,,,Able Manufacturing - Recurring Service,IT:Premium SLA,2026-01-04 15:00:00,"Administrator, Autotask",2026-01-04 21:30:00,2026-01-12 11:00:00,2026-01-04 15:00:00,"Rolled back the problematic QuickBooks update (R5 to R4), repaired the company file using the QuickBooks File Doctor tool, and verified the application launches and data integrity is intact. Deferred the update pending a patch from Intuit.","Taylor, Mark",False,2,2.0,True,6.5,0.27,0.0,188.0,,5,13,QuickBooks not launching after update QuickBooks Desktop crashes immediately on launch after the latest update was applied overnight.
T20260302.0008,Server room temperature alert,Environmental monitoring system triggered a high-temperature alert in the server room. HVAC may be malfunctioning.,ABLE Manufacturing HQ,Primary Location,Complete,Critical,Email,2.0,"Anderson, Scott",IT:Service Manager,Triage,IT:Hardware,,,Able Manufacturing - Recurring Service,IT:Premium SLA,2026-03-02 14:00:00,"Administrator, Autotask",2026-03-09 12:30:00,2026-03-09 17:00:00,2026-03-02 14:00:00,Responded to the alert within 15 minutes. Found the primary CRAC unit had a frozen evaporator coil. Switched to the redundant cooling unit and contacted the HVAC vendor for emergency service. Primary unit repaired and back online within 4 hours. Temperature stabilized at 68掳F.,"Anderson, Scott",False,4,2.0,True,166.5,6.94,0.0,171.0,,4,15,Server room temperature alert Environmental monitoring system triggered a high-temperature alert in the server room. HVAC may be malfunctioning.
T20260119.0005,Need access to CRM application,Sales rep needs access provisioned to the Salesforce CRM. Manager has approved the request.,ABLE Manufacturing HQ,Primary Location,Complete,Low,Email,2.0,"Moore, James",IT:Technician II,IT:Change Requests,Triage,,,Able Manufacturing - Recurring Service,IT:Premium SLA,2026-01-19 20:00:00,"Administrator, Autotask",2026-01-26 02:30:00,2026-01-27 11:00:00,2026-01-19 20:00:00,"Provisioned Salesforce CRM access with the Sales Rep profile, added to the appropriate role hierarchy, and configured SSO via Azure AD. Verified the user can log in and access their assigned accounts and opportunities. Sent onboarding guide to the user.","Moore, James",False,1,2.0,True,150.5,6.27,0.0,183.0,,5,14,Need access to CRM application Sales rep needs access provisioned to the Salesforce CRM. Manager has approved the request.
T20260119.0006,File recovery request,User accidentally deleted a folder from the shared drive and needs it restored from backup.,ABLE Manufacturing HQ,Primary Location,Complete,Medium,Email,2.0,"Taylor, Mark",IT:Technician II,Triage,SW:Defect,,,Able Manufacturing - Recurring Service,IT:Premium SLA,2026-01-19 06:30:00,"Administrator, Autotask",2026-01-25 18:00:00,2026-01-26 11:00:00,2026-01-19 06:30:00,Restored the deleted folder and all contents from the previous night's Veeam backup snapshot. Verified file integrity and permissions match the original. Confirmed with the user that all expected files are present and accessible.,"Taylor, Mark",False,2,2.0,True,155.5,6.48,0.0,172.5,,3,15,File recovery request User accidentally deleted a folder from the shared drive and needs it restored from backup.
T20260105.0005,Windows update causing BSOD,Two workstations experiencing Blue Screen of Death after latest Windows cumulative update was installed.,ABLE Manufacturing HQ,Primary Location,Complete,Critical,Email,2.0,"Taylor, Mark",IT:Technician II,IT:Level I,IT:Hardware,,,Able Manufacturing - Recurring Service,IT:Premium SLA,2026-01-05 17:00:00,"Administrator, Autotask",2026-01-12 06:00:00,2026-01-13 11:00:00,2026-01-05 17:00:00,"Identified KB5034441 as the problematic update conflicting with the Symantec endpoint agent. Booted both machines into Safe Mode, uninstalled the update, and added it to the WSUS decline list. Both workstations stable. Coordinated with Symantec support for a compatibility fix before re-deploying the update.","Taylor, Mark",False,4,2.0,True,157.0,6.54,0.0,186.0,,4,14,Windows update causing BSOD Two workstations experiencing Blue Screen of Death after latest Windows cumulative update was installed.
T20260101.0008,Desk phone not receiving calls,User's VoIP desk phone rings but no audio when answered. Other phones on the same switch work fine.,ABLE Manufacturing HQ,Primary Location,Complete,Medium,Email,2.0,"Anderson, Scott",IT:Service Manager,IT:Level I,SW:Change,,,Able Manufacturing - Recurring Service,IT:Premium SLA,2026-01-01 08:00:00,"Administrator, Autotask",2026-01-05 02:30:00,2026-01-08 11:00:00,2026-01-01 08:00:00,Found the phone's audio codec settings had been reset to a non-supported format after a firmware auto-update. Reconfigured the codec priority to G.711 and rebooted the phone. Two-way audio confirmed working on both internal and external calls.,"Anderson, Scott",False,2,2.0,True,90.5,3.77,0.0,171.0,,5,18,Desk phone not receiving calls User's VoIP desk phone rings but no audio when answered. Other phones on the same switch work fine.
T20260124.0006,Zoom meeting room setup,Need to configure the new conference room TV and camera system for Zoom Rooms integration.,ABLE Manufacturing HQ,Primary Location,Complete,Low,Email,2.0,"Anderson, Scott",IT:Service Manager,IT:Level II,IT:Change,,,Able Manufacturing - Recurring Service,IT:Premium SLA,2026-01-24 23:00:00,"Administrator, Autotask",2026-01-28 19:30:00,2026-02-02 11:00:00,2026-01-24 23:00:00,"Mounted the Logitech Rally camera system, connected to the conference room PC, and configured Zoom Rooms with the company license. Set up one-touch join with the room calendar integration. Tested audio, video, and screen sharing with a remote participant successfully.","Anderson, Scott",False,1,2.0,True,92.5,3.85,0.0,204.0,,4,15,Zoom meeting room setup Need to configure the new conference room TV and camera system for Zoom Rooms integration.
T20260225.0003,MFA not working on mobile device,User replaced their phone and can no longer receive MFA push notifications. Needs MFA token re-enrolled.,ABLE Manufacturing HQ,Primary Location,Complete,High,Email,2.0,"Miller, Susan",SW:Support II,IT:Level II,IT:Applications,,,Able Manufacturing - Recurring Service,IT:Premium SLA,2026-02-25 19:00:00,"Administrator, Autotask",2026-03-07 12:00:00,2026-03-05 11:00:00,2026-02-25 19:00:00,"Revoked the old MFA token in Azure AD, re-enrolled the user's new device with Microsoft Authenticator, and verified push notifications working. Confirmed successful MFA login from both mobile and desktop.","Miller, Susan",False,3,2.0,True,233.0,9.71,0.0,184.0,49.0,6,16,MFA not working on mobile device User replaced their phone and can no longer receive MFA push notifications. Needs MFA token re-enrolled.
T20251210.0007,Outlook not syncing emails,User reports Outlook on their workstation is not syncing new emails. Restarting the application did not resolve the issue.,ABLE Manufacturing HQ,Primary Location,Complete,Medium,Email,2.0,"Taylor, Mark",IT:Technician II,IT:Change Requests,Triage,,,Able Manufacturing - Recurring Service,IT:Premium SLA,2025-12-10 21:30:00,"Administrator, Autotask",2025-12-20 10:00:00,2025-12-18 11:00:00,2025-12-10 21:30:00,Rebuilt the Outlook profile and cleared the local OST cache. Re-synced the mailbox from Exchange Online. Verified all folders syncing correctly and monitored for 2 hours with no recurrence.,"Taylor, Mark",False,2,2.0,True,228.5,9.52,0.0,181.5,47.0,4,19,Outlook not syncing emails User reports Outlook on their workstation is not syncing new emails. Restarting the application did not resolve the issue.
T20260119.0007,Request to install project management software,Project lead requesting installation of Monday.com desktop app on their workstation.,ABLE Manufacturing HQ,Primary Location,Complete,Low,Email,2.0,"Taylor, Mark",IT:Technician II,IT:Level I,IT:Change,,,Able Manufacturing - Recurring Service,IT:Premium SLA,2026-01-19 03:30:00,"Administrator, Autotask",2026-01-23 08:30:00,2026-01-26 11:00:00,2026-01-19 03:30:00,"Installed Monday.com desktop application, configured SSO integration with company Azure AD credentials, and verified the user can access their project boards. Added the application to the approved software list.","Taylor, Mark",False,1,2.0,True,101.0,4.21,0.0,175.5,,6,11,Request to install project management software Project lead requesting installation of Monday.com desktop app on their workstation.
T20260208.0008,OneDrive sync errors,User getting persistent sync conflict errors in OneDrive. Several files showing duplicate versions.,ABLE Manufacturing HQ,Primary Location,Complete,Medium,Email,2.0,"Taylor, Mark",IT:Technician II,Triage,Triage,,,Able Manufacturing - Recurring Service,IT:Premium SLA,2026-02-08 03:30:00,"Administrator, Autotask",2026-02-17 04:30:00,2026-02-16 11:00:00,2026-02-08 03:30:00,"Identified sync conflicts caused by files exceeding the 256-character path length limit. Shortened the nested folder structure, resolved the duplicate file versions by keeping the most recent copies, and reset the OneDrive sync client. Sync now running clean with no errors.","Taylor, Mark",False,2,2.0,True,217.0,9.04,0.0,199.5,17.5,3,13,OneDrive sync errors User getting persistent sync conflict errors in OneDrive. Several files showing duplicate versions.
T20251213.0006,Keyboard and mouse not responding,User's wireless keyboard and mouse stopped working. New batteries did not fix the issue.,ABLE Manufacturing HQ,Primary Location,Complete,Medium,Email,2.0,"Anderson, Scott",IT:Service Manager,IT:Level II,SW:Change,,,Able Manufacturing - Recurring Service,IT:Premium SLA,2025-12-13 22:30:00,"Administrator, Autotask",2025-12-22 13:30:00,2025-12-22 11:00:00,2025-12-13 22:30:00,"Determined the Logitech Unifying receiver had failed. Replaced the USB receiver, re-paired both the keyboard and mouse, and verified consistent input response. Provided a spare receiver to the user as backup.","Anderson, Scott",False,2,2.0,True,207.0,8.62,0.0,204.5,2.5,5,14,Keyboard and mouse not responding User's wireless keyboard and mouse stopped working. New batteries did not fix the issue.
T20251222.0008,Network printer offline,The Ricoh copier/printer in the main office shows offline status for all users. Physical device appears powered on.,ABLE Manufacturing HQ,Primary Location,Complete,High,Email,2.0,"Miller, Susan",SW:Support II,Triage,SW:Support,,,Able Manufacturing - Recurring Service,IT:Premium SLA,2025-12-22 18:30:00,"Administrator, Autotask",2025-12-24 16:00:00,2025-12-30 11:00:00,2025-12-22 18:30:00,"Found the printer had obtained a new DHCP IP address after a network switch reboot. Assigned a static IP reservation in DHCP, updated the printer port configuration on the print server, and redeployed the printer via GPO. All users can now print successfully.","Miller, Susan",False,3,2.0,True,45.5,1.9,0.0,184.5,,3,18,Network printer offline The Ricoh copier/printer in the main office shows offline status for all users. Physical device appears powered on.
T20251214.0002,Password reset request,Employee locked out of their account after multiple failed login attempts. Requesting password reset and account unlock.,ABLE Manufacturing HQ,Primary Location,Complete,Low,Email,2.0,"Moore, James",IT:Technician II,IT:Change Requests,Triage,,,Able Manufacturing - Recurring Service,IT:Premium SLA,2025-12-14 06:30:00,"Administrator, Autotask",2025-12-23 00:30:00,2025-12-22 11:00:00,2025-12-14 06:30:00,"Unlocked the AD account, reset the password, and required a password change at next login. Verified the user could sign in successfully to their workstation and email. Reminded user of the self-service password reset portal.","Moore, James",False,1,2.0,True,210.0,8.75,0.0,196.5,13.5,3,17,Password reset request Employee locked out of their account after multiple failed login attempts. Requesting password reset and account unlock.
T20251225.0005,New employee laptop setup,"New hire starting next Monday needs a laptop configured with standard software suite, email, and VPN access.",ABLE Manufacturing HQ,Primary Location,Complete,Low,Email,2.0,"Moore, James",IT:Technician II,IT:Level I,SW:Internal,,,Able Manufacturing - Recurring Service,IT:Premium SLA,2025-12-25 06:00:00,"Administrator, Autotask",2025-12-28 21:00:00,2026-01-01 11:00:00,2025-12-25 06:00:00,"Configured new Dell Latitude with Windows 11, joined to domain, installed standard software suite (Office 365, Teams, GlobalProtect VPN, Adobe Reader). Set up email profile and verified VPN connectivity. Laptop ready for new hire.","Moore, James",False,1,2.0,True,87.0,3.62,0.0,173.0,,4,17,"New employee laptop setup New hire starting next Monday needs a laptop configured with standard software suite, email, and VPN access."
T20260126.0003,Email bouncing back to external clients,Several external clients report emails to our sales team are bouncing back with a 550 error.,ABLE Manufacturing HQ,Primary Location,Complete,Critical,Email,2.0,"Taylor, Mark",IT:Technician II,Triage,IT:Applications,,,Able Manufacturing - Recurring Service,IT:Premium SLA,2026-01-26 13:00:00,"Administrator, Autotask",2026-01-26 21:00:00,2026-02-02 16:00:00,2026-01-26 13:00:00,Identified an expired MX record pointing to a decommissioned mail relay. Updated DNS MX records to point to the current Exchange Online endpoints. Flushed DNS cache on the domain registrar. Confirmed external email delivery restored within 30 minutes.,"Taylor, Mark",False,4,2.0,True,8.0,0.33,0.0,171.0,,6,16,Email bouncing back to external clients Several external clients report emails to our sales team are bouncing back with a 550 error.
T20260107.0004,File recovery request,User accidentally deleted a folder from the shared drive and needs it restored from backup.,ABLE Manufacturing HQ,Primary Location,Complete,Medium,Email,2.0,"Taylor, Mark",IT:Technician II,IT:Level II,SW:Internal,,,Able Manufacturing - Recurring Service,IT:Premium SLA,2026-01-07 10:30:00,"Administrator, Autotask",2026-01-11 23:00:00,2026-01-14 13:30:00,2026-01-07 10:30:00,Restored the deleted folder and all contents from the previous night's Veeam backup snapshot. Verified file integrity and permissions match the original. Confirmed with the user that all expected files are present and accessible.,"Taylor, Mark",False,2,2.0,True,108.5,4.52,0.0,171.0,,3,15,File recovery request User accidentally deleted a folder from the shared drive and needs it restored from backup.
T20260205.0008,Teams calls have audio echo,Multiple users in the open office area report audio echo issues during Microsoft Teams calls.,ABLE Manufacturing HQ,Primary Location,Complete,Medium,Email,2.0,"Anderson, Scott",IT:Service Manager,IT:Level II,SW:Defect,,,Able Manufacturing - Recurring Service,IT:Premium SLA,2026-02-05 01:00:00,"Administrator, Autotask",2026-02-08 22:00:00,2026-02-12 11:00:00,2026-02-05 01:00:00,"Identified that multiple users in close proximity were using laptop speakers instead of headsets, causing audio feedback loops. Distributed USB headsets to affected users and configured Teams audio settings to default to headset output. Echo issues eliminated.","Anderson, Scott",False,2,2.0,True,93.0,3.88,0.0,178.0,,5,15,Teams calls have audio echo Multiple users in the open office area report audio echo issues during Microsoft Teams calls.
T20260131.0007,New user account creation,"HR requests new Active Directory account, email, and standard group memberships for incoming Accounting associate.",ABLE Manufacturing HQ,Primary Location,Complete,Low,Email,2.0,"Moore, James",IT:Technician II,IT:Level I,Triage,,,Able Manufacturing - Recurring Service,IT:Premium SLA,2026-01-31 17:00:00,"Administrator, Autotask",2026-02-07 23:30:00,2026-02-09 11:00:00,2026-01-31 17:00:00,"Created AD account with standard naming convention, added to Accounting security and distribution groups, provisioned Exchange Online mailbox, and configured OneDrive. Sent welcome credentials to the hiring manager via secure channel.","Moore, James",False,1,2.0,True,174.5,7.27,0.0,210.0,,4,15,"New user account creation HR requests new Active Directory account, email, and standard group memberships for incoming Accounting associate."
T20260216.0003,Request to install project management software,Project lead requesting installation of Monday.com desktop app on their workstation.,ABLE Manufacturing HQ,Primary Location,Complete,Low,Email,2.0,"Moore, James",IT:Technician II,IT:Level I,SW:Internal,,,Able Manufacturing - Recurring Service,IT:Premium SLA,2026-02-16 16:30:00,"Administrator, Autotask",2026-02-17 17:00:00,2026-02-24 10:30:00,2026-02-16 16:30:00,"Installed Monday.com desktop application, configured SSO integration with company Azure AD credentials, and verified the user can access their project boards. Added the application to the approved software list.","Moore, James",False,1,2.0,True,24.5,1.02,0.0,186.0,,6,11,Request to install project management software Project lead requesting installation of Monday.com desktop app on their workstation.
T20260123.0003,Need access to CRM application,Sales rep needs access provisioned to the Salesforce CRM. Manager has approved the request.,ABLE Manufacturing HQ,Primary Location,Complete,Low,Email,2.0,"Anderson, Scott",IT:Service Manager,IT:Level II,SW:Internal,,,Able Manufacturing - Recurring Service,IT:Premium SLA,2026-01-23 09:00:00,"Administrator, Autotask",2026-01-26 12:00:00,2026-01-30 12:00:00,2026-01-23 09:00:00,"Provisioned Salesforce CRM access with the Sales Rep profile, added to the appropriate role hierarchy, and configured SSO via Azure AD. Verified the user can log in and access their assigned accounts and opportunities. Sent onboarding guide to the user.","Anderson, Scott",False,1,2.0,True,75.0,3.12,0.0,171.0,,5,14,Need access to CRM application Sales rep needs access provisioned to the Salesforce CRM. Manager has approved the request.
T20260118.0005,Slow computer performance,User's workstation takes over 5 minutes to boot and applications are sluggish. Machine is 4 years old with HDD.,ABLE Manufacturing HQ,Primary Location,Complete,Medium,Email,2.0,"Miller, Susan",SW:Support II,IT:Level II,IT:Change,,,Able Manufacturing - Recurring Service,IT:Premium SLA,2026-01-18 05:30:00,"Administrator, Autotask",2026-01-22 00:30:00,2026-01-26 11:00:00,2026-01-18 05:30:00,"Replaced the mechanical HDD with a 500GB SSD, cloned the existing OS image, and increased RAM from 8GB to 16GB. Boot time reduced from 5+ minutes to 35 seconds. User confirmed significant performance improvement across all applications.","Miller, Susan",False,2,2.0,True,91.0,3.79,0.0,197.5,,3,19,Slow computer performance User's workstation takes over 5 minutes to boot and applications are sluggish. Machine is 4 years old with HDD.
T20260109.0001,Password reset request,Employee locked out of their account after multiple failed login attempts. Requesting password reset and account unlock.,ABLE Manufacturing HQ,Primary Location,Complete,Low,Email,2.0,"Miller, Susan",SW:Support II,IT:Level II,IT:Hardware,,,Able Manufacturing - Recurring Service,IT:Premium SLA,2026-01-09 08:30:00,"Administrator, Autotask",2026-01-11 15:30:00,2026-01-16 11:30:00,2026-01-09 08:30:00,"Unlocked the AD account, reset the password, and required a password change at next login. Verified the user could sign in successfully to their workstation and email. Reminded user of the self-service password reset portal.","Miller, Susan",False,1,2.0,True,55.0,2.29,0.0,171.0,,3,17,Password reset request Employee locked out of their account after multiple failed login attempts. Requesting password reset and account unlock.
T20251204.0010,Backup job failed overnight,Nightly backup job for the file server failed with a timeout error. Last successful backup was 3 days ago.,ABLE Manufacturing HQ,Primary Location,Complete,Critical,Email,2.0,"Taylor, Mark",IT:Technician II,Triage,Triage,,,Able Manufacturing - Recurring Service,IT:Premium SLA,2025-12-04 06:30:00,"Administrator, Autotask",2025-12-11 09:00:00,2025-12-11 11:00:00,2025-12-04 06:30:00,"Identified that a runaway database process was locking files during the backup window. Rescheduled the database maintenance job to complete before the backup window. Cleared the stale lock files, restarted the backup agent, and successfully ran a full backup. Verified backup integrity with a test restore.","Taylor, Mark",False,4,2.0,True,170.5,7.1,0.0,172.5,,4,19,Backup job failed overnight Nightly backup job for the file server failed with a timeout error. Last successful backup was 3 days ago.
T20251202.0003,Suspicious phishing email reported,Employee forwarded a suspicious email claiming to be from IT asking for credentials. Needs investigation.,ABLE Manufacturing HQ,Primary Location,Complete,High,Email,2.0,"Taylor, Mark",IT:Technician II,IT:Level II,Triage,,,Able Manufacturing - Recurring Service,IT:Premium SLA,2025-12-02 19:00:00,"Administrator, Autotask",2025-12-04 07:30:00,2025-12-10 11:00:00,2025-12-02 19:00:00,"Confirmed the email as a phishing attempt originating from a spoofed domain. Blocked the sender domain in the email gateway, purged the message from all mailboxes using content search, and submitted the URL to Microsoft for blacklisting. Sent a company-wide phishing awareness reminder.","Taylor, Mark",False,3,2.0,True,36.5,1.52,0.0,184.0,,4,15,Suspicious phishing email reported Employee forwarded a suspicious email claiming to be from IT asking for credentials. Needs investigation.
T20251208.0005,Internet speed slow at branch office,Branch office staff reporting significantly slower internet speeds since last week. ISP says no issues on their end.,ABLE Manufacturing HQ,Primary Location,Complete,High,Email,2.0,"Miller, Susan",SW:Support II,IT:Change Requests,SW:Change,,,Able Manufacturing - Recurring Service,IT:Premium SLA,2025-12-08 16:00:00,"Administrator, Autotask",2025-12-10 08:00:00,2025-12-16 10:00:00,2025-12-08 16:00:00,Traced the issue to a failing WAN interface on the branch firewall showing CRC errors. Replaced the SFP module and patch cable. Speeds returned to the provisioned 500Mbps symmetric. Monitored for 48 hours with no further degradation.,"Miller, Susan",False,3,2.0,True,40.0,1.67,0.0,186.0,,6,18,Internet speed slow at branch office Branch office staff reporting significantly slower internet speeds since last week. ISP says no issues on their end.
T20260103.0004,Desk phone not receiving calls,User's VoIP desk phone rings but no audio when answered. Other phones on the same switch work fine.,ABLE Manufacturing HQ,Primary Location,Complete,Medium,Email,2.0,"Moore, James",IT:Technician II,IT:Level II,SW:Internal,,,Able Manufacturing - Recurring Service,IT:Premium SLA,2026-01-03 16:30:00,"Administrator, Autotask",2026-01-11 13:30:00,2026-01-12 11:00:00,2026-01-03 16:30:00,Found the phone's audio codec settings had been reset to a non-supported format after a firmware auto-update. Reconfigured the codec priority to G.711 and rebooted the phone. Two-way audio confirmed working on both internal and external calls.,"Moore, James",False,2,2.0,True,189.0,7.88,0.0,210.5,,5,18,Desk phone not receiving calls User's VoIP desk phone rings but no audio when answered. Other phones on the same switch work fine.
T20260221.0006,VPN connection drops intermittently,"Remote employee experiences frequent VPN disconnections throughout the day, disrupting access to internal resources.",ABLE Manufacturing HQ,Primary Location,Complete,High,Email,2.0,"Anderson, Scott",IT:Service Manager,IT:Level II,Triage,,,Able Manufacturing - Recurring Service,IT:Premium SLA,2026-02-21 10:00:00,"Administrator, Autotask",2026-02-27 11:00:00,2026-03-02 11:00:00,2026-02-21 10:00:00,"Diagnosed intermittent VPN disconnections to a conflicting network adapter driver. Updated the adapter driver, disabled IPv6 on the VPN tunnel adapter, and adjusted the idle timeout setting in the GlobalProtect client. Verified stable connectivity over a 4-hour remote session with no drops.","Anderson, Scott",False,3,2.0,True,145.0,6.04,0.0,217.0,,4,14,"VPN connection drops intermittently Remote employee experiences frequent VPN disconnections throughout the day, disrupting access to internal resources."
T20251205.0008,Teams calls have audio echo,Multiple users in the open office area report audio echo issues during Microsoft Teams calls.,ABLE Manufacturing HQ,Primary Location,Complete,Medium,Email,2.0,"Miller, Susan",SW:Support II,IT:Change Requests,IT:Applications,,,Able Manufacturing - Recurring Service,IT:Premium SLA,2025-12-05 12:30:00,"Administrator, Autotask",2025-12-12 14:00:00,2025-12-12 15:30:00,2025-12-05 12:30:00,"Identified that multiple users in close proximity were using laptop speakers instead of headsets, causing audio feedback loops. Distributed USB headsets to affected users and configured Teams audio settings to default to headset output. Echo issues eliminated.","Miller, Susan",False,2,2.0,True,169.5,7.06,0.0,171.0,,5,15,Teams calls have audio echo Multiple users in the open office area report audio echo issues during Microsoft Teams calls.
T20251230.0007,Request for additional monitor,Department manager requesting a second monitor for their workstation to improve productivity.,ABLE Manufacturing HQ,Primary Location,Complete,Low,Email,2.0,"Moore, James",IT:Technician II,IT:Change Requests,SW:Internal,,,Able Manufacturing - Recurring Service,IT:Premium SLA,2025-12-30 02:30:00,"Administrator, Autotask",2026-01-02 13:00:00,2026-01-06 11:00:00,2025-12-30 02:30:00,Deployed a 24-inch Dell monitor from inventory to the user's desk. Connected via DisplayPort through existing docking station. Configured dual-monitor extended display and adjusted resolution settings per user preference.,"Moore, James",False,1,2.0,True,82.5,3.44,0.0,176.5,,4,12,Request for additional monitor Department manager requesting a second monitor for their workstation to improve productivity.
T20260215.0007,MFA not working on mobile device,User replaced their phone and can no longer receive MFA push notifications. Needs MFA token re-enrolled.,ABLE Manufacturing HQ,Primary Location,Complete,High,Email,2.0,"Moore, James",IT:Technician II,IT:Level II,SW:Internal,,,Able Manufacturing - Recurring Service,IT:Premium SLA,2026-02-15 12:00:00,"Administrator, Autotask",2026-02-19 14:00:00,2026-02-23 11:00:00,2026-02-15 12:00:00,"Revoked the old MFA token in Azure AD, re-enrolled the user's new device with Microsoft Authenticator, and verified push notifications working. Confirmed successful MFA login from both mobile and desktop.","Moore, James",False,3,2.0,True,98.0,4.08,0.0,191.0,,6,16,MFA not working on mobile device User replaced their phone and can no longer receive MFA push notifications. Needs MFA token re-enrolled.
T20260106.0006,New employee laptop setup,"New hire starting next Monday needs a laptop configured with standard software suite, email, and VPN access.",ABLE Manufacturing HQ,Primary Location,Complete,Low,Email,2.0,"Anderson, Scott",IT:Service Manager,IT:Change Requests,SW:Defect,,,Able Manufacturing - Recurring Service,IT:Premium SLA,2026-01-06 04:30:00,"Administrator, Autotask",2026-01-14 15:00:00,2026-01-13 11:00:00,2026-01-06 04:30:00,"Configured new Dell Latitude with Windows 11, joined to domain, installed standard software suite (Office 365, Teams, GlobalProtect VPN, Adobe Reader). Set up email profile and verified VPN connectivity. Laptop ready for new hire.","Anderson, Scott",False,1,2.0,True,202.5,8.44,0.0,174.5,28.0,4,17,"New employee laptop setup New hire starting next Monday needs a laptop configured with standard software suite, email, and VPN access."
T20251227.0007,Network printer offline,The Ricoh copier/printer in the main office shows offline status for all users. Physical device appears powered on.,ABLE Manufacturing HQ,Primary Location,Complete,High,Email,2.0,"Taylor, Mark",IT:Technician II,IT:Level I,IT:Hardware,,,Able Manufacturing - Recurring Service,IT:Premium SLA,2025-12-27 03:00:00,"Administrator, Autotask",2026-01-05 09:30:00,2026-01-05 11:00:00,2025-12-27 03:00:00,"Found the printer had obtained a new DHCP IP address after a network switch reboot. Assigned a static IP reservation in DHCP, updated the printer port configuration on the print server, and redeployed the printer via GPO. All users can now print successfully.","Taylor, Mark",False,3,2.0,True,222.5,9.27,0.0,224.0,,3,18,Network printer offline The Ricoh copier/printer in the main office shows offline status for all users. Physical device appears powered on.
T20260210.0003,OneDrive sync errors,User getting persistent sync conflict errors in OneDrive. Several files showing duplicate versions.,ABLE Manufacturing HQ,Primary Location,Complete,Medium,Email,2.0,"Anderson, Scott",IT:Service Manager,IT:Level I,SW:Support,,,Able Manufacturing - Recurring Service,IT:Premium SLA,2026-02-10 03:30:00,"Administrator, Autotask",2026-02-11 04:00:00,2026-02-17 11:00:00,2026-02-10 03:30:00,"Identified sync conflicts caused by files exceeding the 256-character path length limit. Shortened the nested folder structure, resolved the duplicate file versions by keeping the most recent copies, and reset the OneDrive sync client. Sync now running clean with no errors.","Anderson, Scott",False,2,2.0,True,24.5,1.02,0.0,175.5,,3,13,OneDrive sync errors User getting persistent sync conflict errors in OneDrive. Several files showing duplicate versions.
T20251212.0006,VPN connection drops intermittently,"Remote employee experiences frequent VPN disconnections throughout the day, disrupting access to internal resources.",ABLE Manufacturing HQ,Primary Location,Complete,High,Email,2.0,"Anderson, Scott",IT:Service Manager,IT:Level I,SW:Support,,,Able Manufacturing - Recurring Service,IT:Premium SLA,2025-12-12 01:00:00,"Administrator, Autotask",2025-12-13 16:00:00,2025-12-19 11:00:00,2025-12-12 01:00:00,"Diagnosed intermittent VPN disconnections to a conflicting network adapter driver. Updated the adapter driver, disabled IPv6 on the VPN tunnel adapter, and adjusted the idle timeout setting in the GlobalProtect client. Verified stable connectivity over a 4-hour remote session with no drops.","Anderson, Scott",False,3,2.0,True,39.0,1.62,0.0,178.0,,4,14,"VPN connection drops intermittently Remote employee experiences frequent VPN disconnections throughout the day, disrupting access to internal resources."
T20251230.0008,Suspicious phishing email reported,Employee forwarded a suspicious email claiming to be from IT asking for credentials. Needs investigation.,ABLE Manufacturing HQ,Primary Location,Complete,High,Email,2.0,"Moore, James",IT:Technician II,Triage,IT:Change,,,Able Manufacturing - Recurring Service,IT:Premium SLA,2025-12-30 02:30:00,"Administrator, Autotask",2026-01-04 17:00:00,2026-01-06 11:00:00,2025-12-30 02:30:00,"Confirmed the email as a phishing attempt originating from a spoofed domain. Blocked the sender domain in the email gateway, purged the message from all mailboxes using content search, and submitted the URL to Microsoft for blacklisting. Sent a company-wide phishing awareness reminder.","Moore, James",False,3,2.0,True,134.5,5.6,0.0,176.5,,4,15,Suspicious phishing email reported Employee forwarded a suspicious email claiming to be from IT asking for credentials. Needs investigation.
T20260128.0003,Keyboard and mouse not responding,User's wireless keyboard and mouse stopped working. New batteries did not fix the issue.,ABLE Manufacturing HQ,Primary Location,Complete,Medium,Email,2.0,"Moore, James",IT:Technician II,IT:Level I,Triage,,,Able Manufacturing - Recurring Service,IT:Premium SLA,2026-01-28 21:30:00,"Administrator, Autotask",2026-02-03 01:00:00,2026-02-05 11:00:00,2026-01-28 21:30:00,"Determined the Logitech Unifying receiver had failed. Replaced the USB receiver, re-paired both the keyboard and mouse, and verified consistent input response. Provided a spare receiver to the user as backup.","Moore, James",False,2,2.0,True,123.5,5.15,0.0,181.5,,5,14,Keyboard and mouse not responding User's wireless keyboard and mouse stopped working. New batteries did not fix the issue.
T20260106.0007,Teams calls have audio echo,Multiple users in the open office area report audio echo issues during Microsoft Teams calls.,ABLE Manufacturing HQ,Primary Location,Complete,Medium,Email,2.0,"Anderson, Scott",IT:Service Manager,IT:Level I,IT:Change,,,Able Manufacturing - Recurring Service,IT:Premium SLA,2026-01-06 08:30:00,"Administrator, Autotask",2026-01-09 02:00:00,2026-01-13 11:30:00,2026-01-06 08:30:00,"Identified that multiple users in close proximity were using laptop speakers instead of headsets, causing audio feedback loops. Distributed USB headsets to affected users and configured Teams audio settings to default to headset output. Echo issues eliminated.","Anderson, Scott",False,2,2.0,True,65.5,2.73,0.0,171.0,,5,15,Teams calls have audio echo Multiple users in the open office area report audio echo issues during Microsoft Teams calls.
T20260120.0007,New user account creation,"HR requests new Active Directory account, email, and standard group memberships for incoming Accounting associate.",ABLE Manufacturing HQ,Primary Location,Complete,Low,Email,2.0,"Taylor, Mark",IT:Technician II,IT:Level I,IT:Change,,,Able Manufacturing - Recurring Service,IT:Premium SLA,2026-01-20 07:30:00,"Administrator, Autotask",2026-01-24 00:00:00,2026-01-27 11:00:00,2026-01-20 07:30:00,"Created AD account with standard naming convention, added to Accounting security and distribution groups, provisioned Exchange Online mailbox, and configured OneDrive. Sent welcome credentials to the hiring manager via secure channel.","Taylor, Mark",False,1,2.0,True,88.5,3.69,0.0,171.5,,4,15,"New user account creation HR requests new Active Directory account, email, and standard group memberships for incoming Accounting associate."
T20251218.0004,QuickBooks not launching after update,QuickBooks Desktop crashes immediately on launch after the latest update was applied overnight.,ABLE Manufacturing HQ,Primary Location,Complete,Medium,Email,2.0,"Miller, Susan",SW:Support II,IT:Level II,SW:Support,,,Able Manufacturing - Recurring Service,IT:Premium SLA,2025-12-18 05:30:00,"Administrator, Autotask",2025-12-19 12:00:00,2025-12-25 11:00:00,2025-12-18 05:30:00,"Rolled back the problematic QuickBooks update (R5 to R4), repaired the company file using the QuickBooks File Doctor tool, and verified the application launches and data integrity is intact. Deferred the update pending a patch from Intuit.","Miller, Susan",False,2,2.0,True,30.5,1.27,0.0,173.5,,5,13,QuickBooks not launching after update QuickBooks Desktop crashes immediately on launch after the latest update was applied overnight.
T20251227.0008,Request for additional monitor,Department manager requesting a second monitor for their workstation to improve productivity.,ABLE Manufacturing HQ,Primary Location,Complete,Low,Email,2.0,"Taylor, Mark",IT:Technician II,IT:Change Requests,IT:Change,,,Able Manufacturing - Recurring Service,IT:Premium SLA,2025-12-27 04:00:00,"Administrator, Autotask",2025-12-28 17:30:00,2026-01-05 11:00:00,2025-12-27 04:00:00,Deployed a 24-inch Dell monitor from inventory to the user's desk. Connected via DisplayPort through existing docking station. Configured dual-monitor extended display and adjusted resolution settings per user preference.,"Taylor, Mark",False,1,2.0,True,37.5,1.56,0.0,223.0,,4,12,Request for additional monitor Department manager requesting a second monitor for their workstation to improve productivity.
T20251206.0004,Email bouncing back to external clients,Several external clients report emails to our sales team are bouncing back with a 550 error.,ABLE Manufacturing HQ,Primary Location,Complete,Critical,Email,2.0,"Moore, James",IT:Technician II,IT:Level II,SW:Support,,,Able Manufacturing - Recurring Service,IT:Premium SLA,2025-12-06 10:00:00,"Administrator, Autotask",2025-12-06 20:30:00,2025-12-15 11:00:00,2025-12-06 10:00:00,Identified an expired MX record pointing to a decommissioned mail relay. Updated DNS MX records to point to the current Exchange Online endpoints. Flushed DNS cache on the domain registrar. Confirmed external email delivery restored within 30 minutes.,"Moore, James",False,4,2.0,True,10.5,0.44,0.0,217.0,,6,16,Email bouncing back to external clients Several external clients report emails to our sales team are bouncing back with a 550 error.
T20260213.0004,Server room temperature alert,Environmental monitoring system triggered a high-temperature alert in the server room. HVAC may be malfunctioning.,ABLE Manufacturing HQ,Primary Location,Complete,Critical,Email,2.0,"Miller, Susan",SW:Support II,IT:Level II,SW:Change,,,Able Manufacturing - Recurring Service,IT:Premium SLA,2026-02-13 12:00:00,"Administrator, Autotask",2026-02-22 10:00:00,2026-02-20 15:00:00,2026-02-13 12:00:00,Responded to the alert within 15 minutes. Found the primary CRAC unit had a frozen evaporator coil. Switched to the redundant cooling unit and contacted the HVAC vendor for emergency service. Primary unit repaired and back online within 4 hours. Temperature stabilized at 68掳F.,"Miller, Susan",False,4,2.0,True,214.0,8.92,0.0,171.0,43.0,4,15,Server room temperature alert Environmental monitoring system triggered a high-temperature alert in the server room. HVAC may be malfunctioning.
T20260108.0004,Desk phone not receiving calls,User's VoIP desk phone rings but no audio when answered. Other phones on the same switch work fine.,ABLE Manufacturing HQ,Primary Location,Complete,Medium,Email,2.0,"Miller, Susan",SW:Support II,IT:Level I,SW:Internal,,,Able Manufacturing - Recurring Service,IT:Premium SLA,2026-01-08 19:30:00,"Administrator, Autotask",2026-01-15 23:30:00,2026-01-16 11:00:00,2026-01-08 19:30:00,Found the phone's audio codec settings had been reset to a non-supported format after a firmware auto-update. Reconfigured the codec priority to G.711 and rebooted the phone. Two-way audio confirmed working on both internal and external calls.,"Miller, Susan",False,2,2.0,True,172.0,7.17,0.0,183.5,,5,18,Desk phone not receiving calls User's VoIP desk phone rings but no audio when answered. Other phones on the same switch work fine.
T20260203.0007,Shared drive access denied,User in Accounting cannot access the shared S: drive. Permissions appear correct in AD but access is still denied.,ABLE Manufacturing HQ,Primary Location,Complete,Medium,Email,2.0,"Taylor, Mark",IT:Technician II,Triage,IT:Applications,,,Able Manufacturing - Recurring Service,IT:Premium SLA,2026-02-03 20:30:00,"Administrator, Autotask",2026-02-10 04:30:00,2026-02-11 11:00:00,2026-02-03 20:30:00,"Identified a stale cached credential causing the access denial. Cleared the Windows Credential Manager entries for the file server, remapped the S: drive, and verified full read/write access to the Accounting share.","Taylor, Mark",False,2,2.0,True,152.0,6.33,0.0,182.5,,4,19,Shared drive access denied User in Accounting cannot access the shared S: drive. Permissions appear correct in AD but access is still denied.
T20260227.0009,File recovery request,User accidentally deleted a folder from the shared drive and needs it restored from backup.,ABLE Manufacturing HQ,Primary Location,Complete,Medium,Email,2.0,"Miller, Susan",SW:Support II,IT:Level II,SW:Change,,,Able Manufacturing - Recurring Service,IT:Premium SLA,2026-02-27 14:30:00,"Administrator, Autotask",2026-03-08 09:00:00,2026-03-09 08:30:00,2026-02-27 14:30:00,Restored the deleted folder and all contents from the previous night's Veeam backup snapshot. Verified file integrity and permissions match the original. Confirmed with the user that all expected files are present and accessible.,"Miller, Susan",False,2,2.0,True,210.5,8.77,0.0,234.0,,3,15,File recovery request User accidentally deleted a folder from the shared drive and needs it restored from backup.
T20260215.0008,Backup job failed overnight,Nightly backup job for the file server failed with a timeout error. Last successful backup was 3 days ago.,ABLE Manufacturing HQ,Primary Location,Complete,Critical,Email,2.0,"Moore, James",IT:Technician II,IT:Change Requests,SW:Support,,,Able Manufacturing - Recurring Service,IT:Premium SLA,2026-02-15 13:00:00,"Administrator, Autotask",2026-02-22 06:30:00,2026-02-23 11:00:00,2026-02-15 13:00:00,"Identified that a runaway database process was locking files during the backup window. Rescheduled the database maintenance job to complete before the backup window. Cleared the stale lock files, restarted the backup agent, and successfully ran a full backup. Verified backup integrity with a test restore.","Moore, James",False,4,2.0,True,161.5,6.73,0.0,190.0,,4,19,Backup job failed overnight Nightly backup job for the file server failed with a timeout error. Last successful backup was 3 days ago.
T20251219.0010,Windows update causing BSOD,Two workstations experiencing Blue Screen of Death after latest Windows cumulative update was installed.,ABLE Manufacturing HQ,Primary Location,Complete,Critical,Email,2.0,"Taylor, Mark",IT:Technician II,IT:Level II,IT:Hardware,,,Able Manufacturing - Recurring Service,IT:Premium SLA,2025-12-19 00:30:00,"Administrator, Autotask",2025-12-26 09:30:00,2025-12-26 11:00:00,2025-12-19 00:30:00,"Identified KB5034441 as the problematic update conflicting with the Symantec endpoint agent. Booted both machines into Safe Mode, uninstalled the update, and added it to the WSUS decline list. Both workstations stable. Coordinated with Symantec support for a compatibility fix before re-deploying the update.","Taylor, Mark",False,4,2.0,True,177.0,7.38,0.0,178.5,,4,14,Windows update causing BSOD Two workstations experiencing Blue Screen of Death after latest Windows cumulative update was installed.
T20260222.0007,Software license expired for Adobe Acrobat,Adobe Acrobat Pro license has expired for the Marketing department. Three users unable to edit PDFs.,ABLE Manufacturing HQ,Primary Location,Complete,Low,Email,2.0,"Anderson, Scott",IT:Service Manager,IT:Level II,IT:Applications,,,Able Manufacturing - Recurring Service,IT:Premium SLA,2026-02-22 02:30:00,"Administrator, Autotask",2026-02-22 23:00:00,2026-03-02 11:00:00,2026-02-22 02:30:00,Procured three Adobe Acrobat Pro renewal licenses through the company's volume licensing agreement. Activated licenses on all three Marketing workstations and confirmed PDF editing functionality restored.,"Anderson, Scott",False,1,2.0,True,20.5,0.85,0.0,200.5,,6,16,Software license expired for Adobe Acrobat Adobe Acrobat Pro license has expired for the Marketing department. Three users unable to edit PDFs.
T20251220.0008,Outlook not syncing emails,User reports Outlook on their workstation is not syncing new emails. Restarting the application did not resolve the issue.,ABLE Manufacturing HQ,Primary Location,Complete,Medium,Email,2.0,"Taylor, Mark",IT:Technician II,Triage,Triage,,,Able Manufacturing - Recurring Service,IT:Premium SLA,2025-12-20 20:00:00,"Administrator, Autotask",2025-12-23 15:00:00,2025-12-29 11:00:00,2025-12-20 20:00:00,Rebuilt the Outlook profile and cleared the local OST cache. Re-synced the mailbox from Exchange Online. Verified all folders syncing correctly and monitored for 2 hours with no recurrence.,"Taylor, Mark",False,2,2.0,True,67.0,2.79,0.0,207.0,,4,19,Outlook not syncing emails User reports Outlook on their workstation is not syncing new emails. Restarting the application did not resolve the issue.
T20251227.0009,Email bouncing back to external clients,Several external clients report emails to our sales team are bouncing back with a 550 error.,ABLE Manufacturing HQ,Primary Location,Complete,Critical,Email,2.0,"Miller, Susan",SW:Support II,IT:Level II,SW:Defect,,,Able Manufacturing - Recurring Service,IT:Premium SLA,2025-12-27 08:30:00,"Administrator, Autotask",2026-01-05 06:30:00,2026-01-05 11:00:00,2025-12-27 08:30:00,Identified an expired MX record pointing to a decommissioned mail relay. Updated DNS MX records to point to the current Exchange Online endpoints. Flushed DNS cache on the domain registrar. Confirmed external email delivery restored within 30 minutes.,"Miller, Susan",False,4,2.0,True,214.0,8.92,0.0,218.5,,6,16,Email bouncing back to external clients Several external clients report emails to our sales team are bouncing back with a 550 error.
T20260117.0006,Shared drive access denied,User in Accounting cannot access the shared S: drive. Permissions appear correct in AD but access is still denied.,ABLE Manufacturing HQ,Primary Location,Complete,Medium,Email,2.0,"Anderson, Scott",IT:Service Manager,IT:Change Requests,SW:Internal,,,Able Manufacturing - Recurring Service,IT:Premium SLA,2026-01-17 04:00:00,"Administrator, Autotask",2026-01-23 16:00:00,2026-01-26 11:00:00,2026-01-17 04:00:00,"Identified a stale cached credential causing the access denial. Cleared the Windows Credential Manager entries for the file server, remapped the S: drive, and verified full read/write access to the Accounting share.","Anderson, Scott",False,2,2.0,True,156.0,6.5,0.0,223.0,,4,19,Shared drive access denied User in Accounting cannot access the shared S: drive. Permissions appear correct in AD but access is still denied.
T20260124.0008,Request for additional monitor,Department manager requesting a second monitor for their workstation to improve productivity.,ABLE Manufacturing HQ,Primary Location,Complete,Low,Email,2.0,"Taylor, Mark",IT:Technician II,IT:Change Requests,Triage,,,Able Manufacturing - Recurring Service,IT:Premium SLA,2026-01-24 02:00:00,"Administrator, Autotask",2026-02-01 10:30:00,2026-02-02 11:00:00,2026-01-24 02:00:00,Deployed a 24-inch Dell monitor from inventory to the user's desk. Connected via DisplayPort through existing docking station. Configured dual-monitor extended display and adjusted resolution settings per user preference.,"Taylor, Mark",False,1,2.0,True,200.5,8.35,0.0,225.0,,4,12,Request for additional monitor Department manager requesting a second monitor for their workstation to improve productivity.
T20260222.0008,Desk phone not receiving calls,User's VoIP desk phone rings but no audio when answered. Other phones on the same switch work fine.,ABLE Manufacturing HQ,Primary Location,Complete,Medium,Email,2.0,"Anderson, Scott",IT:Service Manager,Triage,SW:Internal,,,Able Manufacturing - Recurring Service,IT:Premium SLA,2026-02-22 11:30:00,"Administrator, Autotask",2026-02-27 10:00:00,2026-03-02 11:00:00,2026-02-22 11:30:00,Found the phone's audio codec settings had been reset to a non-supported format after a firmware auto-update. Reconfigured the codec priority to G.711 and rebooted the phone. Two-way audio confirmed working on both internal and external calls.,"Anderson, Scott",False,2,2.0,True,118.5,4.94,0.0,191.5,,5,18,Desk phone not receiving calls User's VoIP desk phone rings but no audio when answered. Other phones on the same switch work fine.
T20251212.0008,Laptop battery not holding charge,User's Dell laptop battery drains from 100% to 0% in under an hour. Laptop is 2 years old.,ABLE Manufacturing HQ,Primary Location,Complete,Medium,Email,2.0,"Anderson, Scott",IT:Service Manager,IT:Change Requests,SW:Defect,,,Able Manufacturing - Recurring Service,IT:Premium SLA,2025-12-12 15:00:00,"Administrator, Autotask",2025-12-13 09:00:00,2025-12-22 09:00:00,2025-12-12 15:00:00,Ran Dell battery diagnostics which confirmed the battery health at 12% capacity. Ordered and installed a replacement battery under the ProSupport warranty. New battery holds a full charge for 6+ hours. Calibrated the battery and updated BIOS.,"Anderson, Scott",False,2,2.0,True,18.0,0.75,0.0,234.0,,5,18,Laptop battery not holding charge User's Dell laptop battery drains from 100% to 0% in under an hour. Laptop is 2 years old.
T20260302.0009,QuickBooks not launching after update,QuickBooks Desktop crashes immediately on launch after the latest update was applied overnight.,ABLE Manufacturing HQ,Primary Location,Complete,Medium,Email,2.0,"Taylor, Mark",IT:Technician II,IT:Level II,IT:Hardware,,,Able Manufacturing - Recurring Service,IT:Premium SLA,2026-03-02 01:30:00,"Administrator, Autotask",2026-03-11 17:00:00,2026-03-09 11:00:00,2026-03-02 01:30:00,"Rolled back the problematic QuickBooks update (R5 to R4), repaired the company file using the QuickBooks File Doctor tool, and verified the application launches and data integrity is intact. Deferred the update pending a patch from Intuit.","Taylor, Mark",False,2,2.0,True,231.5,9.65,0.0,177.5,54.0,5,13,QuickBooks not launching after update QuickBooks Desktop crashes immediately on launch after the latest update was applied overnight.
T20260301.0004,Windows update causing BSOD,Two workstations experiencing Blue Screen of Death after latest Windows cumulative update was installed.,ABLE Manufacturing HQ,Primary Location,Complete,Critical,Email,2.0,"Anderson, Scott",IT:Service Manager,IT:Change Requests,IT:Change,,,Able Manufacturing - Recurring Service,IT:Premium SLA,2026-03-01 18:30:00,"Administrator, Autotask",2026-03-03 09:30:00,2026-03-09 11:00:00,2026-03-01 18:30:00,"Identified KB5034441 as the problematic update conflicting with the Symantec endpoint agent. Booted both machines into Safe Mode, uninstalled the update, and added it to the WSUS decline list. Both workstations stable. Coordinated with Symantec support for a compatibility fix before re-deploying the update.","Anderson, Scott",False,4,2.0,True,39.0,1.62,0.0,184.5,,4,14,Windows update causing BSOD Two workstations experiencing Blue Screen of Death after latest Windows cumulative update was installed.
T20260225.0005,Outlook not syncing emails,User reports Outlook on their workstation is not syncing new emails. Restarting the application did not resolve the issue.,ABLE Manufacturing HQ,Primary Location,Complete,Medium,Email,2.0,"Miller, Susan",SW:Support II,IT:Change Requests,Triage,,,Able Manufacturing - Recurring Service,IT:Premium SLA,2026-02-25 18:00:00,"Administrator, Autotask",2026-03-04 02:30:00,2026-03-05 11:00:00,2026-02-25 18:00:00,Rebuilt the Outlook profile and cleared the local OST cache. Re-synced the mailbox from Exchange Online. Verified all folders syncing correctly and monitored for 2 hours with no recurrence.,"Miller, Susan",False,2,2.0,True,152.5,6.35,0.0,185.0,,4,19,Outlook not syncing emails User reports Outlook on their workstation is not syncing new emails. Restarting the application did not resolve the issue.
T20251215.0005,Network printer offline,The Ricoh copier/printer in the main office shows offline status for all users. Physical device appears powered on.,ABLE Manufacturing HQ,Primary Location,Complete,High,Email,2.0,"Taylor, Mark",IT:Technician II,IT:Level I,SW:Support,,,Able Manufacturing - Recurring Service,IT:Premium SLA,2025-12-15 13:30:00,"Administrator, Autotask",2025-12-18 20:30:00,2025-12-22 16:30:00,2025-12-15 13:30:00,"Found the printer had obtained a new DHCP IP address after a network switch reboot. Assigned a static IP reservation in DHCP, updated the printer port configuration on the print server, and redeployed the printer via GPO. All users can now print successfully.","Taylor, Mark",False,3,2.0,True,79.0,3.29,0.0,171.0,,3,18,Network printer offline The Ricoh copier/printer in the main office shows offline status for all users. Physical device appears powered on.
T20260212.0009,Keyboard and mouse not responding,User's wireless keyboard and mouse stopped working. New batteries did not fix the issue.,ABLE Manufacturing HQ,Primary Location,Complete,Medium,Email,2.0,"Miller, Susan",SW:Support II,IT:Change Requests,IT:Hardware,,,Able Manufacturing - Recurring Service,IT:Premium SLA,2026-02-12 18:00:00,"Administrator, Autotask",2026-02-22 17:30:00,2026-02-20 11:00:00,2026-02-12 18:00:00,"Determined the Logitech Unifying receiver had failed. Replaced the USB receiver, re-paired both the keyboard and mouse, and verified consistent input response. Provided a spare receiver to the user as backup.","Miller, Susan",False,2,2.0,True,239.5,9.98,0.0,185.0,54.5,5,14,Keyboard and mouse not responding User's wireless keyboard and mouse stopped working. New batteries did not fix the issue.
T20251218.0005,Printer jamming on 2nd floor,The shared HP LaserJet on the 2nd floor is consistently jamming when printing duplex jobs. Paper tray has been checked.,ABLE Manufacturing HQ,Primary Location,Complete,Medium,Email,2.0,"Moore, James",IT:Technician II,IT:Level II,SW:Internal,,,Able Manufacturing - Recurring Service,IT:Premium SLA,2025-12-18 17:30:00,"Administrator, Autotask",2025-12-26 04:30:00,2025-12-26 11:00:00,2025-12-18 17:30:00,Cleaned the duplex unit rollers and replaced worn pickup rollers. Recalibrated the paper path and ran 50 test duplex prints with no jams. Issue resolved.,"Moore, James",False,2,2.0,True,179.0,7.46,0.0,185.5,,5,20,Printer jamming on 2nd floor The shared HP LaserJet on the 2nd floor is consistently jamming when printing duplex jobs. Paper tray has been checked.
T20251205.0009,VPN connection drops intermittently,"Remote employee experiences frequent VPN disconnections throughout the day, disrupting access to internal resources.",ABLE Manufacturing HQ,Primary Location,Complete,High,Email,2.0,"Anderson, Scott",IT:Service Manager,IT:Level I,Triage,,,Able Manufacturing - Recurring Service,IT:Premium SLA,2025-12-05 13:30:00,"Administrator, Autotask",2025-12-09 10:30:00,2025-12-12 16:30:00,2025-12-05 13:30:00,"Diagnosed intermittent VPN disconnections to a conflicting network adapter driver. Updated the adapter driver, disabled IPv6 on the VPN tunnel adapter, and adjusted the idle timeout setting in the GlobalProtect client. Verified stable connectivity over a 4-hour remote session with no drops.","Anderson, Scott",False,3,2.0,True,93.0,3.88,0.0,171.0,,4,14,"VPN connection drops intermittently Remote employee experiences frequent VPN disconnections throughout the day, disrupting access to internal resources."
T20251207.0005,File recovery request,User accidentally deleted a folder from the shared drive and needs it restored from backup.,ABLE Manufacturing HQ,Primary Location,Complete,Medium,Email,2.0,"Moore, James",IT:Technician II,Triage,IT:Hardware,,,Able Manufacturing - Recurring Service,IT:Premium SLA,2025-12-07 11:30:00,"Administrator, Autotask",2025-12-07 15:00:00,2025-12-15 11:00:00,2025-12-07 11:30:00,Restored the deleted folder and all contents from the previous night's Veeam backup snapshot. Verified file integrity and permissions match the original. Confirmed with the user that all expected files are present and accessible.,"Moore, James",False,2,2.0,True,3.5,0.15,0.0,191.5,,3,15,File recovery request User accidentally deleted a folder from the shared drive and needs it restored from backup.
T20251204.0011,New user account creation,"HR requests new Active Directory account, email, and standard group memberships for incoming Accounting associate.",ABLE Manufacturing HQ,Primary Location,Complete,Low,Email,2.0,"Moore, James",IT:Technician II,IT:Change Requests,IT:Change,,,Able Manufacturing - Recurring Service,IT:Premium SLA,2025-12-04 05:00:00,"Administrator, Autotask",2025-12-06 04:00:00,2025-12-11 11:00:00,2025-12-04 05:00:00,"Created AD account with standard naming convention, added to Accounting security and distribution groups, provisioned Exchange Online mailbox, and configured OneDrive. Sent welcome credentials to the hiring manager via secure channel.","Moore, James",False,1,2.0,True,47.0,1.96,0.0,174.0,,4,15,"New user account creation HR requests new Active Directory account, email, and standard group memberships for incoming Accounting associate."
T20260227.0010,Keyboard and mouse not responding,User's wireless keyboard and mouse stopped working. New batteries did not fix the issue.,ABLE Manufacturing HQ,Primary Location,Complete,Medium,Email,2.0,"Taylor, Mark",IT:Technician II,Triage,Triage,,,Able Manufacturing - Recurring Service,IT:Premium SLA,2026-02-27 03:30:00,"Administrator, Autotask",2026-03-01 04:30:00,2026-03-06 11:00:00,2026-02-27 03:30:00,"Determined the Logitech Unifying receiver had failed. Replaced the USB receiver, re-paired both the keyboard and mouse, and verified consistent input response. Provided a spare receiver to the user as backup.","Taylor, Mark",False,2,2.0,True,49.0,2.04,0.0,175.5,,5,14,Keyboard and mouse not responding User's wireless keyboard and mouse stopped working. New batteries did not fix the issue.
T20251211.0004,Email bouncing back to external clients,Several external clients report emails to our sales team are bouncing back with a 550 error.,ABLE Manufacturing HQ,Primary Location,Complete,Critical,Email,2.0,"Moore, James",IT:Technician II,IT:Level I,SW:Change,,,Able Manufacturing - Recurring Service,IT:Premium SLA,2025-12-11 17:30:00,"Administrator, Autotask",2025-12-20 14:00:00,2025-12-19 11:00:00,2025-12-11 17:30:00,Identified an expired MX record pointing to a decommissioned mail relay. Updated DNS MX records to point to the current Exchange Online endpoints. Flushed DNS cache on the domain registrar. Confirmed external email delivery restored within 30 minutes.,"Moore, James",False,4,2.0,True,212.5,8.85,0.0,185.5,27.0,6,16,Email bouncing back to external clients Several external clients report emails to our sales team are bouncing back with a 550 error.
T20251218.0006,File recovery request,User accidentally deleted a folder from the shared drive and needs it restored from backup.,ABLE Manufacturing HQ,Primary Location,Complete,Medium,Email,2.0,"Anderson, Scott",IT:Service Manager,IT:Level I,SW:Change,,,Able Manufacturing - Recurring Service,IT:Premium SLA,2025-12-18 17:30:00,"Administrator, Autotask",2025-12-19 14:30:00,2025-12-26 11:00:00,2025-12-18 17:30:00,Restored the deleted folder and all contents from the previous night's Veeam backup snapshot. Verified file integrity and permissions match the original. Confirmed with the user that all expected files are present and accessible.,"Anderson, Scott",False,2,2.0,True,21.0,0.88,0.0,185.5,,3,15,File recovery request User accidentally deleted a folder from the shared drive and needs it restored from backup.
T20260228.0005,VPN connection drops intermittently,"Remote employee experiences frequent VPN disconnections throughout the day, disrupting access to internal resources.",ABLE Manufacturing HQ,Primary Location,Complete,High,Email,2.0,"Anderson, Scott",IT:Service Manager,Triage,IT:Hardware,,,Able Manufacturing - Recurring Service,IT:Premium SLA,2026-02-28 03:30:00,"Administrator, Autotask",2026-02-28 15:30:00,2026-03-09 11:00:00,2026-02-28 03:30:00,"Diagnosed intermittent VPN disconnections to a conflicting network adapter driver. Updated the adapter driver, disabled IPv6 on the VPN tunnel adapter, and adjusted the idle timeout setting in the GlobalProtect client. Verified stable connectivity over a 4-hour remote session with no drops.","Anderson, Scott",False,3,2.0,True,12.0,0.5,0.0,223.5,,4,14,"VPN connection drops intermittently Remote employee experiences frequent VPN disconnections throughout the day, disrupting access to internal resources."
T20260111.0007,Printer jamming on 2nd floor,The shared HP LaserJet on the 2nd floor is consistently jamming when printing duplex jobs. Paper tray has been checked.,ABLE Manufacturing HQ,Primary Location,Complete,Medium,Email,2.0,"Moore, James",IT:Technician II,Triage,SW:Support,,,Able Manufacturing - Recurring Service,IT:Premium SLA,2026-01-11 06:30:00,"Administrator, Autotask",2026-01-15 01:30:00,2026-01-19 11:00:00,2026-01-11 06:30:00,Cleaned the duplex unit rollers and replaced worn pickup rollers. Recalibrated the paper path and ran 50 test duplex prints with no jams. Issue resolved.,"Moore, James",False,2,2.0,True,91.0,3.79,0.0,196.5,,5,20,Printer jamming on 2nd floor The shared HP LaserJet on the 2nd floor is consistently jamming when printing duplex jobs. Paper tray has been checked.
T20260116.0009,Shared drive access denied,User in Accounting cannot access the shared S: drive. Permissions appear correct in AD but access is still denied.,ABLE Manufacturing HQ,Primary Location,Complete,Medium,Email,2.0,"Taylor, Mark",IT:Technician II,IT:Level II,SW:Support,,,Able Manufacturing - Recurring Service,IT:Premium SLA,2026-01-16 00:30:00,"Administrator, Autotask",2026-01-17 18:00:00,2026-01-23 11:00:00,2026-01-16 00:30:00,"Identified a stale cached credential causing the access denial. Cleared the Windows Credential Manager entries for the file server, remapped the S: drive, and verified full read/write access to the Accounting share.","Taylor, Mark",False,2,2.0,True,41.5,1.73,0.0,178.5,,4,19,Shared drive access denied User in Accounting cannot access the shared S: drive. Permissions appear correct in AD but access is still denied.
T20260212.0010,Suspicious phishing email reported,Employee forwarded a suspicious email claiming to be from IT asking for credentials. Needs investigation.,ABLE Manufacturing HQ,Primary Location,Complete,High,Email,2.0,"Anderson, Scott",IT:Service Manager,IT:Level II,IT:Applications,,,Able Manufacturing - Recurring Service,IT:Premium SLA,2026-02-12 05:00:00,"Administrator, Autotask",2026-02-18 02:00:00,2026-02-19 11:00:00,2026-02-12 05:00:00,"Confirmed the email as a phishing attempt originating from a spoofed domain. Blocked the sender domain in the email gateway, purged the message from all mailboxes using content search, and submitted the URL to Microsoft for blacklisting. Sent a company-wide phishing awareness reminder.","Anderson, Scott",False,3,2.0,True,141.0,5.88,0.0,174.0,,4,15,Suspicious phishing email reported Employee forwarded a suspicious email claiming to be from IT asking for credentials. Needs investigation.
T20251226.0010,Request to install project management software,Project lead requesting installation of Monday.com desktop app on their workstation.,ABLE Manufacturing HQ,Primary Location,Complete,Low,Email,2.0,"Miller, Susan",SW:Support II,IT:Change Requests,IT:Change,,,Able Manufacturing - Recurring Service,IT:Premium SLA,2025-12-26 18:00:00,"Administrator, Autotask",2025-12-30 14:00:00,2026-01-05 11:00:00,2025-12-26 18:00:00,"Installed Monday.com desktop application, configured SSO integration with company Azure AD credentials, and verified the user can access their project boards. Added the application to the approved software list.","Miller, Susan",False,1,2.0,True,92.0,3.83,0.0,233.0,,6,11,Request to install project management software Project lead requesting installation of Monday.com desktop app on their workstation.
T20260127.0008,Desk phone not receiving calls,User's VoIP desk phone rings but no audio when answered. Other phones on the same switch work fine.,ABLE Manufacturing HQ,Primary Location,Complete,Medium,Email,2.0,"Moore, James",IT:Technician II,IT:Change Requests,IT:Applications,,,Able Manufacturing - Recurring Service,IT:Premium SLA,2026-01-27 14:00:00,"Administrator, Autotask",2026-02-01 04:00:00,2026-02-03 17:00:00,2026-01-27 14:00:00,Found the phone's audio codec settings had been reset to a non-supported format after a firmware auto-update. Reconfigured the codec priority to G.711 and rebooted the phone. Two-way audio confirmed working on both internal and external calls.,"Moore, James",False,2,2.0,True,110.0,4.58,0.0,171.0,,5,18,Desk phone not receiving calls User's VoIP desk phone rings but no audio when answered. Other phones on the same switch work fine.
T20251221.0009,Backup job failed overnight,Nightly backup job for the file server failed with a timeout error. Last successful backup was 3 days ago.,ABLE Manufacturing HQ,Primary Location,Complete,Critical,Email,2.0,"Miller, Susan",SW:Support II,Triage,SW:Change,,,Able Manufacturing - Recurring Service,IT:Premium SLA,2025-12-21 21:00:00,"Administrator, Autotask",2025-12-24 09:30:00,2025-12-29 11:00:00,2025-12-21 21:00:00,"Identified that a runaway database process was locking files during the backup window. Rescheduled the database maintenance job to complete before the backup window. Cleared the stale lock files, restarted the backup agent, and successfully ran a full backup. Verified backup integrity with a test restore.","Miller, Susan",False,4,2.0,True,60.5,2.52,0.0,182.0,,4,19,Backup job failed overnight Nightly backup job for the file server failed with a timeout error. Last successful backup was 3 days ago.
T20251227.0011,Internet speed slow at branch office,Branch office staff reporting significantly slower internet speeds since last week. ISP says no issues on their end.,ABLE Manufacturing HQ,Primary Location,Complete,High,Email,2.0,"Taylor, Mark",IT:Technician II,IT:Level I,SW:Change,,,Able Manufacturing - Recurring Service,IT:Premium SLA,2025-12-27 22:30:00,"Administrator, Autotask",2026-01-04 13:30:00,2026-01-05 11:00:00,2025-12-27 22:30:00,Traced the issue to a failing WAN interface on the branch firewall showing CRC errors. Replaced the SFP module and patch cable. Speeds returned to the provisioned 500Mbps symmetric. Monitored for 48 hours with no further degradation.,"Taylor, Mark",False,3,2.0,True,183.0,7.62,0.0,204.5,,6,18,Internet speed slow at branch office Branch office staff reporting significantly slower internet speeds since last week. ISP says no issues on their end.
T20251213.0007,Windows update causing BSOD,Two workstations experiencing Blue Screen of Death after latest Windows cumulative update was installed.,ABLE Manufacturing HQ,Primary Location,Complete,Critical,Email,2.0,"Moore, James",IT:Technician II,IT:Level I,SW:Support,,,Able Manufacturing - Recurring Service,IT:Premium SLA,2025-12-13 10:30:00,"Administrator, Autotask",2025-12-15 05:00:00,2025-12-22 11:00:00,2025-12-13 10:30:00,"Identified KB5034441 as the problematic update conflicting with the Symantec endpoint agent. Booted both machines into Safe Mode, uninstalled the update, and added it to the WSUS decline list. Both workstations stable. Coordinated with Symantec support for a compatibility fix before re-deploying the update.","Moore, James",False,4,2.0,True,42.5,1.77,0.0,216.5,,4,14,Windows update causing BSOD Two workstations experiencing Blue Screen of Death after latest Windows cumulative update was installed.
T20260213.0005,Password reset request,Employee locked out of their account after multiple failed login attempts. Requesting password reset and account unlock.,ABLE Manufacturing HQ,Primary Location,Complete,Low,Email,2.0,"Anderson, Scott",IT:Service Manager,IT:Level II,SW:Change,,,Able Manufacturing - Recurring Service,IT:Premium SLA,2026-02-13 16:30:00,"Administrator, Autotask",2026-02-15 16:00:00,2026-02-23 10:30:00,2026-02-13 16:30:00,"Unlocked the AD account, reset the password, and required a password change at next login. Verified the user could sign in successfully to their workstation and email. Reminded user of the self-service password reset portal.","Anderson, Scott",False,1,2.0,True,47.5,1.98,0.0,234.0,,3,17,Password reset request Employee locked out of their account after multiple failed login attempts. Requesting password reset and account unlock.
T20251212.0009,Zoom meeting room setup,Need to configure the new conference room TV and camera system for Zoom Rooms integration.,ABLE Manufacturing HQ,Primary Location,Complete,Low,Email,2.0,"Moore, James",IT:Technician II,IT:Change Requests,Triage,,,Able Manufacturing - Recurring Service,IT:Premium SLA,2025-12-12 16:00:00,"Administrator, Autotask",2025-12-16 18:00:00,2025-12-22 10:00:00,2025-12-12 16:00:00,"Mounted the Logitech Rally camera system, connected to the conference room PC, and configured Zoom Rooms with the company license. Set up one-touch join with the room calendar integration. Tested audio, video, and screen sharing with a remote participant successfully.","Moore, James",False,1,2.0,True,98.0,4.08,0.0,234.0,,4,15,Zoom meeting room setup Need to configure the new conference room TV and camera system for Zoom Rooms integration.
T20260201.0005,Monitor flickering on docking station,User's external monitor flickers when connected via USB-C docking station. Works fine with direct HDMI connection.,ABLE Manufacturing HQ,Primary Location,Complete,Medium,Email,2.0,"Moore, James",IT:Technician II,IT:Change Requests,Triage,,,Able Manufacturing - Recurring Service,IT:Premium SLA,2026-02-01 20:00:00,"Administrator, Autotask",2026-02-11 19:00:00,2026-02-09 11:00:00,2026-02-01 20:00:00,Updated the docking station firmware from v1.2 to v1.8 and installed the latest DisplayLink driver. Replaced the USB-C cable with a certified Thunderbolt 3 cable. Monitor now displays stable output through the dock.,"Moore, James",False,2,2.0,True,239.0,9.96,0.0,183.0,56.0,5,16,Monitor flickering on docking station User's external monitor flickers when connected via USB-C docking station. Works fine with direct HDMI connection.
T20251228.0003,Email bouncing back to external clients,Several external clients report emails to our sales team are bouncing back with a 550 error.,ABLE Manufacturing HQ,Primary Location,Complete,Critical,Email,2.0,"Taylor, Mark",IT:Technician II,IT:Level I,SW:Internal,,,Able Manufacturing - Recurring Service,IT:Premium SLA,2025-12-28 23:30:00,"Administrator, Autotask",2026-01-02 13:30:00,2026-01-05 11:00:00,2025-12-28 23:30:00,Identified an expired MX record pointing to a decommissioned mail relay. Updated DNS MX records to point to the current Exchange Online endpoints. Flushed DNS cache on the domain registrar. Confirmed external email delivery restored within 30 minutes.,"Taylor, Mark",False,4,2.0,True,110.0,4.58,0.0,179.5,,6,16,Email bouncing back to external clients Several external clients report emails to our sales team are bouncing back with a 550 error.
T20260129.0003,Password reset request,Employee locked out of their account after multiple failed login attempts. Requesting password reset and account unlock.,ABLE Manufacturing HQ,Primary Location,Complete,Low,Email,2.0,"Moore, James",IT:Technician II,IT:Level II,Triage,,,Able Manufacturing - Recurring Service,IT:Premium SLA,2026-01-29 03:00:00,"Administrator, Autotask",2026-02-02 02:30:00,2026-02-05 11:00:00,2026-01-29 03:00:00,"Unlocked the AD account, reset the password, and required a password change at next login. Verified the user could sign in successfully to their workstation and email. Reminded user of the self-service password reset portal.","Moore, James",False,1,2.0,True,95.5,3.98,0.0,176.0,,3,17,Password reset request Employee locked out of their account after multiple failed login attempts. Requesting password reset and account unlock.
T20251222.0010,Monitor flickering on docking station,User's external monitor flickers when connected via USB-C docking station. Works fine with direct HDMI connection.,ABLE Manufacturing HQ,Primary Location,Complete,Medium,Email,2.0,"Anderson, Scott",IT:Service Manager,IT:Level II,SW:Defect,,,Able Manufacturing - Recurring Service,IT:Premium SLA,2025-12-22 13:00:00,"Administrator, Autotask",2025-12-29 16:00:00,2025-12-29 16:00:00,2025-12-22 13:00:00,Updated the docking station firmware from v1.2 to v1.8 and installed the latest DisplayLink driver. Replaced the USB-C cable with a certified Thunderbolt 3 cable. Monitor now displays stable output through the dock.,"Anderson, Scott",False,2,2.0,True,171.0,7.12,0.0,171.0,0.0,5,16,Monitor flickering on docking station User's external monitor flickers when connected via USB-C docking station. Works fine with direct HDMI connection.
T20260220.0012,Backup job failed overnight,Nightly backup job for the file server failed with a timeout error. Last successful backup was 3 days ago.,ABLE Manufacturing HQ,Primary Location,Complete,Critical,Email,2.0,"Taylor, Mark",IT:Technician II,IT:Level II,SW:Internal,,,Able Manufacturing - Recurring Service,IT:Premium SLA,2026-02-20 21:30:00,"Administrator, Autotask",2026-02-21 00:00:00,2026-03-02 11:00:00,2026-02-20 21:30:00,"Identified that a runaway database process was locking files during the backup window. Rescheduled the database maintenance job to complete before the backup window. Cleared the stale lock files, restarted the backup agent, and successfully ran a full backup. Verified backup integrity with a test restore.","Taylor, Mark",False,4,2.0,True,2.5,0.1,0.0,229.5,,4,19,Backup job failed overnight Nightly backup job for the file server failed with a timeout error. Last successful backup was 3 days ago.
T20260115.0007,New user account creation,"HR requests new Active Directory account, email, and standard group memberships for incoming Accounting associate.",ABLE Manufacturing HQ,Primary Location,Complete,Low,Email,2.0,"Taylor, Mark",IT:Technician II,IT:Level I,SW:Defect,,,Able Manufacturing - Recurring Service,IT:Premium SLA,2026-01-15 00:30:00,"Administrator, Autotask",2026-01-24 20:00:00,2026-01-22 11:00:00,2026-01-15 00:30:00,"Created AD account with standard naming convention, added to Accounting security and distribution groups, provisioned Exchange Online mailbox, and configured OneDrive. Sent welcome credentials to the hiring manager via secure channel.","Taylor, Mark",False,1,2.0,True,235.5,9.81,0.0,178.5,57.0,4,15,"New user account creation HR requests new Active Directory account, email, and standard group memberships for incoming Accounting associate."
T20251222.0011,Shared drive access denied,User in Accounting cannot access the shared S: drive. Permissions appear correct in AD but access is still denied.,ABLE Manufacturing HQ,Primary Location,Complete,Medium,Email,2.0,"Miller, Susan",SW:Support II,IT:Level II,Triage,,,Able Manufacturing - Recurring Service,IT:Premium SLA,2025-12-22 10:00:00,"Administrator, Autotask",2025-12-28 22:00:00,2025-12-29 13:00:00,2025-12-22 10:00:00,"Identified a stale cached credential causing the access denial. Cleared the Windows Credential Manager entries for the file server, remapped the S: drive, and verified full read/write access to the Accounting share.","Miller, Susan",False,2,2.0,True,156.0,6.5,0.0,171.0,,4,19,Shared drive access denied User in Accounting cannot access the shared S: drive. Permissions appear correct in AD but access is still denied.
T20251231.0007,Keyboard and mouse not responding,User's wireless keyboard and mouse stopped working. New batteries did not fix the issue.,ABLE Manufacturing HQ,Primary Location,Complete,Medium,Email,2.0,"Moore, James",IT:Technician II,IT:Change Requests,IT:Applications,,,Able Manufacturing - Recurring Service,IT:Premium SLA,2025-12-31 04:30:00,"Administrator, Autotask",2026-01-07 13:00:00,2026-01-07 11:00:00,2025-12-31 04:30:00,"Determined the Logitech Unifying receiver had failed. Replaced the USB receiver, re-paired both the keyboard and mouse, and verified consistent input response. Provided a spare receiver to the user as backup.","Moore, James",False,2,2.0,True,176.5,7.35,0.0,174.5,2.0,5,14,Keyboard and mouse not responding User's wireless keyboard and mouse stopped working. New batteries did not fix the issue.
T20251214.0003,OneDrive sync errors,User getting persistent sync conflict errors in OneDrive. Several files showing duplicate versions.,ABLE Manufacturing HQ,Primary Location,Complete,Medium,Email,2.0,"Miller, Susan",SW:Support II,IT:Level I,SW:Change,,,Able Manufacturing - Recurring Service,IT:Premium SLA,2025-12-14 03:00:00,"Administrator, Autotask",2025-12-15 17:30:00,2025-12-22 11:00:00,2025-12-14 03:00:00,"Identified sync conflicts caused by files exceeding the 256-character path length limit. Shortened the nested folder structure, resolved the duplicate file versions by keeping the most recent copies, and reset the OneDrive sync client. Sync now running clean with no errors.","Miller, Susan",False,2,2.0,True,38.5,1.6,0.0,200.0,,3,13,OneDrive sync errors User getting persistent sync conflict errors in OneDrive. Several files showing duplicate versions.
T20260124.0009,Printer jamming on 2nd floor,The shared HP LaserJet on the 2nd floor is consistently jamming when printing duplex jobs. Paper tray has been checked.,ABLE Manufacturing HQ,Primary Location,Complete,Medium,Email,2.0,"Miller, Susan",SW:Support II,IT:Change Requests,Triage,,,Able Manufacturing - Recurring Service,IT:Premium SLA,2026-01-24 23:30:00,"Administrator, Autotask",2026-02-02 21:00:00,2026-02-02 11:00:00,2026-01-24 23:30:00,Cleaned the duplex unit rollers and replaced worn pickup rollers. Recalibrated the paper path and ran 50 test duplex prints with no jams. Issue resolved.,"Miller, Susan",False,2,2.0,True,213.5,8.9,0.0,203.5,10.0,5,20,Printer jamming on 2nd floor The shared HP LaserJet on the 2nd floor is consistently jamming when printing duplex jobs. Paper tray has been checked.
T20260207.0008,Request to install project management software,Project lead requesting installation of Monday.com desktop app on their workstation.,ABLE Manufacturing HQ,Primary Location,Complete,Low,Email,2.0,"Miller, Susan",SW:Support II,IT:Level I,Triage,,,Able Manufacturing - Recurring Service,IT:Premium SLA,2026-02-07 17:00:00,"Administrator, Autotask",2026-02-14 22:00:00,2026-02-16 11:00:00,2026-02-07 17:00:00,"Installed Monday.com desktop application, configured SSO integration with company Azure AD credentials, and verified the user can access their project boards. Added the application to the approved software list.","Miller, Susan",False,1,2.0,True,173.0,7.21,0.0,210.0,,6,11,Request to install project management software Project lead requesting installation of Monday.com desktop app on their workstation.
T20260207.0009,Suspicious phishing email reported,Employee forwarded a suspicious email claiming to be from IT asking for credentials. Needs investigation.,ABLE Manufacturing HQ,Primary Location,Complete,High,Email,2.0,"Taylor, Mark",IT:Technician II,IT:Level II,Triage,,,Able Manufacturing - Recurring Service,IT:Premium SLA,2026-02-07 18:30:00,"Administrator, Autotask",2026-02-16 08:00:00,2026-02-16 11:00:00,2026-02-07 18:30:00,"Confirmed the email as a phishing attempt originating from a spoofed domain. Blocked the sender domain in the email gateway, purged the message from all mailboxes using content search, and submitted the URL to Microsoft for blacklisting. Sent a company-wide phishing awareness reminder.","Taylor, Mark",False,3,2.0,True,205.5,8.56,0.0,208.5,,4,15,Suspicious phishing email reported Employee forwarded a suspicious email claiming to be from IT asking for credentials. Needs investigation.
T20251204.0013,Software license expired for Adobe Acrobat,Adobe Acrobat Pro license has expired for the Marketing department. Three users unable to edit PDFs.,ABLE Manufacturing HQ,Primary Location,Complete,Low,Email,2.0,"Taylor, Mark",IT:Technician II,IT:Level I,SW:Defect,,,Able Manufacturing - Recurring Service,IT:Premium SLA,2025-12-04 14:00:00,"Administrator, Autotask",2025-12-09 17:30:00,2025-12-11 17:00:00,2025-12-04 14:00:00,Procured three Adobe Acrobat Pro renewal licenses through the company's volume licensing agreement. Activated licenses on all three Marketing workstations and confirmed PDF editing functionality restored.,"Taylor, Mark",False,1,2.0,True,123.5,5.15,0.0,171.0,,6,16,Software license expired for Adobe Acrobat Adobe Acrobat Pro license has expired for the Marketing department. Three users unable to edit PDFs.
T20260129.0004,Outlook not syncing emails,User reports Outlook on their workstation is not syncing new emails. Restarting the application did not resolve the issue.,ABLE Manufacturing HQ,Primary Location,Complete,Medium,Email,2.0,"Miller, Susan",SW:Support II,IT:Change Requests,SW:Internal,,,Able Manufacturing - Recurring Service,IT:Premium SLA,2026-01-29 11:00:00,"Administrator, Autotask",2026-02-04 01:30:00,2026-02-05 14:00:00,2026-01-29 11:00:00,Rebuilt the Outlook profile and cleared the local OST cache. Re-synced the mailbox from Exchange Online. Verified all folders syncing correctly and monitored for 2 hours with no recurrence.,"Miller, Susan",False,2,2.0,True,134.5,5.6,0.0,171.0,,4,19,Outlook not syncing emails User reports Outlook on their workstation is not syncing new emails. Restarting the application did not resolve the issue.
T20251227.0012,VPN connection drops intermittently,"Remote employee experiences frequent VPN disconnections throughout the day, disrupting access to internal resources.",ABLE Manufacturing HQ,Primary Location,Complete,High,Email,2.0,"Anderson, Scott",IT:Service Manager,IT:Change Requests,IT:Change,,,Able Manufacturing - Recurring Service,IT:Premium SLA,2025-12-27 01:00:00,"Administrator, Autotask",2026-01-02 13:30:00,2026-01-05 11:00:00,2025-12-27 01:00:00,"Diagnosed intermittent VPN disconnections to a conflicting network adapter driver. Updated the adapter driver, disabled IPv6 on the VPN tunnel adapter, and adjusted the idle timeout setting in the GlobalProtect client. Verified stable connectivity over a 4-hour remote session with no drops.","Anderson, Scott",False,3,2.0,True,156.5,6.52,0.0,226.0,,4,14,"VPN connection drops intermittently Remote employee experiences frequent VPN disconnections throughout the day, disrupting access to internal resources."
T20260125.0008,New user account creation,"HR requests new Active Directory account, email, and standard group memberships for incoming Accounting associate.",ABLE Manufacturing HQ,Primary Location,Complete,Low,Email,2.0,"Moore, James",IT:Technician II,IT:Level II,SW:Change,,,Able Manufacturing - Recurring Service,IT:Premium SLA,2026-01-25 08:00:00,"Administrator, Autotask",2026-01-26 04:00:00,2026-02-02 11:00:00,2026-01-25 08:00:00,"Created AD account with standard naming convention, added to Accounting security and distribution groups, provisioned Exchange Online mailbox, and configured OneDrive. Sent welcome credentials to the hiring manager via secure channel.","Moore, James",False,1,2.0,True,20.0,0.83,0.0,195.0,,4,15,"New user account creation HR requests new Active Directory account, email, and standard group memberships for incoming Accounting associate."
T20260211.0007,Desk phone not receiving calls,User's VoIP desk phone rings but no audio when answered. Other phones on the same switch work fine.,ABLE Manufacturing HQ,Primary Location,Complete,Medium,Email,2.0,"Anderson, Scott",IT:Service Manager,Triage,SW:Internal,,,Able Manufacturing - Recurring Service,IT:Premium SLA,2026-02-11 22:00:00,"Administrator, Autotask",2026-02-20 16:30:00,2026-02-19 11:00:00,2026-02-11 22:00:00,Found the phone's audio codec settings had been reset to a non-supported format after a firmware auto-update. Reconfigured the codec priority to G.711 and rebooted the phone. Two-way audio confirmed working on both internal and external calls.,"Anderson, Scott",False,2,2.0,True,210.5,8.77,0.0,181.0,29.5,5,18,Desk phone not receiving calls User's VoIP desk phone rings but no audio when answered. Other phones on the same switch work fine.
T20260222.0011,Slow computer performance,User's workstation takes over 5 minutes to boot and applications are sluggish. Machine is 4 years old with HDD.,ABLE Manufacturing HQ,Primary Location,Complete,Medium,Email,2.0,"Moore, James",IT:Technician II,Triage,IT:Hardware,,,Able Manufacturing - Recurring Service,IT:Premium SLA,2026-02-22 19:00:00,"Administrator, Autotask",2026-03-01 18:00:00,2026-03-02 11:00:00,2026-02-22 19:00:00,"Replaced the mechanical HDD with a 500GB SSD, cloned the existing OS image, and increased RAM from 8GB to 16GB. Boot time reduced from 5+ minutes to 35 seconds. User confirmed significant performance improvement across all applications.","Moore, James",False,2,2.0,True,167.0,6.96,0.0,184.0,,3,19,Slow computer performance User's workstation takes over 5 minutes to boot and applications are sluggish. Machine is 4 years old with HDD.
T20260215.0010,Teams calls have audio echo,Multiple users in the open office area report audio echo issues during Microsoft Teams calls.,ABLE Manufacturing HQ,Primary Location,Complete,Medium,Email,2.0,"Taylor, Mark",IT:Technician II,Triage,IT:Hardware,,,Able Manufacturing - Recurring Service,IT:Premium SLA,2026-02-15 01:30:00,"Administrator, Autotask",2026-02-23 05:00:00,2026-02-23 11:00:00,2026-02-15 01:30:00,"Identified that multiple users in close proximity were using laptop speakers instead of headsets, causing audio feedback loops. Distributed USB headsets to affected users and configured Teams audio settings to default to headset output. Echo issues eliminated.","Taylor, Mark",False,2,2.0,True,195.5,8.15,0.0,201.5,,5,15,Teams calls have audio echo Multiple users in the open office area report audio echo issues during Microsoft Teams calls.
T20260112.0005,Backup job failed overnight,Nightly backup job for the file server failed with a timeout error. Last successful backup was 3 days ago.,ABLE Manufacturing HQ,Primary Location,Complete,Critical,Email,2.0,"Moore, James",IT:Technician II,IT:Level I,SW:Support,,,Able Manufacturing - Recurring Service,IT:Premium SLA,2026-01-12 12:30:00,"Administrator, Autotask",2026-01-15 16:30:00,2026-01-19 15:30:00,2026-01-12 12:30:00,"Identified that a runaway database process was locking files during the backup window. Rescheduled the database maintenance job to complete before the backup window. Cleared the stale lock files, restarted the backup agent, and successfully ran a full backup. Verified backup integrity with a test restore.","Moore, James",False,4,2.0,True,76.0,3.17,0.0,171.0,,4,19,Backup job failed overnight Nightly backup job for the file server failed with a timeout error. Last successful backup was 3 days ago.
T20260127.0009,Windows update causing BSOD,Two workstations experiencing Blue Screen of Death after latest Windows cumulative update was installed.,ABLE Manufacturing HQ,Primary Location,Complete,Critical,Email,2.0,"Taylor, Mark",IT:Technician II,Triage,IT:Change,,,Able Manufacturing - Recurring Service,IT:Premium SLA,2026-01-27 14:30:00,"Administrator, Autotask",2026-02-01 07:30:00,2026-02-04 08:30:00,2026-01-27 14:30:00,"Identified KB5034441 as the problematic update conflicting with the Symantec endpoint agent. Booted both machines into Safe Mode, uninstalled the update, and added it to the WSUS decline list. Both workstations stable. Coordinated with Symantec support for a compatibility fix before re-deploying the update.","Taylor, Mark",False,4,2.0,True,113.0,4.71,0.0,186.0,,4,14,Windows update causing BSOD Two workstations experiencing Blue Screen of Death after latest Windows cumulative update was installed.
T20260104.0005,MFA not working on mobile device,User replaced their phone and can no longer receive MFA push notifications. Needs MFA token re-enrolled.,ABLE Manufacturing HQ,Primary Location,Complete,High,Email,2.0,"Anderson, Scott",IT:Service Manager,IT:Level I,SW:Internal,,,Able Manufacturing - Recurring Service,IT:Premium SLA,2026-01-04 22:00:00,"Administrator, Autotask",2026-01-08 02:30:00,2026-01-12 11:00:00,2026-01-04 22:00:00,"Revoked the old MFA token in Azure AD, re-enrolled the user's new device with Microsoft Authenticator, and verified push notifications working. Confirmed successful MFA login from both mobile and desktop.","Anderson, Scott",False,3,2.0,True,76.5,3.19,0.0,181.0,,6,16,MFA not working on mobile device User replaced their phone and can no longer receive MFA push notifications. Needs MFA token re-enrolled.
T20260220.0014,Request for additional monitor,Department manager requesting a second monitor for their workstation to improve productivity.,ABLE Manufacturing HQ,Primary Location,Complete,Low,Email,2.0,"Miller, Susan",SW:Support II,IT:Change Requests,SW:Defect,,,Able Manufacturing - Recurring Service,IT:Premium SLA,2026-02-20 06:30:00,"Administrator, Autotask",2026-02-24 18:00:00,2026-02-27 11:00:00,2026-02-20 06:30:00,Deployed a 24-inch Dell monitor from inventory to the user's desk. Connected via DisplayPort through existing docking station. Configured dual-monitor extended display and adjusted resolution settings per user preference.,"Miller, Susan",False,1,2.0,True,107.5,4.48,0.0,172.5,,4,12,Request for additional monitor Department manager requesting a second monitor for their workstation to improve productivity.
T20260215.0011,Laptop battery not holding charge,User's Dell laptop battery drains from 100% to 0% in under an hour. Laptop is 2 years old.,ABLE Manufacturing HQ,Primary Location,Complete,Medium,Email,2.0,"Taylor, Mark",IT:Technician II,Triage,SW:Support,,,Able Manufacturing - Recurring Service,IT:Premium SLA,2026-02-15 16:00:00,"Administrator, Autotask",2026-02-17 01:30:00,2026-02-23 11:00:00,2026-02-15 16:00:00,Ran Dell battery diagnostics which confirmed the battery health at 12% capacity. Ordered and installed a replacement battery under the ProSupport warranty. New battery holds a full charge for 6+ hours. Calibrated the battery and updated BIOS.,"Taylor, Mark",False,2,2.0,True,33.5,1.4,0.0,187.0,,5,18,Laptop battery not holding charge User's Dell laptop battery drains from 100% to 0% in under an hour. Laptop is 2 years old.
T20260204.0002,New user account creation,"HR requests new Active Directory account, email, and standard group memberships for incoming Accounting associate.",ABLE Manufacturing HQ,Primary Location,Complete,Low,Email,2.0,"Moore, James",IT:Technician II,IT:Level I,SW:Support,,,Able Manufacturing - Recurring Service,IT:Premium SLA,2026-02-04 02:00:00,"Administrator, Autotask",2026-02-12 19:30:00,2026-02-11 11:00:00,2026-02-04 02:00:00,"Created AD account with standard naming convention, added to Accounting security and distribution groups, provisioned Exchange Online mailbox, and configured OneDrive. Sent welcome credentials to the hiring manager via secure channel.","Moore, James",False,1,2.0,True,209.5,8.73,0.0,177.0,32.5,4,15,"New user account creation HR requests new Active Directory account, email, and standard group memberships for incoming Accounting associate."
T20260104.0006,Request for additional monitor,Department manager requesting a second monitor for their workstation to improve productivity.,ABLE Manufacturing HQ,Primary Location,Complete,Low,Email,2.0,"Miller, Susan",SW:Support II,IT:Level I,SW:Change,,,Able Manufacturing - Recurring Service,IT:Premium SLA,2026-01-04 15:00:00,"Administrator, Autotask",2026-01-05 17:00:00,2026-01-12 11:00:00,2026-01-04 15:00:00,Deployed a 24-inch Dell monitor from inventory to the user's desk. Connected via DisplayPort through existing docking station. Configured dual-monitor extended display and adjusted resolution settings per user preference.,"Miller, Susan",False,1,2.0,True,26.0,1.08,0.0,188.0,,4,12,Request for additional monitor Department manager requesting a second monitor for their workstation to improve productivity.
T20260124.0011,Desk phone not receiving calls,User's VoIP desk phone rings but no audio when answered. Other phones on the same switch work fine.,ABLE Manufacturing HQ,Primary Location,Complete,Medium,Email,2.0,"Moore, James",IT:Technician II,IT:Change Requests,IT:Hardware,,,Able Manufacturing - Recurring Service,IT:Premium SLA,2026-01-24 10:00:00,"Administrator, Autotask",2026-02-01 14:00:00,2026-02-02 11:00:00,2026-01-24 10:00:00,Found the phone's audio codec settings had been reset to a non-supported format after a firmware auto-update. Reconfigured the codec priority to G.711 and rebooted the phone. Two-way audio confirmed working on both internal and external calls.,"Moore, James",False,2,2.0,True,196.0,8.17,0.0,217.0,,5,18,Desk phone not receiving calls User's VoIP desk phone rings but no audio when answered. Other phones on the same switch work fine.
T20251203.0006,Wi-Fi connectivity issues in conference room B,Staff report intermittent Wi-Fi drops in conference room B during video calls. Signal strength appears weak.,ABLE Manufacturing HQ,Primary Location,Complete,Medium,Email,2.0,"Moore, James",IT:Technician II,IT:Level I,SW:Change,,,Able Manufacturing - Recurring Service,IT:Premium SLA,2025-12-03 13:00:00,"Administrator, Autotask",2025-12-06 18:30:00,2025-12-10 16:00:00,2025-12-03 13:00:00,"Performed a wireless site survey and identified signal interference from an adjacent microwave and a neighboring AP on the same channel. Changed the AP channel, increased transmit power, and repositioned the access point. Signal strength improved from -75dBm to -55dBm. Tested with multiple concurrent video calls successfully.","Moore, James",False,2,2.0,True,77.5,3.23,0.0,171.0,,7,16,Wi-Fi connectivity issues in conference room B Staff report intermittent Wi-Fi drops in conference room B during video calls. Signal strength appears weak.
T20260227.0011,Request to install project management software,Project lead requesting installation of Monday.com desktop app on their workstation.,ABLE Manufacturing HQ,Primary Location,Complete,Low,Email,2.0,"Anderson, Scott",IT:Service Manager,IT:Change Requests,SW:Change,,,Able Manufacturing - Recurring Service,IT:Premium SLA,2026-02-27 09:00:00,"Administrator, Autotask",2026-03-06 11:00:00,2026-03-06 12:00:00,2026-02-27 09:00:00,"Installed Monday.com desktop application, configured SSO integration with company Azure AD credentials, and verified the user can access their project boards. Added the application to the approved software list.","Anderson, Scott",False,1,2.0,True,170.0,7.08,0.0,171.0,,6,11,Request to install project management software Project lead requesting installation of Monday.com desktop app on their workstation.
T20251226.0011,New employee laptop setup,"New hire starting next Monday needs a laptop configured with standard software suite, email, and VPN access.",ABLE Manufacturing HQ,Primary Location,Complete,Low,Email,2.0,"Anderson, Scott",IT:Service Manager,IT:Level I,IT:Change,,,Able Manufacturing - Recurring Service,IT:Premium SLA,2025-12-26 02:00:00,"Administrator, Autotask",2025-12-31 22:30:00,2026-01-02 11:00:00,2025-12-26 02:00:00,"Configured new Dell Latitude with Windows 11, joined to domain, installed standard software suite (Office 365, Teams, GlobalProtect VPN, Adobe Reader). Set up email profile and verified VPN connectivity. Laptop ready for new hire.","Anderson, Scott",False,1,2.0,True,140.5,5.85,0.0,177.0,,4,17,"New employee laptop setup New hire starting next Monday needs a laptop configured with standard software suite, email, and VPN access."
T20260209.0009,Suspicious phishing email reported,Employee forwarded a suspicious email claiming to be from IT asking for credentials. Needs investigation.,ABLE Manufacturing HQ,Primary Location,Complete,High,Email,2.0,"Moore, James",IT:Technician II,IT:Change Requests,IT:Change,,,Able Manufacturing - Recurring Service,IT:Premium SLA,2026-02-09 13:30:00,"Administrator, Autotask",2026-02-17 13:00:00,2026-02-16 16:30:00,2026-02-09 13:30:00,"Confirmed the email as a phishing attempt originating from a spoofed domain. Blocked the sender domain in the email gateway, purged the message from all mailboxes using content search, and submitted the URL to Microsoft for blacklisting. Sent a company-wide phishing awareness reminder.","Moore, James",False,3,2.0,True,191.5,7.98,0.0,171.0,20.5,4,15,Suspicious phishing email reported Employee forwarded a suspicious email claiming to be from IT asking for credentials. Needs investigation.
T20260227.0012,Network printer offline,The Ricoh copier/printer in the main office shows offline status for all users. Physical device appears powered on.,ABLE Manufacturing HQ,Primary Location,Complete,High,Email,2.0,"Moore, James",IT:Technician II,Triage,IT:Change,,,Able Manufacturing - Recurring Service,IT:Premium SLA,2026-02-27 07:00:00,"Administrator, Autotask",2026-03-08 15:00:00,2026-03-06 11:00:00,2026-02-27 07:00:00,"Found the printer had obtained a new DHCP IP address after a network switch reboot. Assigned a static IP reservation in DHCP, updated the printer port configuration on the print server, and redeployed the printer via GPO. All users can now print successfully.","Moore, James",False,3,2.0,True,224.0,9.33,0.0,172.0,52.0,3,18,Network printer offline The Ricoh copier/printer in the main office shows offline status for all users. Physical device appears powered on.
T20260212.0011,QuickBooks not launching after update,QuickBooks Desktop crashes immediately on launch after the latest update was applied overnight.,ABLE Manufacturing HQ,Primary Location,Complete,Medium,Email,2.0,"Moore, James",IT:Technician II,IT:Level I,IT:Applications,,,Able Manufacturing - Recurring Service,IT:Premium SLA,2026-02-12 09:30:00,"Administrator, Autotask",2026-02-18 12:30:00,2026-02-19 12:30:00,2026-02-12 09:30:00,"Rolled back the problematic QuickBooks update (R5 to R4), repaired the company file using the QuickBooks File Doctor tool, and verified the application launches and data integrity is intact. Deferred the update pending a patch from Intuit.","Moore, James",False,2,2.0,True,147.0,6.12,0.0,171.0,,5,13,QuickBooks not launching after update QuickBooks Desktop crashes immediately on launch after the latest update was applied overnight.
T20251207.0006,VPN connection drops intermittently,"Remote employee experiences frequent VPN disconnections throughout the day, disrupting access to internal resources.",ABLE Manufacturing HQ,Primary Location,Complete,High,Email,2.0,"Miller, Susan",SW:Support II,IT:Change Requests,IT:Applications,,,Able Manufacturing - Recurring Service,IT:Premium SLA,2025-12-07 13:00:00,"Administrator, Autotask",2025-12-14 07:00:00,2025-12-15 11:00:00,2025-12-07 13:00:00,"Diagnosed intermittent VPN disconnections to a conflicting network adapter driver. Updated the adapter driver, disabled IPv6 on the VPN tunnel adapter, and adjusted the idle timeout setting in the GlobalProtect client. Verified stable connectivity over a 4-hour remote session with no drops.","Miller, Susan",False,3,2.0,True,162.0,6.75,0.0,190.0,,4,14,"VPN connection drops intermittently Remote employee experiences frequent VPN disconnections throughout the day, disrupting access to internal resources."
T20260120.0009,Software license expired for Adobe Acrobat,Adobe Acrobat Pro license has expired for the Marketing department. Three users unable to edit PDFs.,ABLE Manufacturing HQ,Primary Location,Complete,Low,Email,2.0,"Taylor, Mark",IT:Technician II,IT:Change Requests,SW:Defect,,,Able Manufacturing - Recurring Service,IT:Premium SLA,2026-01-20 16:00:00,"Administrator, Autotask",2026-01-23 23:00:00,2026-01-28 10:00:00,2026-01-20 16:00:00,Procured three Adobe Acrobat Pro renewal licenses through the company's volume licensing agreement. Activated licenses on all three Marketing workstations and confirmed PDF editing functionality restored.,"Taylor, Mark",False,1,2.0,True,79.0,3.29,0.0,186.0,,6,16,Software license expired for Adobe Acrobat Adobe Acrobat Pro license has expired for the Marketing department. Three users unable to edit PDFs.
T20260101.0011,Email bouncing back to external clients,Several external clients report emails to our sales team are bouncing back with a 550 error.,ABLE Manufacturing HQ,Primary Location,Complete,Critical,Email,2.0,"Taylor, Mark",IT:Technician II,IT:Level II,SW:Support,,,Able Manufacturing - Recurring Service,IT:Premium SLA,2026-01-01 01:00:00,"Administrator, Autotask",2026-01-04 16:30:00,2026-01-08 11:00:00,2026-01-01 01:00:00,Identified an expired MX record pointing to a decommissioned mail relay. Updated DNS MX records to point to the current Exchange Online endpoints. Flushed DNS cache on the domain registrar. Confirmed external email delivery restored within 30 minutes.,"Taylor, Mark",False,4,2.0,True,87.5,3.65,0.0,178.0,,6,16,Email bouncing back to external clients Several external clients report emails to our sales team are bouncing back with a 550 error.
T20260224.0007,Windows update causing BSOD,Two workstations experiencing Blue Screen of Death after latest Windows cumulative update was installed.,ABLE Manufacturing HQ,Primary Location,Complete,Critical,Email,2.0,"Anderson, Scott",IT:Service Manager,Triage,SW:Internal,,,Able Manufacturing - Recurring Service,IT:Premium SLA,2026-02-24 00:00:00,"Administrator, Autotask",2026-03-01 06:30:00,2026-03-03 11:00:00,2026-02-24 00:00:00,"Identified KB5034441 as the problematic update conflicting with the Symantec endpoint agent. Booted both machines into Safe Mode, uninstalled the update, and added it to the WSUS decline list. Both workstations stable. Coordinated with Symantec support for a compatibility fix before re-deploying the update.","Anderson, Scott",False,4,2.0,True,126.5,5.27,0.0,179.0,,4,14,Windows update causing BSOD Two workstations experiencing Blue Screen of Death after latest Windows cumulative update was installed.
T20251225.0006,Printer jamming on 2nd floor,The shared HP LaserJet on the 2nd floor is consistently jamming when printing duplex jobs. Paper tray has been checked.,ABLE Manufacturing HQ,Primary Location,Complete,Medium,Email,2.0,"Anderson, Scott",IT:Service Manager,IT:Change Requests,IT:Hardware,,,Able Manufacturing - Recurring Service,IT:Premium SLA,2025-12-25 05:30:00,"Administrator, Autotask",2026-01-02 01:00:00,2026-01-01 11:00:00,2025-12-25 05:30:00,Cleaned the duplex unit rollers and replaced worn pickup rollers. Recalibrated the paper path and ran 50 test duplex prints with no jams. Issue resolved.,"Anderson, Scott",False,2,2.0,True,187.5,7.81,0.0,173.5,14.0,5,20,Printer jamming on 2nd floor The shared HP LaserJet on the 2nd floor is consistently jamming when printing duplex jobs. Paper tray has been checked.
T20260109.0003,Need access to CRM application,Sales rep needs access provisioned to the Salesforce CRM. Manager has approved the request.,ABLE Manufacturing HQ,Primary Location,Complete,Low,Email,2.0,"Taylor, Mark",IT:Technician II,IT:Level II,SW:Change,,,Able Manufacturing - Recurring Service,IT:Premium SLA,2026-01-09 11:30:00,"Administrator, Autotask",2026-01-09 23:30:00,2026-01-16 14:30:00,2026-01-09 11:30:00,"Provisioned Salesforce CRM access with the Sales Rep profile, added to the appropriate role hierarchy, and configured SSO via Azure AD. Verified the user can log in and access their assigned accounts and opportunities. Sent onboarding guide to the user.","Taylor, Mark",False,1,2.0,True,12.0,0.5,0.0,171.0,,5,14,Need access to CRM application Sales rep needs access provisioned to the Salesforce CRM. Manager has approved the request.
T20260209.0010,Server room temperature alert,Environmental monitoring system triggered a high-temperature alert in the server room. HVAC may be malfunctioning.,ABLE Manufacturing HQ,Primary Location,Complete,Critical,Email,2.0,"Moore, James",IT:Technician II,IT:Level II,SW:Support,,,Able Manufacturing - Recurring Service,IT:Premium SLA,2026-02-09 05:30:00,"Administrator, Autotask",2026-02-16 06:30:00,2026-02-16 11:00:00,2026-02-09 05:30:00,Responded to the alert within 15 minutes. Found the primary CRAC unit had a frozen evaporator coil. Switched to the redundant cooling unit and contacted the HVAC vendor for emergency service. Primary unit repaired and back online within 4 hours. Temperature stabilized at 68掳F.,"Moore, James",False,4,2.0,True,169.0,7.04,0.0,173.5,,4,15,Server room temperature alert Environmental monitoring system triggered a high-temperature alert in the server room. HVAC may be malfunctioning.
T20260116.0010,Teams calls have audio echo,Multiple users in the open office area report audio echo issues during Microsoft Teams calls.,ABLE Manufacturing HQ,Primary Location,Complete,Medium,Email,2.0,"Anderson, Scott",IT:Service Manager,Triage,SW:Defect,,,Able Manufacturing - Recurring Service,IT:Premium SLA,2026-01-16 22:30:00,"Administrator, Autotask",2026-01-16 23:30:00,2026-01-26 11:00:00,2026-01-16 22:30:00,"Identified that multiple users in close proximity were using laptop speakers instead of headsets, causing audio feedback loops. Distributed USB headsets to affected users and configured Teams audio settings to default to headset output. Echo issues eliminated.","Anderson, Scott",False,2,2.0,True,1.0,0.04,0.0,228.5,,5,15,Teams calls have audio echo Multiple users in the open office area report audio echo issues during Microsoft Teams calls.
T20260216.0004,MFA not working on mobile device,User replaced their phone and can no longer receive MFA push notifications. Needs MFA token re-enrolled.,ABLE Manufacturing HQ,Primary Location,Complete,High,Email,2.0,"Miller, Susan",SW:Support II,IT:Change Requests,IT:Change,,,Able Manufacturing - Recurring Service,IT:Premium SLA,2026-02-16 15:00:00,"Administrator, Autotask",2026-02-17 23:30:00,2026-02-24 09:00:00,2026-02-16 15:00:00,"Revoked the old MFA token in Azure AD, re-enrolled the user's new device with Microsoft Authenticator, and verified push notifications working. Confirmed successful MFA login from both mobile and desktop.","Miller, Susan",False,3,2.0,True,32.5,1.35,0.0,186.0,,6,16,MFA not working on mobile device User replaced their phone and can no longer receive MFA push notifications. Needs MFA token re-enrolled.
T20251228.0005,Software license expired for Adobe Acrobat,Adobe Acrobat Pro license has expired for the Marketing department. Three users unable to edit PDFs.,ABLE Manufacturing HQ,Primary Location,Complete,Low,Email,2.0,"Miller, Susan",SW:Support II,IT:Level I,IT:Applications,,,Able Manufacturing - Recurring Service,IT:Premium SLA,2025-12-28 06:00:00,"Administrator, Autotask",2025-12-28 19:30:00,2026-01-05 11:00:00,2025-12-28 06:00:00,Procured three Adobe Acrobat Pro renewal licenses through the company's volume licensing agreement. Activated licenses on all three Marketing workstations and confirmed PDF editing functionality restored.,"Miller, Susan",False,1,2.0,True,13.5,0.56,0.0,197.0,,6,16,Software license expired for Adobe Acrobat Adobe Acrobat Pro license has expired for the Marketing department. Three users unable to edit PDFs.
T20260223.0009,Outlook not syncing emails,User reports Outlook on their workstation is not syncing new emails. Restarting the application did not resolve the issue.,ABLE Manufacturing HQ,Primary Location,Complete,Medium,Email,2.0,"Miller, Susan",SW:Support II,IT:Level II,SW:Defect,,,Able Manufacturing - Recurring Service,IT:Premium SLA,2026-02-23 13:30:00,"Administrator, Autotask",2026-02-23 20:30:00,2026-03-02 16:30:00,2026-02-23 13:30:00,Rebuilt the Outlook profile and cleared the local OST cache. Re-synced the mailbox from Exchange Online. Verified all folders syncing correctly and monitored for 2 hours with no recurrence.,"Miller, Susan",False,2,2.0,True,7.0,0.29,0.0,171.0,,4,19,Outlook not syncing emails User reports Outlook on their workstation is not syncing new emails. Restarting the application did not resolve the issue.
T20260103.0005,Wi-Fi connectivity issues in conference room B,Staff report intermittent Wi-Fi drops in conference room B during video calls. Signal strength appears weak.,ABLE Manufacturing HQ,Primary Location,Complete,Medium,Email,2.0,"Anderson, Scott",IT:Service Manager,IT:Level II,IT:Hardware,,,Able Manufacturing - Recurring Service,IT:Premium SLA,2026-01-03 02:30:00,"Administrator, Autotask",2026-01-06 10:00:00,2026-01-12 11:00:00,2026-01-03 02:30:00,"Performed a wireless site survey and identified signal interference from an adjacent microwave and a neighboring AP on the same channel. Changed the AP channel, increased transmit power, and repositioned the access point. Signal strength improved from -75dBm to -55dBm. Tested with multiple concurrent video calls successfully.","Anderson, Scott",False,2,2.0,True,79.5,3.31,0.0,224.5,,7,16,Wi-Fi connectivity issues in conference room B Staff report intermittent Wi-Fi drops in conference room B during video calls. Signal strength appears weak.
T20260105.0008,Password reset request,Employee locked out of their account after multiple failed login attempts. Requesting password reset and account unlock.,ABLE Manufacturing HQ,Primary Location,Complete,Low,Email,2.0,"Taylor, Mark",IT:Technician II,IT:Level II,IT:Change,,,Able Manufacturing - Recurring Service,IT:Premium SLA,2026-01-05 11:30:00,"Administrator, Autotask",2026-01-08 22:30:00,2026-01-12 14:30:00,2026-01-05 11:30:00,"Unlocked the AD account, reset the password, and required a password change at next login. Verified the user could sign in successfully to their workstation and email. Reminded user of the self-service password reset portal.","Taylor, Mark",False,1,2.0,True,83.0,3.46,0.0,171.0,,3,17,Password reset request Employee locked out of their account after multiple failed login attempts. Requesting password reset and account unlock.
T20260108.0005,Laptop battery not holding charge,User's Dell laptop battery drains from 100% to 0% in under an hour. Laptop is 2 years old.,ABLE Manufacturing HQ,Primary Location,Complete,Medium,Email,2.0,"Miller, Susan",SW:Support II,IT:Level I,SW:Internal,,,Able Manufacturing - Recurring Service,IT:Premium SLA,2026-01-08 11:30:00,"Administrator, Autotask",2026-01-10 16:30:00,2026-01-15 14:30:00,2026-01-08 11:30:00,Ran Dell battery diagnostics which confirmed the battery health at 12% capacity. Ordered and installed a replacement battery under the ProSupport warranty. New battery holds a full charge for 6+ hours. Calibrated the battery and updated BIOS.,"Miller, Susan",False,2,2.0,True,53.0,2.21,0.0,171.0,,5,18,Laptop battery not holding charge User's Dell laptop battery drains from 100% to 0% in under an hour. Laptop is 2 years old.
T20260220.0015,VPN connection drops intermittently,"Remote employee experiences frequent VPN disconnections throughout the day, disrupting access to internal resources.",ABLE Manufacturing HQ,Primary Location,Complete,High,Email,2.0,"Taylor, Mark",IT:Technician II,IT:Level I,SW:Change,,,Able Manufacturing - Recurring Service,IT:Premium SLA,2026-02-20 01:30:00,"Administrator, Autotask",2026-02-21 22:00:00,2026-02-27 11:00:00,2026-02-20 01:30:00,"Diagnosed intermittent VPN disconnections to a conflicting network adapter driver. Updated the adapter driver, disabled IPv6 on the VPN tunnel adapter, and adjusted the idle timeout setting in the GlobalProtect client. Verified stable connectivity over a 4-hour remote session with no drops.","Taylor, Mark",False,3,2.0,True,44.5,1.85,0.0,177.5,,4,14,"VPN connection drops intermittently Remote employee experiences frequent VPN disconnections throughout the day, disrupting access to internal resources."
T20251219.0011,Zoom meeting room setup,Need to configure the new conference room TV and camera system for Zoom Rooms integration.,ABLE Manufacturing HQ,Primary Location,Complete,Low,Email,2.0,"Taylor, Mark",IT:Technician II,IT:Level II,SW:Support,,,Able Manufacturing - Recurring Service,IT:Premium SLA,2025-12-19 23:30:00,"Administrator, Autotask",2025-12-29 18:00:00,2025-12-29 11:00:00,2025-12-19 23:30:00,"Mounted the Logitech Rally camera system, connected to the conference room PC, and configured Zoom Rooms with the company license. Set up one-touch join with the room calendar integration. Tested audio, video, and screen sharing with a remote participant successfully.","Taylor, Mark",False,1,2.0,True,234.5,9.77,0.0,227.5,7.0,4,15,Zoom meeting room setup Need to configure the new conference room TV and camera system for Zoom Rooms integration.
T20260125.0009,Backup job failed overnight,Nightly backup job for the file server failed with a timeout error. Last successful backup was 3 days ago.,ABLE Manufacturing HQ,Primary Location,Complete,Critical,Email,2.0,"Anderson, Scott",IT:Service Manager,Triage,IT:Hardware,,,Able Manufacturing - Recurring Service,IT:Premium SLA,2026-01-25 22:30:00,"Administrator, Autotask",2026-01-28 15:00:00,2026-02-02 11:00:00,2026-01-25 22:30:00,"Identified that a runaway database process was locking files during the backup window. Rescheduled the database maintenance job to complete before the backup window. Cleared the stale lock files, restarted the backup agent, and successfully ran a full backup. Verified backup integrity with a test restore.","Anderson, Scott",False,4,2.0,True,64.5,2.69,0.0,180.5,,4,19,Backup job failed overnight Nightly backup job for the file server failed with a timeout error. Last successful backup was 3 days ago.
T20260112.0007,Windows update causing BSOD,Two workstations experiencing Blue Screen of Death after latest Windows cumulative update was installed.,ABLE Manufacturing HQ,Primary Location,Complete,Critical,Email,2.0,"Miller, Susan",SW:Support II,Triage,Triage,,,Able Manufacturing - Recurring Service,IT:Premium SLA,2026-01-12 00:30:00,"Administrator, Autotask",2026-01-16 09:00:00,2026-01-19 11:00:00,2026-01-12 00:30:00,"Identified KB5034441 as the problematic update conflicting with the Symantec endpoint agent. Booted both machines into Safe Mode, uninstalled the update, and added it to the WSUS decline list. Both workstations stable. Coordinated with Symantec support for a compatibility fix before re-deploying the update.","Miller, Susan",False,4,2.0,True,104.5,4.35,0.0,178.5,,4,14,Windows update causing BSOD Two workstations experiencing Blue Screen of Death after latest Windows cumulative update was installed.
T20260105.0009,Email bouncing back to external clients,Several external clients report emails to our sales team are bouncing back with a 550 error.,ABLE Manufacturing HQ,Primary Location,Complete,Critical,Email,2.0,"Moore, James",IT:Technician II,Triage,IT:Hardware,,,Able Manufacturing - Recurring Service,IT:Premium SLA,2026-01-05 20:30:00,"Administrator, Autotask",2026-01-08 01:00:00,2026-01-13 11:00:00,2026-01-05 20:30:00,Identified an expired MX record pointing to a decommissioned mail relay. Updated DNS MX records to point to the current Exchange Online endpoints. Flushed DNS cache on the domain registrar. Confirmed external email delivery restored within 30 minutes.,"Moore, James",False,4,2.0,True,52.5,2.19,0.0,182.5,,6,16,Email bouncing back to external clients Several external clients report emails to our sales team are bouncing back with a 550 error.
T20260215.0013,Outlook not syncing emails,User reports Outlook on their workstation is not syncing new emails. Restarting the application did not resolve the issue.,ABLE Manufacturing HQ,Primary Location,Complete,Medium,Email,2.0,"Taylor, Mark",IT:Technician II,IT:Change Requests,Triage,,,Able Manufacturing - Recurring Service,IT:Premium SLA,2026-02-15 07:00:00,"Administrator, Autotask",2026-02-25 00:30:00,2026-02-23 11:00:00,2026-02-15 07:00:00,Rebuilt the Outlook profile and cleared the local OST cache. Re-synced the mailbox from Exchange Online. Verified all folders syncing correctly and monitored for 2 hours with no recurrence.,"Taylor, Mark",False,2,2.0,True,233.5,9.73,0.0,196.0,37.5,4,19,Outlook not syncing emails User reports Outlook on their workstation is not syncing new emails. Restarting the application did not resolve the issue.
T20251221.0011,File recovery request,User accidentally deleted a folder from the shared drive and needs it restored from backup.,ABLE Manufacturing HQ,Primary Location,Complete,Medium,Email,2.0,"Miller, Susan",SW:Support II,IT:Level I,IT:Applications,,,Able Manufacturing - Recurring Service,IT:Premium SLA,2025-12-21 14:00:00,"Administrator, Autotask",2025-12-22 05:30:00,2025-12-29 11:00:00,2025-12-21 14:00:00,Restored the deleted folder and all contents from the previous night's Veeam backup snapshot. Verified file integrity and permissions match the original. Confirmed with the user that all expected files are present and accessible.,"Miller, Susan",False,2,2.0,True,15.5,0.65,0.0,189.0,,3,15,File recovery request User accidentally deleted a folder from the shared drive and needs it restored from backup.
T20260212.0013,Printer jamming on 2nd floor,The shared HP LaserJet on the 2nd floor is consistently jamming when printing duplex jobs. Paper tray has been checked.,ABLE Manufacturing HQ,Primary Location,Complete,Medium,Email,2.0,"Miller, Susan",SW:Support II,IT:Level II,Triage,,,Able Manufacturing - Recurring Service,IT:Premium SLA,2026-02-12 03:00:00,"Administrator, Autotask",2026-02-16 23:30:00,2026-02-19 11:00:00,2026-02-12 03:00:00,Cleaned the duplex unit rollers and replaced worn pickup rollers. Recalibrated the paper path and ran 50 test duplex prints with no jams. Issue resolved.,"Miller, Susan",False,2,2.0,True,116.5,4.85,0.0,176.0,,5,20,Printer jamming on 2nd floor The shared HP LaserJet on the 2nd floor is consistently jamming when printing duplex jobs. Paper tray has been checked.
T20260119.0008,Software license expired for Adobe Acrobat,Adobe Acrobat Pro license has expired for the Marketing department. Three users unable to edit PDFs.,ABLE Manufacturing HQ,Primary Location,Complete,Low,Email,2.0,"Miller, Susan",SW:Support II,IT:Change Requests,SW:Internal,,,Able Manufacturing - Recurring Service,IT:Premium SLA,2026-01-19 14:30:00,"Administrator, Autotask",2026-01-26 07:30:00,2026-01-27 08:30:00,2026-01-19 14:30:00,Procured three Adobe Acrobat Pro renewal licenses through the company's volume licensing agreement. Activated licenses on all three Marketing workstations and confirmed PDF editing functionality restored.,"Miller, Susan",False,1,2.0,True,161.0,6.71,0.0,186.0,,6,16,Software license expired for Adobe Acrobat Adobe Acrobat Pro license has expired for the Marketing department. Three users unable to edit PDFs.
T20260106.0009,Suspicious phishing email reported,Employee forwarded a suspicious email claiming to be from IT asking for credentials. Needs investigation.,ABLE Manufacturing HQ,Primary Location,Complete,High,Email,2.0,"Taylor, Mark",IT:Technician II,IT:Level II,SW:Internal,,,Able Manufacturing - Recurring Service,IT:Premium SLA,2026-01-06 17:00:00,"Administrator, Autotask",2026-01-14 03:30:00,2026-01-14 11:00:00,2026-01-06 17:00:00,"Confirmed the email as a phishing attempt originating from a spoofed domain. Blocked the sender domain in the email gateway, purged the message from all mailboxes using content search, and submitted the URL to Microsoft for blacklisting. Sent a company-wide phishing awareness reminder.","Taylor, Mark",False,3,2.0,True,178.5,7.44,0.0,186.0,,4,15,Suspicious phishing email reported Employee forwarded a suspicious email claiming to be from IT asking for credentials. Needs investigation.
T20260102.0011,Teams calls have audio echo,Multiple users in the open office area report audio echo issues during Microsoft Teams calls.,ABLE Manufacturing HQ,Primary Location,Complete,Medium,Email,2.0,"Moore, James",IT:Technician II,Triage,IT:Change,,,Able Manufacturing - Recurring Service,IT:Premium SLA,2026-01-02 01:30:00,"Administrator, Autotask",2026-01-04 10:00:00,2026-01-09 11:00:00,2026-01-02 01:30:00,"Identified that multiple users in close proximity were using laptop speakers instead of headsets, causing audio feedback loops. Distributed USB headsets to affected users and configured Teams audio settings to default to headset output. Echo issues eliminated.","Moore, James",False,2,2.0,True,56.5,2.35,0.0,177.5,,5,15,Teams calls have audio echo Multiple users in the open office area report audio echo issues during Microsoft Teams calls.
T20260105.0010,Slow computer performance,User's workstation takes over 5 minutes to boot and applications are sluggish. Machine is 4 years old with HDD.,ABLE Manufacturing HQ,Primary Location,Complete,Medium,Email,2.0,"Taylor, Mark",IT:Technician II,IT:Level II,IT:Applications,,,Able Manufacturing - Recurring Service,IT:Premium SLA,2026-01-05 14:00:00,"Administrator, Autotask",2026-01-10 19:30:00,2026-01-12 17:00:00,2026-01-05 14:00:00,"Replaced the mechanical HDD with a 500GB SSD, cloned the existing OS image, and increased RAM from 8GB to 16GB. Boot time reduced from 5+ minutes to 35 seconds. User confirmed significant performance improvement across all applications.","Taylor, Mark",False,2,2.0,True,125.5,5.23,0.0,171.0,,3,19,Slow computer performance User's workstation takes over 5 minutes to boot and applications are sluggish. Machine is 4 years old with HDD.
T20251220.0010,Need access to CRM application,Sales rep needs access provisioned to the Salesforce CRM. Manager has approved the request.,ABLE Manufacturing HQ,Primary Location,Complete,Low,Email,2.0,"Moore, James",IT:Technician II,IT:Level I,Triage,,,Able Manufacturing - Recurring Service,IT:Premium SLA,2025-12-20 18:30:00,"Administrator, Autotask",2025-12-24 13:00:00,2025-12-29 11:00:00,2025-12-20 18:30:00,"Provisioned Salesforce CRM access with the Sales Rep profile, added to the appropriate role hierarchy, and configured SSO via Azure AD. Verified the user can log in and access their assigned accounts and opportunities. Sent onboarding guide to the user.","Moore, James",False,1,2.0,True,90.5,3.77,0.0,208.5,,5,14,Need access to CRM application Sales rep needs access provisioned to the Salesforce CRM. Manager has approved the request.
T20251204.0016,Printer jamming on 2nd floor,The shared HP LaserJet on the 2nd floor is consistently jamming when printing duplex jobs. Paper tray has been checked.,ABLE Manufacturing HQ,Primary Location,Complete,Medium,Email,2.0,"Miller, Susan",SW:Support II,IT:Change Requests,IT:Change,,,Able Manufacturing - Recurring Service,IT:Premium SLA,2025-12-04 05:00:00,"Administrator, Autotask",2025-12-10 10:30:00,2025-12-11 11:00:00,2025-12-04 05:00:00,Cleaned the duplex unit rollers and replaced worn pickup rollers. Recalibrated the paper path and ran 50 test duplex prints with no jams. Issue resolved.,"Miller, Susan",False,2,2.0,True,149.5,6.23,0.0,174.0,,5,20,Printer jamming on 2nd floor The shared HP LaserJet on the 2nd floor is consistently jamming when printing duplex jobs. Paper tray has been checked.
T20251211.0007,Monitor flickering on docking station,User's external monitor flickers when connected via USB-C docking station. Works fine with direct HDMI connection.,ABLE Manufacturing HQ,Primary Location,Complete,Medium,Email,2.0,"Taylor, Mark",IT:Technician II,IT:Level II,SW:Support,,,Able Manufacturing - Recurring Service,IT:Premium SLA,2025-12-11 05:30:00,"Administrator, Autotask",2025-12-14 12:00:00,2025-12-18 11:00:00,2025-12-11 05:30:00,Updated the docking station firmware from v1.2 to v1.8 and installed the latest DisplayLink driver. Replaced the USB-C cable with a certified Thunderbolt 3 cable. Monitor now displays stable output through the dock.,"Taylor, Mark",False,2,2.0,True,78.5,3.27,0.0,173.5,,5,16,Monitor flickering on docking station User's external monitor flickers when connected via USB-C docking station. Works fine with direct HDMI connection.
T20260104.0007,Zoom meeting room setup,Need to configure the new conference room TV and camera system for Zoom Rooms integration.,ABLE Manufacturing HQ,Primary Location,Complete,Low,Email,2.0,"Moore, James",IT:Technician II,IT:Level II,SW:Change,,,Able Manufacturing - Recurring Service,IT:Premium SLA,2026-01-04 01:00:00,"Administrator, Autotask",2026-01-09 00:30:00,2026-01-12 11:00:00,2026-01-04 01:00:00,"Mounted the Logitech Rally camera system, connected to the conference room PC, and configured Zoom Rooms with the company license. Set up one-touch join with the room calendar integration. Tested audio, video, and screen sharing with a remote participant successfully.","Moore, James",False,1,2.0,True,119.5,4.98,0.0,202.0,,4,15,Zoom meeting room setup Need to configure the new conference room TV and camera system for Zoom Rooms integration.
T20260123.0008,File recovery request,User accidentally deleted a folder from the shared drive and needs it restored from backup.,ABLE Manufacturing HQ,Primary Location,Complete,Medium,Email,2.0,"Taylor, Mark",IT:Technician II,Triage,IT:Hardware,,,Able Manufacturing - Recurring Service,IT:Premium SLA,2026-01-23 12:00:00,"Administrator, Autotask",2026-01-23 18:30:00,2026-01-30 15:00:00,2026-01-23 12:00:00,Restored the deleted folder and all contents from the previous night's Veeam backup snapshot. Verified file integrity and permissions match the original. Confirmed with the user that all expected files are present and accessible.,"Taylor, Mark",False,2,2.0,True,6.5,0.27,0.0,171.0,,3,15,File recovery request User accidentally deleted a folder from the shared drive and needs it restored from backup.
T20260119.0009,VPN connection drops intermittently,"Remote employee experiences frequent VPN disconnections throughout the day, disrupting access to internal resources.",ABLE Manufacturing HQ,Primary Location,Complete,High,Email,2.0,"Taylor, Mark",IT:Technician II,IT:Level I,IT:Applications,,,Able Manufacturing - Recurring Service,IT:Premium SLA,2026-01-19 20:30:00,"Administrator, Autotask",2026-01-21 07:30:00,2026-01-27 11:00:00,2026-01-19 20:30:00,"Diagnosed intermittent VPN disconnections to a conflicting network adapter driver. Updated the adapter driver, disabled IPv6 on the VPN tunnel adapter, and adjusted the idle timeout setting in the GlobalProtect client. Verified stable connectivity over a 4-hour remote session with no drops.","Taylor, Mark",False,3,2.0,True,35.0,1.46,0.0,182.5,,4,14,"VPN connection drops intermittently Remote employee experiences frequent VPN disconnections throughout the day, disrupting access to internal resources."
T20260108.0006,Keyboard and mouse not responding,User's wireless keyboard and mouse stopped working. New batteries did not fix the issue.,ABLE Manufacturing HQ,Primary Location,Complete,Medium,Email,2.0,"Anderson, Scott",IT:Service Manager,IT:Change Requests,SW:Support,,,Able Manufacturing - Recurring Service,IT:Premium SLA,2026-01-08 16:30:00,"Administrator, Autotask",2026-01-16 05:30:00,2026-01-16 10:30:00,2026-01-08 16:30:00,"Determined the Logitech Unifying receiver had failed. Replaced the USB receiver, re-paired both the keyboard and mouse, and verified consistent input response. Provided a spare receiver to the user as backup.","Anderson, Scott",False,2,2.0,True,181.0,7.54,0.0,186.0,,5,14,Keyboard and mouse not responding User's wireless keyboard and mouse stopped working. New batteries did not fix the issue.
T20260127.0010,Network printer offline,The Ricoh copier/printer in the main office shows offline status for all users. Physical device appears powered on.,ABLE Manufacturing HQ,Primary Location,Complete,High,Email,2.0,"Taylor, Mark",IT:Technician II,IT:Level I,IT:Change,,,Able Manufacturing - Recurring Service,IT:Premium SLA,2026-01-27 20:00:00,"Administrator, Autotask",2026-01-31 14:30:00,2026-02-04 11:00:00,2026-01-27 20:00:00,"Found the printer had obtained a new DHCP IP address after a network switch reboot. Assigned a static IP reservation in DHCP, updated the printer port configuration on the print server, and redeployed the printer via GPO. All users can now print successfully.","Taylor, Mark",False,3,2.0,True,90.5,3.77,0.0,183.0,,3,18,Network printer offline The Ricoh copier/printer in the main office shows offline status for all users. Physical device appears powered on.
T20251205.0011,Backup job failed overnight,Nightly backup job for the file server failed with a timeout error. Last successful backup was 3 days ago.,ABLE Manufacturing HQ,Primary Location,Complete,Critical,Email,2.0,"Miller, Susan",SW:Support II,IT:Change Requests,SW:Defect,,,Able Manufacturing - Recurring Service,IT:Premium SLA,2025-12-05 17:00:00,"Administrator, Autotask",2025-12-11 20:00:00,2025-12-15 11:00:00,2025-12-05 17:00:00,"Identified that a runaway database process was locking files during the backup window. Rescheduled the database maintenance job to complete before the backup window. Cleared the stale lock files, restarted the backup agent, and successfully ran a full backup. Verified backup integrity with a test restore.","Miller, Susan",False,4,2.0,True,147.0,6.12,0.0,234.0,,4,19,Backup job failed overnight Nightly backup job for the file server failed with a timeout error. Last successful backup was 3 days ago.
T20260116.0011,Desk phone not receiving calls,User's VoIP desk phone rings but no audio when answered. Other phones on the same switch work fine.,ABLE Manufacturing HQ,Primary Location,Complete,Medium,Email,2.0,"Anderson, Scott",IT:Service Manager,IT:Change Requests,SW:Internal,,,Able Manufacturing - Recurring Service,IT:Premium SLA,2026-01-16 03:30:00,"Administrator, Autotask",2026-01-20 21:30:00,2026-01-23 11:00:00,2026-01-16 03:30:00,Found the phone's audio codec settings had been reset to a non-supported format after a firmware auto-update. Reconfigured the codec priority to G.711 and rebooted the phone. Two-way audio confirmed working on both internal and external calls.,"Anderson, Scott",False,2,2.0,True,114.0,4.75,0.0,175.5,,5,18,Desk phone not receiving calls User's VoIP desk phone rings but no audio when answered. Other phones on the same switch work fine.
T20260104.0008,QuickBooks not launching after update,QuickBooks Desktop crashes immediately on launch after the latest update was applied overnight.,ABLE Manufacturing HQ,Primary Location,Complete,Medium,Email,2.0,"Taylor, Mark",IT:Technician II,IT:Level II,SW:Internal,,,Able Manufacturing - Recurring Service,IT:Premium SLA,2026-01-04 08:00:00,"Administrator, Autotask",2026-01-05 11:30:00,2026-01-12 11:00:00,2026-01-04 08:00:00,"Rolled back the problematic QuickBooks update (R5 to R4), repaired the company file using the QuickBooks File Doctor tool, and verified the application launches and data integrity is intact. Deferred the update pending a patch from Intuit.","Taylor, Mark",False,2,2.0,True,27.5,1.15,0.0,195.0,,5,13,QuickBooks not launching after update QuickBooks Desktop crashes immediately on launch after the latest update was applied overnight.
T20251211.0008,Suspicious phishing email reported,Employee forwarded a suspicious email claiming to be from IT asking for credentials. Needs investigation.,ABLE Manufacturing HQ,Primary Location,Complete,High,Email,2.0,"Moore, James",IT:Technician II,IT:Level II,Triage,,,Able Manufacturing - Recurring Service,IT:Premium SLA,2025-12-11 09:30:00,"Administrator, Autotask",2025-12-15 04:00:00,2025-12-18 12:30:00,2025-12-11 09:30:00,"Confirmed the email as a phishing attempt originating from a spoofed domain. Blocked the sender domain in the email gateway, purged the message from all mailboxes using content search, and submitted the URL to Microsoft for blacklisting. Sent a company-wide phishing awareness reminder.","Moore, James",False,3,2.0,True,90.5,3.77,0.0,171.0,,4,15,Suspicious phishing email reported Employee forwarded a suspicious email claiming to be from IT asking for credentials. Needs investigation.
T20260218.0012,VPN connection drops intermittently,"Remote employee experiences frequent VPN disconnections throughout the day, disrupting access to internal resources.",ABLE Manufacturing HQ,Primary Location,Complete,High,Email,2.0,"Moore, James",IT:Technician II,IT:Change Requests,IT:Change,,,Able Manufacturing - Recurring Service,IT:Premium SLA,2026-02-18 16:00:00,"Administrator, Autotask",2026-02-18 18:30:00,2026-02-26 10:00:00,2026-02-18 16:00:00,"Diagnosed intermittent VPN disconnections to a conflicting network adapter driver. Updated the adapter driver, disabled IPv6 on the VPN tunnel adapter, and adjusted the idle timeout setting in the GlobalProtect client. Verified stable connectivity over a 4-hour remote session with no drops.","Moore, James",False,3,2.0,True,2.5,0.1,0.0,186.0,,4,14,"VPN connection drops intermittently Remote employee experiences frequent VPN disconnections throughout the day, disrupting access to internal resources."
T20260101.0012,Request for additional monitor,Department manager requesting a second monitor for their workstation to improve productivity.,ABLE Manufacturing HQ,Primary Location,Complete,Low,Email,2.0,"Anderson, Scott",IT:Service Manager,Triage,SW:Defect,,,Able Manufacturing - Recurring Service,IT:Premium SLA,2026-01-01 04:00:00,"Administrator, Autotask",2026-01-10 20:00:00,2026-01-08 11:00:00,2026-01-01 04:00:00,Deployed a 24-inch Dell monitor from inventory to the user's desk. Connected via DisplayPort through existing docking station. Configured dual-monitor extended display and adjusted resolution settings per user preference.,"Anderson, Scott",False,1,2.0,True,232.0,9.67,0.0,175.0,57.0,4,12,Request for additional monitor Department manager requesting a second monitor for their workstation to improve productivity.
T20251219.0014,File recovery request,User accidentally deleted a folder from the shared drive and needs it restored from backup.,ABLE Manufacturing HQ,Primary Location,Complete,Medium,Email,2.0,"Taylor, Mark",IT:Technician II,Triage,Triage,,,Able Manufacturing - Recurring Service,IT:Premium SLA,2025-12-19 11:00:00,"Administrator, Autotask",2025-12-28 06:30:00,2025-12-26 14:00:00,2025-12-19 11:00:00,Restored the deleted folder and all contents from the previous night's Veeam backup snapshot. Verified file integrity and permissions match the original. Confirmed with the user that all expected files are present and accessible.,"Taylor, Mark",False,2,2.0,True,211.5,8.81,0.0,171.0,40.5,3,15,File recovery request User accidentally deleted a folder from the shared drive and needs it restored from backup.
T20251218.0009,Backup job failed overnight,Nightly backup job for the file server failed with a timeout error. Last successful backup was 3 days ago.,ABLE Manufacturing HQ,Primary Location,Complete,Critical,Email,2.0,"Miller, Susan",SW:Support II,Triage,SW:Defect,,,Able Manufacturing - Recurring Service,IT:Premium SLA,2025-12-18 12:00:00,"Administrator, Autotask",2025-12-20 11:30:00,2025-12-25 15:00:00,2025-12-18 12:00:00,"Identified that a runaway database process was locking files during the backup window. Rescheduled the database maintenance job to complete before the backup window. Cleared the stale lock files, restarted the backup agent, and successfully ran a full backup. Verified backup integrity with a test restore.","Miller, Susan",False,4,2.0,True,47.5,1.98,0.0,171.0,,4,19,Backup job failed overnight Nightly backup job for the file server failed with a timeout error. Last successful backup was 3 days ago.
T20260228.0007,MFA not working on mobile device,User replaced their phone and can no longer receive MFA push notifications. Needs MFA token re-enrolled.,ABLE Manufacturing HQ,Primary Location,Complete,High,Email,2.0,"Taylor, Mark",IT:Technician II,Triage,SW:Change,,,Able Manufacturing - Recurring Service,IT:Premium SLA,2026-02-28 00:30:00,"Administrator, Autotask",2026-02-28 20:00:00,2026-03-09 11:00:00,2026-02-28 00:30:00,"Revoked the old MFA token in Azure AD, re-enrolled the user's new device with Microsoft Authenticator, and verified push notifications working. Confirmed successful MFA login from both mobile and desktop.","Taylor, Mark",False,3,2.0,True,19.5,0.81,0.0,226.5,,6,16,MFA not working on mobile device User replaced their phone and can no longer receive MFA push notifications. Needs MFA token re-enrolled.
T20260223.0010,Windows update causing BSOD,Two workstations experiencing Blue Screen of Death after latest Windows cumulative update was installed.,ABLE Manufacturing HQ,Primary Location,Complete,Critical,Email,2.0,"Moore, James",IT:Technician II,IT:Level I,SW:Support,,,Able Manufacturing - Recurring Service,IT:Premium SLA,2026-02-23 22:00:00,"Administrator, Autotask",2026-02-28 12:00:00,2026-03-03 11:00:00,2026-02-23 22:00:00,"Identified KB5034441 as the problematic update conflicting with the Symantec endpoint agent. Booted both machines into Safe Mode, uninstalled the update, and added it to the WSUS decline list. Both workstations stable. Coordinated with Symantec support for a compatibility fix before re-deploying the update.","Moore, James",False,4,2.0,True,110.0,4.58,0.0,181.0,,4,14,Windows update causing BSOD Two workstations experiencing Blue Screen of Death after latest Windows cumulative update was installed.
T20251229.0008,Monitor flickering on docking station,User's external monitor flickers when connected via USB-C docking station. Works fine with direct HDMI connection.,ABLE Manufacturing HQ,Primary Location,Complete,Medium,Email,2.0,"Moore, James",IT:Technician II,IT:Level II,IT:Change,,,Able Manufacturing - Recurring Service,IT:Premium SLA,2025-12-29 09:00:00,"Administrator, Autotask",2026-01-07 23:00:00,2026-01-05 12:00:00,2025-12-29 09:00:00,Updated the docking station firmware from v1.2 to v1.8 and installed the latest DisplayLink driver. Replaced the USB-C cable with a certified Thunderbolt 3 cable. Monitor now displays stable output through the dock.,"Moore, James",False,2,2.0,True,230.0,9.58,0.0,171.0,59.0,5,16,Monitor flickering on docking station User's external monitor flickers when connected via USB-C docking station. Works fine with direct HDMI connection.
T20260124.0012,Desk phone not receiving calls,User's VoIP desk phone rings but no audio when answered. Other phones on the same switch work fine.,ABLE Manufacturing HQ,Primary Location,Complete,Medium,Email,2.0,"Anderson, Scott",IT:Service Manager,IT:Level II,Triage,,,Able Manufacturing - Recurring Service,IT:Premium SLA,2026-01-24 22:30:00,"Administrator, Autotask",2026-02-02 23:30:00,2026-02-02 11:00:00,2026-01-24 22:30:00,Found the phone's audio codec settings had been reset to a non-supported format after a firmware auto-update. Reconfigured the codec priority to G.711 and rebooted the phone. Two-way audio confirmed working on both internal and external calls.,"Anderson, Scott",False,2,2.0,True,217.0,9.04,0.0,204.5,12.5,5,18,Desk phone not receiving calls User's VoIP desk phone rings but no audio when answered. Other phones on the same switch work fine.
T20260107.0006,Email bouncing back to external clients,Several external clients report emails to our sales team are bouncing back with a 550 error.,ABLE Manufacturing HQ,Primary Location,Complete,Critical,Email,2.0,"Miller, Susan",SW:Support II,IT:Change Requests,IT:Change,,,Able Manufacturing - Recurring Service,IT:Premium SLA,2026-01-07 12:30:00,"Administrator, Autotask",2026-01-13 14:00:00,2026-01-14 15:30:00,2026-01-07 12:30:00,Identified an expired MX record pointing to a decommissioned mail relay. Updated DNS MX records to point to the current Exchange Online endpoints. Flushed DNS cache on the domain registrar. Confirmed external email delivery restored within 30 minutes.,"Miller, Susan",False,4,2.0,True,145.5,6.06,0.0,171.0,,6,16,Email bouncing back to external clients Several external clients report emails to our sales team are bouncing back with a 550 error.
T20251216.0006,QuickBooks not launching after update,QuickBooks Desktop crashes immediately on launch after the latest update was applied overnight.,ABLE Manufacturing HQ,Primary Location,Complete,Medium,Email,2.0,"Moore, James",IT:Technician II,IT:Level I,SW:Change,,,Able Manufacturing - Recurring Service,IT:Premium SLA,2025-12-16 20:30:00,"Administrator, Autotask",2025-12-23 19:00:00,2025-12-24 11:00:00,2025-12-16 20:30:00,"Rolled back the problematic QuickBooks update (R5 to R4), repaired the company file using the QuickBooks File Doctor tool, and verified the application launches and data integrity is intact. Deferred the update pending a patch from Intuit.","Moore, James",False,2,2.0,True,166.5,6.94,0.0,182.5,,5,13,QuickBooks not launching after update QuickBooks Desktop crashes immediately on launch after the latest update was applied overnight.
T20251217.0011,Internet speed slow at branch office,Branch office staff reporting significantly slower internet speeds since last week. ISP says no issues on their end.,ABLE Manufacturing HQ,Primary Location,Complete,High,Email,2.0,"Anderson, Scott",IT:Service Manager,IT:Change Requests,SW:Change,,,Able Manufacturing - Recurring Service,IT:Premium SLA,2025-12-17 16:00:00,"Administrator, Autotask",2025-12-27 12:00:00,2025-12-25 10:00:00,2025-12-17 16:00:00,Traced the issue to a failing WAN interface on the branch firewall showing CRC errors. Replaced the SFP module and patch cable. Speeds returned to the provisioned 500Mbps symmetric. Monitored for 48 hours with no further degradation.,"Anderson, Scott",False,3,2.0,True,236.0,9.83,0.0,186.0,50.0,6,18,Internet speed slow at branch office Branch office staff reporting significantly slower internet speeds since last week. ISP says no issues on their end.
T20260207.0010,Slow computer performance,User's workstation takes over 5 minutes to boot and applications are sluggish. Machine is 4 years old with HDD.,ABLE Manufacturing HQ,Primary Location,Complete,Medium,Email,2.0,"Taylor, Mark",IT:Technician II,IT:Level I,SW:Internal,,,Able Manufacturing - Recurring Service,IT:Premium SLA,2026-02-07 13:00:00,"Administrator, Autotask",2026-02-10 20:30:00,2026-02-16 11:00:00,2026-02-07 13:00:00,"Replaced the mechanical HDD with a 500GB SSD, cloned the existing OS image, and increased RAM from 8GB to 16GB. Boot time reduced from 5+ minutes to 35 seconds. User confirmed significant performance improvement across all applications.","Taylor, Mark",False,2,2.0,True,79.5,3.31,0.0,214.0,,3,19,Slow computer performance User's workstation takes over 5 minutes to boot and applications are sluggish. Machine is 4 years old with HDD.
T20260218.0013,OneDrive sync errors,User getting persistent sync conflict errors in OneDrive. Several files showing duplicate versions.,ABLE Manufacturing HQ,Primary Location,Complete,Medium,Email,2.0,"Miller, Susan",SW:Support II,IT:Level I,SW:Support,,,Able Manufacturing - Recurring Service,IT:Premium SLA,2026-02-18 12:30:00,"Administrator, Autotask",2026-02-23 15:00:00,2026-02-25 15:30:00,2026-02-18 12:30:00,"Identified sync conflicts caused by files exceeding the 256-character path length limit. Shortened the nested folder structure, resolved the duplicate file versions by keeping the most recent copies, and reset the OneDrive sync client. Sync now running clean with no errors.","Miller, Susan",False,2,2.0,True,122.5,5.1,0.0,171.0,,3,13,OneDrive sync errors User getting persistent sync conflict errors in OneDrive. Several files showing duplicate versions.
T20251224.0006,Network printer offline,The Ricoh copier/printer in the main office shows offline status for all users. Physical device appears powered on.,ABLE Manufacturing HQ,Primary Location,Complete,High,Email,2.0,"Miller, Susan",SW:Support II,IT:Level I,Triage,,,Able Manufacturing - Recurring Service,IT:Premium SLA,2025-12-24 07:30:00,"Administrator, Autotask",2025-12-24 17:30:00,2025-12-31 11:00:00,2025-12-24 07:30:00,"Found the printer had obtained a new DHCP IP address after a network switch reboot. Assigned a static IP reservation in DHCP, updated the printer port configuration on the print server, and redeployed the printer via GPO. All users can now print successfully.","Miller, Susan",False,3,2.0,True,10.0,0.42,0.0,171.5,,3,18,Network printer offline The Ricoh copier/printer in the main office shows offline status for all users. Physical device appears powered on.
T20260130.0005,Password reset request,Employee locked out of their account after multiple failed login attempts. Requesting password reset and account unlock.,ABLE Manufacturing HQ,Primary Location,Complete,Low,Email,2.0,"Miller, Susan",SW:Support II,Triage,SW:Internal,,,Able Manufacturing - Recurring Service,IT:Premium SLA,2026-01-30 12:00:00,"Administrator, Autotask",2026-02-03 02:00:00,2026-02-06 15:00:00,2026-01-30 12:00:00,"Unlocked the AD account, reset the password, and required a password change at next login. Verified the user could sign in successfully to their workstation and email. Reminded user of the self-service password reset portal.","Miller, Susan",False,1,2.0,True,86.0,3.58,0.0,171.0,,3,17,Password reset request Employee locked out of their account after multiple failed login attempts. Requesting password reset and account unlock.
T20260213.0007,Zoom meeting room setup,Need to configure the new conference room TV and camera system for Zoom Rooms integration.,ABLE Manufacturing HQ,Primary Location,Complete,Low,Email,2.0,"Taylor, Mark",IT:Technician II,IT:Level I,SW:Defect,,,Able Manufacturing - Recurring Service,IT:Premium SLA,2026-02-13 11:00:00,"Administrator, Autotask",2026-02-17 01:00:00,2026-02-20 14:00:00,2026-02-13 11:00:00,"Mounted the Logitech Rally camera system, connected to the conference room PC, and configured Zoom Rooms with the company license. Set up one-touch join with the room calendar integration. Tested audio, video, and screen sharing with a remote participant successfully.","Taylor, Mark",False,1,2.0,True,86.0,3.58,0.0,171.0,,4,15,Zoom meeting room setup Need to configure the new conference room TV and camera system for Zoom Rooms integration.
T20260219.0005,Teams calls have audio echo,Multiple users in the open office area report audio echo issues during Microsoft Teams calls.,ABLE Manufacturing HQ,Primary Location,Complete,Medium,Email,2.0,"Moore, James",IT:Technician II,Triage,SW:Change,,,Able Manufacturing - Recurring Service,IT:Premium SLA,2026-02-19 00:00:00,"Administrator, Autotask",2026-02-27 20:00:00,2026-02-26 11:00:00,2026-02-19 00:00:00,"Identified that multiple users in close proximity were using laptop speakers instead of headsets, causing audio feedback loops. Distributed USB headsets to affected users and configured Teams audio settings to default to headset output. Echo issues eliminated.","Moore, James",False,2,2.0,True,212.0,8.83,0.0,179.0,33.0,5,15,Teams calls have audio echo Multiple users in the open office area report audio echo issues during Microsoft Teams calls.
T20260227.0013,Request to install project management software,Project lead requesting installation of Monday.com desktop app on their workstation.,ABLE Manufacturing HQ,Primary Location,Complete,Low,Email,2.0,"Anderson, Scott",IT:Service Manager,IT:Change Requests,SW:Support,,,Able Manufacturing - Recurring Service,IT:Premium SLA,2026-02-27 15:30:00,"Administrator, Autotask",2026-03-06 03:30:00,2026-03-09 09:30:00,2026-02-27 15:30:00,"Installed Monday.com desktop application, configured SSO integration with company Azure AD credentials, and verified the user can access their project boards. Added the application to the approved software list.","Anderson, Scott",False,1,2.0,True,156.0,6.5,0.0,234.0,,6,11,Request to install project management software Project lead requesting installation of Monday.com desktop app on their workstation.
T20251213.0009,MFA not working on mobile device,User replaced their phone and can no longer receive MFA push notifications. Needs MFA token re-enrolled.,ABLE Manufacturing HQ,Primary Location,Complete,High,Email,2.0,"Miller, Susan",SW:Support II,Triage,SW:Internal,,,Able Manufacturing - Recurring Service,IT:Premium SLA,2025-12-13 06:00:00,"Administrator, Autotask",2025-12-23 04:00:00,2025-12-22 11:00:00,2025-12-13 06:00:00,"Revoked the old MFA token in Azure AD, re-enrolled the user's new device with Microsoft Authenticator, and verified push notifications working. Confirmed successful MFA login from both mobile and desktop.","Miller, Susan",False,3,2.0,True,238.0,9.92,0.0,221.0,17.0,6,16,MFA not working on mobile device User replaced their phone and can no longer receive MFA push notifications. Needs MFA token re-enrolled.
T20251226.0012,Printer jamming on 2nd floor,The shared HP LaserJet on the 2nd floor is consistently jamming when printing duplex jobs. Paper tray has been checked.,ABLE Manufacturing HQ,Primary Location,Complete,Medium,Email,2.0,"Moore, James",IT:Technician II,IT:Level II,IT:Hardware,,,Able Manufacturing - Recurring Service,IT:Premium SLA,2025-12-26 01:00:00,"Administrator, Autotask",2026-01-02 13:00:00,2026-01-02 11:00:00,2025-12-26 01:00:00,Cleaned the duplex unit rollers and replaced worn pickup rollers. Recalibrated the paper path and ran 50 test duplex prints with no jams. Issue resolved.,"Moore, James",False,2,2.0,True,180.0,7.5,0.0,178.0,2.0,5,20,Printer jamming on 2nd floor The shared HP LaserJet on the 2nd floor is consistently jamming when printing duplex jobs. Paper tray has been checked.
T20260215.0014,Password reset request,Employee locked out of their account after multiple failed login attempts. Requesting password reset and account unlock.,ABLE Manufacturing HQ,Primary Location,Complete,Low,Email,2.0,"Miller, Susan",SW:Support II,IT:Level I,SW:Defect,,,Able Manufacturing - Recurring Service,IT:Premium SLA,2026-02-15 18:00:00,"Administrator, Autotask",2026-02-16 05:00:00,2026-02-23 11:00:00,2026-02-15 18:00:00,"Unlocked the AD account, reset the password, and required a password change at next login. Verified the user could sign in successfully to their workstation and email. Reminded user of the self-service password reset portal.","Miller, Susan",False,1,2.0,True,11.0,0.46,0.0,185.0,,3,17,Password reset request Employee locked out of their account after multiple failed login attempts. Requesting password reset and account unlock.
T20260119.0010,Desk phone not receiving calls,User's VoIP desk phone rings but no audio when answered. Other phones on the same switch work fine.,ABLE Manufacturing HQ,Primary Location,Complete,Medium,Email,2.0,"Taylor, Mark",IT:Technician II,IT:Level II,SW:Support,,,Able Manufacturing - Recurring Service,IT:Premium SLA,2026-01-19 20:30:00,"Administrator, Autotask",2026-01-20 05:30:00,2026-01-27 11:00:00,2026-01-19 20:30:00,Found the phone's audio codec settings had been reset to a non-supported format after a firmware auto-update. Reconfigured the codec priority to G.711 and rebooted the phone. Two-way audio confirmed working on both internal and external calls.,"Taylor, Mark",False,2,2.0,True,9.0,0.38,0.0,182.5,,5,18,Desk phone not receiving calls User's VoIP desk phone rings but no audio when answered. Other phones on the same switch work fine.
T20260127.0011,Wi-Fi connectivity issues in conference room B,Staff report intermittent Wi-Fi drops in conference room B during video calls. Signal strength appears weak.,ABLE Manufacturing HQ,Primary Location,Complete,Medium,Email,2.0,"Miller, Susan",SW:Support II,Triage,SW:Internal,,,Able Manufacturing - Recurring Service,IT:Premium SLA,2026-01-27 03:00:00,"Administrator, Autotask",2026-02-04 02:30:00,2026-02-03 11:00:00,2026-01-27 03:00:00,"Performed a wireless site survey and identified signal interference from an adjacent microwave and a neighboring AP on the same channel. Changed the AP channel, increased transmit power, and repositioned the access point. Signal strength improved from -75dBm to -55dBm. Tested with multiple concurrent video calls successfully.","Miller, Susan",False,2,2.0,True,191.5,7.98,0.0,176.0,15.5,7,16,Wi-Fi connectivity issues in conference room B Staff report intermittent Wi-Fi drops in conference room B during video calls. Signal strength appears weak.
T20260227.0014,Outlook not syncing emails,User reports Outlook on their workstation is not syncing new emails. Restarting the application did not resolve the issue.,ABLE Manufacturing HQ,Primary Location,Complete,Medium,Email,2.0,"Taylor, Mark",IT:Technician II,Triage,SW:Defect,,,Able Manufacturing - Recurring Service,IT:Premium SLA,2026-02-27 22:30:00,"Administrator, Autotask",2026-03-05 13:00:00,2026-03-09 11:00:00,2026-02-27 22:30:00,Rebuilt the Outlook profile and cleared the local OST cache. Re-synced the mailbox from Exchange Online. Verified all folders syncing correctly and monitored for 2 hours with no recurrence.,"Taylor, Mark",False,2,2.0,True,134.5,5.6,0.0,228.5,,4,19,Outlook not syncing emails User reports Outlook on their workstation is not syncing new emails. Restarting the application did not resolve the issue.
T20251217.0012,Network printer offline,The Ricoh copier/printer in the main office shows offline status for all users. Physical device appears powered on.,ABLE Manufacturing HQ,Primary Location,Complete,High,Email,2.0,"Miller, Susan",SW:Support II,Triage,IT:Change,,,Able Manufacturing - Recurring Service,IT:Premium SLA,2025-12-17 19:30:00,"Administrator, Autotask",2025-12-25 05:00:00,2025-12-25 11:00:00,2025-12-17 19:30:00,"Found the printer had obtained a new DHCP IP address after a network switch reboot. Assigned a static IP reservation in DHCP, updated the printer port configuration on the print server, and redeployed the printer via GPO. All users can now print successfully.","Miller, Susan",False,3,2.0,True,177.5,7.4,0.0,183.5,,3,18,Network printer offline The Ricoh copier/printer in the main office shows offline status for all users. Physical device appears powered on.
T20260206.0008,Zoom meeting room setup,Need to configure the new conference room TV and camera system for Zoom Rooms integration.,ABLE Manufacturing HQ,Primary Location,Complete,Low,Email,2.0,"Miller, Susan",SW:Support II,IT:Change Requests,SW:Support,,,Able Manufacturing - Recurring Service,IT:Premium SLA,2026-02-06 22:00:00,"Administrator, Autotask",2026-02-12 01:00:00,2026-02-16 11:00:00,2026-02-06 22:00:00,"Mounted the Logitech Rally camera system, connected to the conference room PC, and configured Zoom Rooms with the company license. Set up one-touch join with the room calendar integration. Tested audio, video, and screen sharing with a remote participant successfully.","Miller, Susan",False,1,2.0,True,123.0,5.12,0.0,229.0,,4,15,Zoom meeting room setup Need to configure the new conference room TV and camera system for Zoom Rooms integration.
T20251225.0008,New employee laptop setup,"New hire starting next Monday needs a laptop configured with standard software suite, email, and VPN access.",ABLE Manufacturing HQ,Primary Location,Complete,Low,Email,2.0,"Taylor, Mark",IT:Technician II,IT:Level I,SW:Support,,,Able Manufacturing - Recurring Service,IT:Premium SLA,2025-12-25 15:30:00,"Administrator, Autotask",2025-12-29 22:00:00,2026-01-02 09:30:00,2025-12-25 15:30:00,"Configured new Dell Latitude with Windows 11, joined to domain, installed standard software suite (Office 365, Teams, GlobalProtect VPN, Adobe Reader). Set up email profile and verified VPN connectivity. Laptop ready for new hire.","Taylor, Mark",False,1,2.0,True,102.5,4.27,0.0,186.0,,4,17,"New employee laptop setup New hire starting next Monday needs a laptop configured with standard software suite, email, and VPN access."
T20251209.0013,New user account creation,"HR requests new Active Directory account, email, and standard group memberships for incoming Accounting associate.",ABLE Manufacturing HQ,Primary Location,Complete,Low,Email,2.0,"Miller, Susan",SW:Support II,Triage,IT:Hardware,,,Able Manufacturing - Recurring Service,IT:Premium SLA,2025-12-09 23:00:00,"Administrator, Autotask",2025-12-19 09:30:00,2025-12-17 11:00:00,2025-12-09 23:00:00,"Created AD account with standard naming convention, added to Accounting security and distribution groups, provisioned Exchange Online mailbox, and configured OneDrive. Sent welcome credentials to the hiring manager via secure channel.","Miller, Susan",False,1,2.0,True,226.5,9.44,0.0,180.0,46.5,4,15,"New user account creation HR requests new Active Directory account, email, and standard group memberships for incoming Accounting associate."
T20260218.0015,Monitor flickering on docking station,User's external monitor flickers when connected via USB-C docking station. Works fine with direct HDMI connection.,ABLE Manufacturing HQ,Primary Location,Complete,Medium,Email,2.0,"Anderson, Scott",IT:Service Manager,IT:Change Requests,SW:Defect,,,Able Manufacturing - Recurring Service,IT:Premium SLA,2026-02-18 15:30:00,"Administrator, Autotask",2026-02-21 04:30:00,2026-02-26 09:30:00,2026-02-18 15:30:00,Updated the docking station firmware from v1.2 to v1.8 and installed the latest DisplayLink driver. Replaced the USB-C cable with a certified Thunderbolt 3 cable. Monitor now displays stable output through the dock.,"Anderson, Scott",False,2,2.0,True,61.0,2.54,0.0,186.0,,5,16,Monitor flickering on docking station User's external monitor flickers when connected via USB-C docking station. Works fine with direct HDMI connection.
T20260116.0012,Laptop battery not holding charge,User's Dell laptop battery drains from 100% to 0% in under an hour. Laptop is 2 years old.,ABLE Manufacturing HQ,Primary Location,Complete,Medium,Email,2.0,"Anderson, Scott",IT:Service Manager,IT:Level I,SW:Change,,,Able Manufacturing - Recurring Service,IT:Premium SLA,2026-01-16 03:00:00,"Administrator, Autotask",2026-01-20 15:00:00,2026-01-23 11:00:00,2026-01-16 03:00:00,Ran Dell battery diagnostics which confirmed the battery health at 12% capacity. Ordered and installed a replacement battery under the ProSupport warranty. New battery holds a full charge for 6+ hours. Calibrated the battery and updated BIOS.,"Anderson, Scott",False,2,2.0,True,108.0,4.5,0.0,176.0,,5,18,Laptop battery not holding charge User's Dell laptop battery drains from 100% to 0% in under an hour. Laptop is 2 years old.
T20260106.0010,Server room temperature alert,Environmental monitoring system triggered a high-temperature alert in the server room. HVAC may be malfunctioning.,ABLE Manufacturing HQ,Primary Location,Complete,Critical,Email,2.0,"Miller, Susan",SW:Support II,IT:Level II,Triage,,,Able Manufacturing - Recurring Service,IT:Premium SLA,2026-01-06 23:00:00,"Administrator, Autotask",2026-01-12 17:30:00,2026-01-14 11:00:00,2026-01-06 23:00:00,Responded to the alert within 15 minutes. Found the primary CRAC unit had a frozen evaporator coil. Switched to the redundant cooling unit and contacted the HVAC vendor for emergency service. Primary unit repaired and back online within 4 hours. Temperature stabilized at 68掳F.,"Miller, Susan",False,4,2.0,True,138.5,5.77,0.0,180.0,,4,15,Server room temperature alert Environmental monitoring system triggered a high-temperature alert in the server room. HVAC may be malfunctioning.
T20260226.0009,Suspicious phishing email reported,Employee forwarded a suspicious email claiming to be from IT asking for credentials. Needs investigation.,ABLE Manufacturing HQ,Primary Location,Complete,High,Email,2.0,"Anderson, Scott",IT:Service Manager,Triage,Triage,,,Able Manufacturing - Recurring Service,IT:Premium SLA,2026-02-26 10:00:00,"Administrator, Autotask",2026-03-06 18:30:00,2026-03-05 13:00:00,2026-02-26 10:00:00,"Confirmed the email as a phishing attempt originating from a spoofed domain. Blocked the sender domain in the email gateway, purged the message from all mailboxes using content search, and submitted the URL to Microsoft for blacklisting. Sent a company-wide phishing awareness reminder.","Anderson, Scott",False,3,2.0,True,200.5,8.35,0.0,171.0,29.5,4,15,Suspicious phishing email reported Employee forwarded a suspicious email claiming to be from IT asking for credentials. Needs investigation.
T20251230.0012,Internet speed slow at branch office,Branch office staff reporting significantly slower internet speeds since last week. ISP says no issues on their end.,ABLE Manufacturing HQ,Primary Location,Complete,High,Email,2.0,"Moore, James",IT:Technician II,IT:Change Requests,Triage,,,Able Manufacturing - Recurring Service,IT:Premium SLA,2025-12-30 14:00:00,"Administrator, Autotask",2026-01-06 12:30:00,2026-01-06 17:00:00,2025-12-30 14:00:00,Traced the issue to a failing WAN interface on the branch firewall showing CRC errors. Replaced the SFP module and patch cable. Speeds returned to the provisioned 500Mbps symmetric. Monitored for 48 hours with no further degradation.,"Moore, James",False,3,2.0,True,166.5,6.94,0.0,171.0,,6,18,Internet speed slow at branch office Branch office staff reporting significantly slower internet speeds since last week. ISP says no issues on their end.
T20251221.0012,Wi-Fi connectivity issues in conference room B,Staff report intermittent Wi-Fi drops in conference room B during video calls. Signal strength appears weak.,ABLE Manufacturing HQ,Primary Location,Complete,Medium,Email,2.0,"Taylor, Mark",IT:Technician II,Triage,IT:Change,,,Able Manufacturing - Recurring Service,IT:Premium SLA,2025-12-21 17:30:00,"Administrator, Autotask",2025-12-24 09:30:00,2025-12-29 11:00:00,2025-12-21 17:30:00,"Performed a wireless site survey and identified signal interference from an adjacent microwave and a neighboring AP on the same channel. Changed the AP channel, increased transmit power, and repositioned the access point. Signal strength improved from -75dBm to -55dBm. Tested with multiple concurrent video calls successfully.","Taylor, Mark",False,2,2.0,True,64.0,2.67,0.0,185.5,,7,16,Wi-Fi connectivity issues in conference room B Staff report intermittent Wi-Fi drops in conference room B during video calls. Signal strength appears weak.
T20260114.0011,Software license expired for Adobe Acrobat,Adobe Acrobat Pro license has expired for the Marketing department. Three users unable to edit PDFs.,ABLE Manufacturing HQ,Primary Location,Complete,Low,Email,2.0,"Moore, James",IT:Technician II,IT:Change Requests,IT:Hardware,,,Able Manufacturing - Recurring Service,IT:Premium SLA,2026-01-14 21:30:00,"Administrator, Autotask",2026-01-19 12:30:00,2026-01-22 11:00:00,2026-01-14 21:30:00,Procured three Adobe Acrobat Pro renewal licenses through the company's volume licensing agreement. Activated licenses on all three Marketing workstations and confirmed PDF editing functionality restored.,"Moore, James",False,1,2.0,True,111.0,4.62,0.0,181.5,,6,16,Software license expired for Adobe Acrobat Adobe Acrobat Pro license has expired for the Marketing department. Three users unable to edit PDFs.
T20260204.0003,File recovery request,User accidentally deleted a folder from the shared drive and needs it restored from backup.,ABLE Manufacturing HQ,Primary Location,Complete,Medium,Email,2.0,"Taylor, Mark",IT:Technician II,Triage,Triage,,,Able Manufacturing - Recurring Service,IT:Premium SLA,2026-02-04 17:00:00,"Administrator, Autotask",2026-02-11 01:00:00,2026-02-12 11:00:00,2026-02-04 17:00:00,Restored the deleted folder and all contents from the previous night's Veeam backup snapshot. Verified file integrity and permissions match the original. Confirmed with the user that all expected files are present and accessible.,"Taylor, Mark",False,2,2.0,True,152.0,6.33,0.0,186.0,,3,15,File recovery request User accidentally deleted a folder from the shared drive and needs it restored from backup.
T20251206.0006,Slow computer performance,User's workstation takes over 5 minutes to boot and applications are sluggish. Machine is 4 years old with HDD.,ABLE Manufacturing HQ,Primary Location,Complete,Medium,Email,2.0,"Anderson, Scott",IT:Service Manager,IT:Level II,SW:Change,,,Able Manufacturing - Recurring Service,IT:Premium SLA,2025-12-06 08:30:00,"Administrator, Autotask",2025-12-09 02:30:00,2025-12-15 11:00:00,2025-12-06 08:30:00,"Replaced the mechanical HDD with a 500GB SSD, cloned the existing OS image, and increased RAM from 8GB to 16GB. Boot time reduced from 5+ minutes to 35 seconds. User confirmed significant performance improvement across all applications.","Anderson, Scott",False,2,2.0,True,66.0,2.75,0.0,218.5,,3,19,Slow computer performance User's workstation takes over 5 minutes to boot and applications are sluggish. Machine is 4 years old with HDD.
T20260130.0006,Password reset request,Employee locked out of their account after multiple failed login attempts. Requesting password reset and account unlock.,ABLE Manufacturing HQ,Primary Location,Complete,Low,Email,2.0,"Taylor, Mark",IT:Technician II,IT:Change Requests,Triage,,,Able Manufacturing - Recurring Service,IT:Premium SLA,2026-01-30 16:00:00,"Administrator, Autotask",2026-02-05 01:30:00,2026-02-09 10:00:00,2026-01-30 16:00:00,"Unlocked the AD account, reset the password, and required a password change at next login. Verified the user could sign in successfully to their workstation and email. Reminded user of the self-service password reset portal.","Taylor, Mark",False,1,2.0,True,129.5,5.4,0.0,234.0,,3,17,Password reset request Employee locked out of their account after multiple failed login attempts. Requesting password reset and account unlock.
T20260120.0010,OneDrive sync errors,User getting persistent sync conflict errors in OneDrive. Several files showing duplicate versions.,ABLE Manufacturing HQ,Primary Location,Complete,Medium,Email,2.0,"Miller, Susan",SW:Support II,IT:Level II,IT:Applications,,,Able Manufacturing - Recurring Service,IT:Premium SLA,2026-01-20 07:30:00,"Administrator, Autotask",2026-01-22 13:00:00,2026-01-27 11:00:00,2026-01-20 07:30:00,"Identified sync conflicts caused by files exceeding the 256-character path length limit. Shortened the nested folder structure, resolved the duplicate file versions by keeping the most recent copies, and reset the OneDrive sync client. Sync now running clean with no errors.","Miller, Susan",False,2,2.0,True,53.5,2.23,0.0,171.5,,3,13,OneDrive sync errors User getting persistent sync conflict errors in OneDrive. Several files showing duplicate versions.
T20251223.0004,MFA not working on mobile device,User replaced their phone and can no longer receive MFA push notifications. Needs MFA token re-enrolled.,ABLE Manufacturing HQ,Primary Location,Complete,High,Email,2.0,"Taylor, Mark",IT:Technician II,IT:Change Requests,Triage,,,Able Manufacturing - Recurring Service,IT:Premium SLA,2025-12-23 00:30:00,"Administrator, Autotask",2025-12-23 06:30:00,2025-12-30 11:00:00,2025-12-23 00:30:00,"Revoked the old MFA token in Azure AD, re-enrolled the user's new device with Microsoft Authenticator, and verified push notifications working. Confirmed successful MFA login from both mobile and desktop.","Taylor, Mark",False,3,2.0,True,6.0,0.25,0.0,178.5,,6,16,MFA not working on mobile device User replaced their phone and can no longer receive MFA push notifications. Needs MFA token re-enrolled.
T20260212.0016,Windows update causing BSOD,Two workstations experiencing Blue Screen of Death after latest Windows cumulative update was installed.,ABLE Manufacturing HQ,Primary Location,Complete,Critical,Email,2.0,"Moore, James",IT:Technician II,IT:Change Requests,SW:Defect,,,Able Manufacturing - Recurring Service,IT:Premium SLA,2026-02-12 06:00:00,"Administrator, Autotask",2026-02-19 08:30:00,2026-02-19 11:00:00,2026-02-12 06:00:00,"Identified KB5034441 as the problematic update conflicting with the Symantec endpoint agent. Booted both machines into Safe Mode, uninstalled the update, and added it to the WSUS decline list. Both workstations stable. Coordinated with Symantec support for a compatibility fix before re-deploying the update.","Moore, James",False,4,2.0,True,170.5,7.1,0.0,173.0,,4,14,Windows update causing BSOD Two workstations experiencing Blue Screen of Death after latest Windows cumulative update was installed.
T20260201.0008,Wi-Fi connectivity issues in conference room B,Staff report intermittent Wi-Fi drops in conference room B during video calls. Signal strength appears weak.,ABLE Manufacturing HQ,Primary Location,Complete,Medium,Email,2.0,"Anderson, Scott",IT:Service Manager,Triage,IT:Applications,,,Able Manufacturing - Recurring Service,IT:Premium SLA,2026-02-01 01:30:00,"Administrator, Autotask",2026-02-03 12:00:00,2026-02-09 11:00:00,2026-02-01 01:30:00,"Performed a wireless site survey and identified signal interference from an adjacent microwave and a neighboring AP on the same channel. Changed the AP channel, increased transmit power, and repositioned the access point. Signal strength improved from -75dBm to -55dBm. Tested with multiple concurrent video calls successfully.","Anderson, Scott",False,2,2.0,True,58.5,2.44,0.0,201.5,,7,16,Wi-Fi connectivity issues in conference room B Staff report intermittent Wi-Fi drops in conference room B during video calls. Signal strength appears weak.
T20260107.0007,Desk phone not receiving calls,User's VoIP desk phone rings but no audio when answered. Other phones on the same switch work fine.,ABLE Manufacturing HQ,Primary Location,Complete,Medium,Email,2.0,"Miller, Susan",SW:Support II,IT:Level II,SW:Defect,,,Able Manufacturing - Recurring Service,IT:Premium SLA,2026-01-07 06:30:00,"Administrator, Autotask",2026-01-11 21:00:00,2026-01-14 11:00:00,2026-01-07 06:30:00,Found the phone's audio codec settings had been reset to a non-supported format after a firmware auto-update. Reconfigured the codec priority to G.711 and rebooted the phone. Two-way audio confirmed working on both internal and external calls.,"Miller, Susan",False,2,2.0,True,110.5,4.6,0.0,172.5,,5,18,Desk phone not receiving calls User's VoIP desk phone rings but no audio when answered. Other phones on the same switch work fine.
T20260124.0013,Monitor flickering on docking station,User's external monitor flickers when connected via USB-C docking station. Works fine with direct HDMI connection.,ABLE Manufacturing HQ,Primary Location,Complete,Medium,Email,2.0,"Moore, James",IT:Technician II,IT:Level I,IT:Change,,,Able Manufacturing - Recurring Service,IT:Premium SLA,2026-01-24 23:30:00,"Administrator, Autotask",2026-02-03 08:30:00,2026-02-02 11:00:00,2026-01-24 23:30:00,Updated the docking station firmware from v1.2 to v1.8 and installed the latest DisplayLink driver. Replaced the USB-C cable with a certified Thunderbolt 3 cable. Monitor now displays stable output through the dock.,"Moore, James",False,2,2.0,True,225.0,9.38,0.0,203.5,21.5,5,16,Monitor flickering on docking station User's external monitor flickers when connected via USB-C docking station. Works fine with direct HDMI connection.
T20260226.0010,Need access to CRM application,Sales rep needs access provisioned to the Salesforce CRM. Manager has approved the request.,ABLE Manufacturing HQ,Primary Location,Complete,Low,Email,2.0,"Moore, James",IT:Technician II,IT:Level I,Triage,,,Able Manufacturing - Recurring Service,IT:Premium SLA,2026-02-26 04:00:00,"Administrator, Autotask",2026-02-28 00:00:00,2026-03-05 11:00:00,2026-02-26 04:00:00,"Provisioned Salesforce CRM access with the Sales Rep profile, added to the appropriate role hierarchy, and configured SSO via Azure AD. Verified the user can log in and access their assigned accounts and opportunities. Sent onboarding guide to the user.","Moore, James",False,1,2.0,True,44.0,1.83,0.0,175.0,,5,14,Need access to CRM application Sales rep needs access provisioned to the Salesforce CRM. Manager has approved the request.
T20260225.0008,VPN connection drops intermittently,"Remote employee experiences frequent VPN disconnections throughout the day, disrupting access to internal resources.",ABLE Manufacturing HQ,Primary Location,Complete,High,Email,2.0,"Anderson, Scott",IT:Service Manager,Triage,SW:Change,,,Able Manufacturing - Recurring Service,IT:Premium SLA,2026-02-25 21:30:00,"Administrator, Autotask",2026-03-03 03:30:00,2026-03-05 11:00:00,2026-02-25 21:30:00,"Diagnosed intermittent VPN disconnections to a conflicting network adapter driver. Updated the adapter driver, disabled IPv6 on the VPN tunnel adapter, and adjusted the idle timeout setting in the GlobalProtect client. Verified stable connectivity over a 4-hour remote session with no drops.","Anderson, Scott",False,3,2.0,True,126.0,5.25,0.0,181.5,,4,14,"VPN connection drops intermittently Remote employee experiences frequent VPN disconnections throughout the day, disrupting access to internal resources."
T20260220.0016,Zoom meeting room setup,Need to configure the new conference room TV and camera system for Zoom Rooms integration.,ABLE Manufacturing HQ,Primary Location,Complete,Low,Email,2.0,"Anderson, Scott",IT:Service Manager,IT:Level I,SW:Internal,,,Able Manufacturing - Recurring Service,IT:Premium SLA,2026-02-20 12:00:00,"Administrator, Autotask",2026-02-25 22:30:00,2026-02-27 15:00:00,2026-02-20 12:00:00,"Mounted the Logitech Rally camera system, connected to the conference room PC, and configured Zoom Rooms with the company license. Set up one-touch join with the room calendar integration. Tested audio, video, and screen sharing with a remote participant successfully.","Anderson, Scott",False,1,2.0,True,130.5,5.44,0.0,171.0,,4,15,Zoom meeting room setup Need to configure the new conference room TV and camera system for Zoom Rooms integration.
T20260219.0007,QuickBooks not launching after update,QuickBooks Desktop crashes immediately on launch after the latest update was applied overnight.,ABLE Manufacturing HQ,Primary Location,Complete,Medium,Email,2.0,"Moore, James",IT:Technician II,Triage,IT:Hardware,,,Able Manufacturing - Recurring Service,IT:Premium SLA,2026-02-19 04:00:00,"Administrator, Autotask",2026-02-23 01:00:00,2026-02-26 11:00:00,2026-02-19 04:00:00,"Rolled back the problematic QuickBooks update (R5 to R4), repaired the company file using the QuickBooks File Doctor tool, and verified the application launches and data integrity is intact. Deferred the update pending a patch from Intuit.","Moore, James",False,2,2.0,True,93.0,3.88,0.0,175.0,,5,13,QuickBooks not launching after update QuickBooks Desktop crashes immediately on launch after the latest update was applied overnight.
T20260204.0004,Request for additional monitor,Department manager requesting a second monitor for their workstation to improve productivity.,ABLE Manufacturing HQ,Primary Location,Complete,Low,Email,2.0,"Moore, James",IT:Technician II,IT:Level II,SW:Internal,,,Able Manufacturing - Recurring Service,IT:Premium SLA,2026-02-04 03:00:00,"Administrator, Autotask",2026-02-13 06:30:00,2026-02-11 11:00:00,2026-02-04 03:00:00,Deployed a 24-inch Dell monitor from inventory to the user's desk. Connected via DisplayPort through existing docking station. Configured dual-monitor extended display and adjusted resolution settings per user preference.,"Moore, James",False,1,2.0,True,219.5,9.15,0.0,176.0,43.5,4,12,Request for additional monitor Department manager requesting a second monitor for their workstation to improve productivity.
T20260101.0013,Outlook not syncing emails,User reports Outlook on their workstation is not syncing new emails. Restarting the application did not resolve the issue.,ABLE Manufacturing HQ,Primary Location,Complete,Medium,Email,2.0,"Anderson, Scott",IT:Service Manager,IT:Change Requests,IT:Hardware,,,Able Manufacturing - Recurring Service,IT:Premium SLA,2026-01-01 09:00:00,"Administrator, Autotask",2026-01-03 22:00:00,2026-01-08 12:00:00,2026-01-01 09:00:00,Rebuilt the Outlook profile and cleared the local OST cache. Re-synced the mailbox from Exchange Online. Verified all folders syncing correctly and monitored for 2 hours with no recurrence.,"Anderson, Scott",False,2,2.0,True,61.0,2.54,0.0,171.0,,4,19,Outlook not syncing emails User reports Outlook on their workstation is not syncing new emails. Restarting the application did not resolve the issue.
T20251220.0012,Teams calls have audio echo,Multiple users in the open office area report audio echo issues during Microsoft Teams calls.,ABLE Manufacturing HQ,Primary Location,Complete,Medium,Email,2.0,"Anderson, Scott",IT:Service Manager,IT:Change Requests,SW:Support,,,Able Manufacturing - Recurring Service,IT:Premium SLA,2025-12-20 20:00:00,"Administrator, Autotask",2025-12-28 16:30:00,2025-12-29 11:00:00,2025-12-20 20:00:00,"Identified that multiple users in close proximity were using laptop speakers instead of headsets, causing audio feedback loops. Distributed USB headsets to affected users and configured Teams audio settings to default to headset output. Echo issues eliminated.","Anderson, Scott",False,2,2.0,True,188.5,7.85,0.0,207.0,,5,15,Teams calls have audio echo Multiple users in the open office area report audio echo issues during Microsoft Teams calls.
T20260105.0012,Email bouncing back to external clients,Several external clients report emails to our sales team are bouncing back with a 550 error.,ABLE Manufacturing HQ,Primary Location,Complete,Critical,Email,2.0,"Moore, James",IT:Technician II,Triage,IT:Applications,,,Able Manufacturing - Recurring Service,IT:Premium SLA,2026-01-05 21:30:00,"Administrator, Autotask",2026-01-09 20:30:00,2026-01-13 11:00:00,2026-01-05 21:30:00,Identified an expired MX record pointing to a decommissioned mail relay. Updated DNS MX records to point to the current Exchange Online endpoints. Flushed DNS cache on the domain registrar. Confirmed external email delivery restored within 30 minutes.,"Moore, James",False,4,2.0,True,95.0,3.96,0.0,181.5,,6,16,Email bouncing back to external clients Several external clients report emails to our sales team are bouncing back with a 550 error.
T20251214.0005,Monitor flickering on docking station,User's external monitor flickers when connected via USB-C docking station. Works fine with direct HDMI connection.,ABLE Manufacturing HQ,Primary Location,Complete,Medium,Email,2.0,"Anderson, Scott",IT:Service Manager,IT:Level I,Triage,,,Able Manufacturing - Recurring Service,IT:Premium SLA,2025-12-14 18:30:00,"Administrator, Autotask",2025-12-20 18:30:00,2025-12-22 11:00:00,2025-12-14 18:30:00,Updated the docking station firmware from v1.2 to v1.8 and installed the latest DisplayLink driver. Replaced the USB-C cable with a certified Thunderbolt 3 cable. Monitor now displays stable output through the dock.,"Anderson, Scott",False,2,2.0,True,144.0,6.0,0.0,184.5,,5,16,Monitor flickering on docking station User's external monitor flickers when connected via USB-C docking station. Works fine with direct HDMI connection.
T20260208.0012,Printer jamming on 2nd floor,The shared HP LaserJet on the 2nd floor is consistently jamming when printing duplex jobs. Paper tray has been checked.,ABLE Manufacturing HQ,Primary Location,Complete,Medium,Email,2.0,"Miller, Susan",SW:Support II,IT:Level II,IT:Change,,,Able Manufacturing - Recurring Service,IT:Premium SLA,2026-02-08 07:30:00,"Administrator, Autotask",2026-02-15 03:30:00,2026-02-16 11:00:00,2026-02-08 07:30:00,Cleaned the duplex unit rollers and replaced worn pickup rollers. Recalibrated the paper path and ran 50 test duplex prints with no jams. Issue resolved.,"Miller, Susan",False,2,2.0,True,164.0,6.83,0.0,195.5,,5,20,Printer jamming on 2nd floor The shared HP LaserJet on the 2nd floor is consistently jamming when printing duplex jobs. Paper tray has been checked.
T20251204.0019,OneDrive sync errors,User getting persistent sync conflict errors in OneDrive. Several files showing duplicate versions.,ABLE Manufacturing HQ,Primary Location,Complete,Medium,Email,2.0,"Taylor, Mark",IT:Technician II,IT:Change Requests,IT:Hardware,,,Able Manufacturing - Recurring Service,IT:Premium SLA,2025-12-04 05:30:00,"Administrator, Autotask",2025-12-07 13:00:00,2025-12-11 11:00:00,2025-12-04 05:30:00,"Identified sync conflicts caused by files exceeding the 256-character path length limit. Shortened the nested folder structure, resolved the duplicate file versions by keeping the most recent copies, and reset the OneDrive sync client. Sync now running clean with no errors.","Taylor, Mark",False,2,2.0,True,79.5,3.31,0.0,173.5,,3,13,OneDrive sync errors User getting persistent sync conflict errors in OneDrive. Several files showing duplicate versions.
T20260211.0009,Password reset request,Employee locked out of their account after multiple failed login attempts. Requesting password reset and account unlock.,ABLE Manufacturing HQ,Primary Location,Complete,Low,Email,2.0,"Moore, James",IT:Technician II,Triage,IT:Hardware,,,Able Manufacturing - Recurring Service,IT:Premium SLA,2026-02-11 01:00:00,"Administrator, Autotask",2026-02-18 17:30:00,2026-02-18 11:00:00,2026-02-11 01:00:00,"Unlocked the AD account, reset the password, and required a password change at next login. Verified the user could sign in successfully to their workstation and email. Reminded user of the self-service password reset portal.","Moore, James",False,1,2.0,True,184.5,7.69,0.0,178.0,6.5,3,17,Password reset request Employee locked out of their account after multiple failed login attempts. Requesting password reset and account unlock.
T20260213.0008,Email bouncing back to external clients,Several external clients report emails to our sales team are bouncing back with a 550 error.,ABLE Manufacturing HQ,Primary Location,Complete,Critical,Email,2.0,"Moore, James",IT:Technician II,IT:Level II,IT:Hardware,,,Able Manufacturing - Recurring Service,IT:Premium SLA,2026-02-13 09:30:00,"Administrator, Autotask",2026-02-22 01:30:00,2026-02-20 12:30:00,2026-02-13 09:30:00,Identified an expired MX record pointing to a decommissioned mail relay. Updated DNS MX records to point to the current Exchange Online endpoints. Flushed DNS cache on the domain registrar. Confirmed external email delivery restored within 30 minutes.,"Moore, James",False,4,2.0,True,208.0,8.67,0.0,171.0,37.0,6,16,Email bouncing back to external clients Several external clients report emails to our sales team are bouncing back with a 550 error.
T20260115.0009,Outlook not syncing emails,User reports Outlook on their workstation is not syncing new emails. Restarting the application did not resolve the issue.,ABLE Manufacturing HQ,Primary Location,Complete,Medium,Email,2.0,"Taylor, Mark",IT:Technician II,IT:Level II,IT:Applications,,,Able Manufacturing - Recurring Service,IT:Premium SLA,2026-01-15 01:30:00,"Administrator, Autotask",2026-01-16 21:30:00,2026-01-22 11:00:00,2026-01-15 01:30:00,Rebuilt the Outlook profile and cleared the local OST cache. Re-synced the mailbox from Exchange Online. Verified all folders syncing correctly and monitored for 2 hours with no recurrence.,"Taylor, Mark",False,2,2.0,True,44.0,1.83,0.0,177.5,,4,19,Outlook not syncing emails User reports Outlook on their workstation is not syncing new emails. Restarting the application did not resolve the issue.
T20251202.0004,Backup job failed overnight,Nightly backup job for the file server failed with a timeout error. Last successful backup was 3 days ago.,ABLE Manufacturing HQ,Primary Location,Complete,Critical,Email,2.0,"Taylor, Mark",IT:Technician II,IT:Level I,SW:Change,,,Able Manufacturing - Recurring Service,IT:Premium SLA,2025-12-02 20:00:00,"Administrator, Autotask",2025-12-10 16:00:00,2025-12-10 11:00:00,2025-12-02 20:00:00,"Identified that a runaway database process was locking files during the backup window. Rescheduled the database maintenance job to complete before the backup window. Cleared the stale lock files, restarted the backup agent, and successfully ran a full backup. Verified backup integrity with a test restore.","Taylor, Mark",False,4,2.0,True,188.0,7.83,0.0,183.0,5.0,4,19,Backup job failed overnight Nightly backup job for the file server failed with a timeout error. Last successful backup was 3 days ago.
T20260114.0012,Laptop battery not holding charge,User's Dell laptop battery drains from 100% to 0% in under an hour. Laptop is 2 years old.,ABLE Manufacturing HQ,Primary Location,Complete,Medium,Email,2.0,"Taylor, Mark",IT:Technician II,IT:Change Requests,SW:Internal,,,Able Manufacturing - Recurring Service,IT:Premium SLA,2026-01-14 13:00:00,"Administrator, Autotask",2026-01-21 03:30:00,2026-01-21 16:00:00,2026-01-14 13:00:00,Ran Dell battery diagnostics which confirmed the battery health at 12% capacity. Ordered and installed a replacement battery under the ProSupport warranty. New battery holds a full charge for 6+ hours. Calibrated the battery and updated BIOS.,"Taylor, Mark",False,2,2.0,True,158.5,6.6,0.0,171.0,,5,18,Laptop battery not holding charge User's Dell laptop battery drains from 100% to 0% in under an hour. Laptop is 2 years old.
T20260119.0012,Shared drive access denied,User in Accounting cannot access the shared S: drive. Permissions appear correct in AD but access is still denied.,ABLE Manufacturing HQ,Primary Location,Complete,Medium,Email,2.0,"Miller, Susan",SW:Support II,IT:Level II,Triage,,,Able Manufacturing - Recurring Service,IT:Premium SLA,2026-01-19 21:30:00,"Administrator, Autotask",2026-01-20 14:30:00,2026-01-27 11:00:00,2026-01-19 21:30:00,"Identified a stale cached credential causing the access denial. Cleared the Windows Credential Manager entries for the file server, remapped the S: drive, and verified full read/write access to the Accounting share.","Miller, Susan",False,2,2.0,True,17.0,0.71,0.0,181.5,,4,19,Shared drive access denied User in Accounting cannot access the shared S: drive. Permissions appear correct in AD but access is still denied.
T20251216.0007,New employee laptop setup,"New hire starting next Monday needs a laptop configured with standard software suite, email, and VPN access.",ABLE Manufacturing HQ,Primary Location,Complete,Low,Email,2.0,"Anderson, Scott",IT:Service Manager,IT:Change Requests,SW:Change,,,Able Manufacturing - Recurring Service,IT:Premium SLA,2025-12-16 06:30:00,"Administrator, Autotask",2025-12-17 05:30:00,2025-12-23 11:00:00,2025-12-16 06:30:00,"Configured new Dell Latitude with Windows 11, joined to domain, installed standard software suite (Office 365, Teams, GlobalProtect VPN, Adobe Reader). Set up email profile and verified VPN connectivity. Laptop ready for new hire.","Anderson, Scott",False,1,2.0,True,23.0,0.96,0.0,172.5,,4,17,"New employee laptop setup New hire starting next Monday needs a laptop configured with standard software suite, email, and VPN access."
T20260124.0016,Need access to CRM application,Sales rep needs access provisioned to the Salesforce CRM. Manager has approved the request.,ABLE Manufacturing HQ,Primary Location,Complete,Low,Email,2.0,"Anderson, Scott",IT:Service Manager,Triage,IT:Hardware,,,Able Manufacturing - Recurring Service,IT:Premium SLA,2026-01-24 03:00:00,"Administrator, Autotask",2026-01-29 15:00:00,2026-02-02 11:00:00,2026-01-24 03:00:00,"Provisioned Salesforce CRM access with the Sales Rep profile, added to the appropriate role hierarchy, and configured SSO via Azure AD. Verified the user can log in and access their assigned accounts and opportunities. Sent onboarding guide to the user.","Anderson, Scott",False,1,2.0,True,132.0,5.5,0.0,224.0,,5,14,Need access to CRM application Sales rep needs access provisioned to the Salesforce CRM. Manager has approved the request.
T20260210.0007,Internet speed slow at branch office,Branch office staff reporting significantly slower internet speeds since last week. ISP says no issues on their end.,ABLE Manufacturing HQ,Primary Location,Complete,High,Email,2.0,"Taylor, Mark",IT:Technician II,Triage,SW:Change,,,Able Manufacturing - Recurring Service,IT:Premium SLA,2026-02-10 12:00:00,"Administrator, Autotask",2026-02-12 07:00:00,2026-02-17 15:00:00,2026-02-10 12:00:00,Traced the issue to a failing WAN interface on the branch firewall showing CRC errors. Replaced the SFP module and patch cable. Speeds returned to the provisioned 500Mbps symmetric. Monitored for 48 hours with no further degradation.,"Taylor, Mark",False,3,2.0,True,43.0,1.79,0.0,171.0,,6,18,Internet speed slow at branch office Branch office staff reporting significantly slower internet speeds since last week. ISP says no issues on their end.
T20251213.0010,Slow computer performance,User's workstation takes over 5 minutes to boot and applications are sluggish. Machine is 4 years old with HDD.,ABLE Manufacturing HQ,Primary Location,Complete,Medium,Email,2.0,"Miller, Susan",SW:Support II,IT:Change Requests,SW:Change,,,Able Manufacturing - Recurring Service,IT:Premium SLA,2025-12-13 03:30:00,"Administrator, Autotask",2025-12-22 16:30:00,2025-12-22 11:00:00,2025-12-13 03:30:00,"Replaced the mechanical HDD with a 500GB SSD, cloned the existing OS image, and increased RAM from 8GB to 16GB. Boot time reduced from 5+ minutes to 35 seconds. User confirmed significant performance improvement across all applications.","Miller, Susan",False,2,2.0,True,229.0,9.54,0.0,223.5,5.5,3,19,Slow computer performance User's workstation takes over 5 minutes to boot and applications are sluggish. Machine is 4 years old with HDD.
T20260224.0008,Keyboard and mouse not responding,User's wireless keyboard and mouse stopped working. New batteries did not fix the issue.,ABLE Manufacturing HQ,Primary Location,Complete,Medium,Email,2.0,"Anderson, Scott",IT:Service Manager,Triage,IT:Hardware,,,Able Manufacturing - Recurring Service,IT:Premium SLA,2026-02-24 05:00:00,"Administrator, Autotask",2026-03-03 18:00:00,2026-03-03 11:00:00,2026-02-24 05:00:00,"Determined the Logitech Unifying receiver had failed. Replaced the USB receiver, re-paired both the keyboard and mouse, and verified consistent input response. Provided a spare receiver to the user as backup.","Anderson, Scott",False,2,2.0,True,181.0,7.54,0.0,174.0,7.0,5,14,Keyboard and mouse not responding User's wireless keyboard and mouse stopped working. New batteries did not fix the issue.
T20260213.0009,Zoom meeting room setup,Need to configure the new conference room TV and camera system for Zoom Rooms integration.,ABLE Manufacturing HQ,Primary Location,Complete,Low,Email,2.0,"Taylor, Mark",IT:Technician II,Triage,IT:Change,,,Able Manufacturing - Recurring Service,IT:Premium SLA,2026-02-13 23:30:00,"Administrator, Autotask",2026-02-20 04:30:00,2026-02-23 11:00:00,2026-02-13 23:30:00,"Mounted the Logitech Rally camera system, connected to the conference room PC, and configured Zoom Rooms with the company license. Set up one-touch join with the room calendar integration. Tested audio, video, and screen sharing with a remote participant successfully.","Taylor, Mark",False,1,2.0,True,149.0,6.21,0.0,227.5,,4,15,Zoom meeting room setup Need to configure the new conference room TV and camera system for Zoom Rooms integration.
T20260223.0011,Email bouncing back to external clients,Several external clients report emails to our sales team are bouncing back with a 550 error.,ABLE Manufacturing HQ,Primary Location,Complete,Critical,Email,2.0,"Taylor, Mark",IT:Technician II,IT:Level II,Triage,,,Able Manufacturing - Recurring Service,IT:Premium SLA,2026-02-23 15:30:00,"Administrator, Autotask",2026-02-24 16:30:00,2026-03-03 09:30:00,2026-02-23 15:30:00,Identified an expired MX record pointing to a decommissioned mail relay. Updated DNS MX records to point to the current Exchange Online endpoints. Flushed DNS cache on the domain registrar. Confirmed external email delivery restored within 30 minutes.,"Taylor, Mark",False,4,2.0,True,25.0,1.04,0.0,186.0,,6,16,Email bouncing back to external clients Several external clients report emails to our sales team are bouncing back with a 550 error.
T20251223.0005,Desk phone not receiving calls,User's VoIP desk phone rings but no audio when answered. Other phones on the same switch work fine.,ABLE Manufacturing HQ,Primary Location,Complete,Medium,Email,2.0,"Anderson, Scott",IT:Service Manager,Triage,SW:Support,,,Able Manufacturing - Recurring Service,IT:Premium SLA,2025-12-23 00:30:00,"Administrator, Autotask",2025-12-23 19:00:00,2025-12-30 11:00:00,2025-12-23 00:30:00,Found the phone's audio codec settings had been reset to a non-supported format after a firmware auto-update. Reconfigured the codec priority to G.711 and rebooted the phone. Two-way audio confirmed working on both internal and external calls.,"Anderson, Scott",False,2,2.0,True,18.5,0.77,0.0,178.5,,5,18,Desk phone not receiving calls User's VoIP desk phone rings but no audio when answered. Other phones on the same switch work fine.
T20251231.0008,Slow computer performance,User's workstation takes over 5 minutes to boot and applications are sluggish. Machine is 4 years old with HDD.,ABLE Manufacturing HQ,Primary Location,Complete,Medium,Email,2.0,"Taylor, Mark",IT:Technician II,IT:Level I,IT:Hardware,,,Able Manufacturing - Recurring Service,IT:Premium SLA,2025-12-31 22:00:00,"Administrator, Autotask",2026-01-08 21:00:00,2026-01-08 11:00:00,2025-12-31 22:00:00,"Replaced the mechanical HDD with a 500GB SSD, cloned the existing OS image, and increased RAM from 8GB to 16GB. Boot time reduced from 5+ minutes to 35 seconds. User confirmed significant performance improvement across all applications.","Taylor, Mark",False,2,2.0,True,191.0,7.96,0.0,181.0,10.0,3,19,Slow computer performance User's workstation takes over 5 minutes to boot and applications are sluggish. Machine is 4 years old with HDD.
T20260131.0010,Backup job failed overnight,Nightly backup job for the file server failed with a timeout error. Last successful backup was 3 days ago.,ABLE Manufacturing HQ,Primary Location,Complete,Critical,Email,2.0,"Taylor, Mark",IT:Technician II,IT:Level II,SW:Internal,,,Able Manufacturing - Recurring Service,IT:Premium SLA,2026-01-31 04:00:00,"Administrator, Autotask",2026-01-31 05:30:00,2026-02-09 11:00:00,2026-01-31 04:00:00,"Identified that a runaway database process was locking files during the backup window. Rescheduled the database maintenance job to complete before the backup window. Cleared the stale lock files, restarted the backup agent, and successfully ran a full backup. Verified backup integrity with a test restore.","Taylor, Mark",False,4,2.0,True,1.5,0.06,0.0,223.0,,4,19,Backup job failed overnight Nightly backup job for the file server failed with a timeout error. Last successful backup was 3 days ago.
T20260208.0013,Outlook not syncing emails,User reports Outlook on their workstation is not syncing new emails. Restarting the application did not resolve the issue.,ABLE Manufacturing HQ,Primary Location,Complete,Medium,Email,2.0,"Miller, Susan",SW:Support II,IT:Change Requests,SW:Support,,,Able Manufacturing - Recurring Service,IT:Premium SLA,2026-02-08 04:00:00,"Administrator, Autotask",2026-02-10 17:00:00,2026-02-16 11:00:00,2026-02-08 04:00:00,Rebuilt the Outlook profile and cleared the local OST cache. Re-synced the mailbox from Exchange Online. Verified all folders syncing correctly and monitored for 2 hours with no recurrence.,"Miller, Susan",False,2,2.0,True,61.0,2.54,0.0,199.0,,4,19,Outlook not syncing emails User reports Outlook on their workstation is not syncing new emails. Restarting the application did not resolve the issue.
T20260221.0010,OneDrive sync errors,User getting persistent sync conflict errors in OneDrive. Several files showing duplicate versions.,ABLE Manufacturing HQ,Primary Location,Complete,Medium,Email,2.0,"Anderson, Scott",IT:Service Manager,IT:Level I,SW:Support,,,Able Manufacturing - Recurring Service,IT:Premium SLA,2026-02-21 04:30:00,"Administrator, Autotask",2026-02-25 05:30:00,2026-03-02 11:00:00,2026-02-21 04:30:00,"Identified sync conflicts caused by files exceeding the 256-character path length limit. Shortened the nested folder structure, resolved the duplicate file versions by keeping the most recent copies, and reset the OneDrive sync client. Sync now running clean with no errors.","Anderson, Scott",False,2,2.0,True,97.0,4.04,0.0,222.5,,3,13,OneDrive sync errors User getting persistent sync conflict errors in OneDrive. Several files showing duplicate versions.
T20260122.0006,Laptop battery not holding charge,User's Dell laptop battery drains from 100% to 0% in under an hour. Laptop is 2 years old.,ABLE Manufacturing HQ,Primary Location,Complete,Medium,Email,2.0,"Anderson, Scott",IT:Service Manager,Triage,SW:Support,,,Able Manufacturing - Recurring Service,IT:Premium SLA,2026-01-22 14:00:00,"Administrator, Autotask",2026-01-25 18:00:00,2026-01-29 17:00:00,2026-01-22 14:00:00,Ran Dell battery diagnostics which confirmed the battery health at 12% capacity. Ordered and installed a replacement battery under the ProSupport warranty. New battery holds a full charge for 6+ hours. Calibrated the battery and updated BIOS.,"Anderson, Scott",False,2,2.0,True,76.0,3.17,0.0,171.0,,5,18,Laptop battery not holding charge User's Dell laptop battery drains from 100% to 0% in under an hour. Laptop is 2 years old.
T20260131.0011,Teams calls have audio echo,Multiple users in the open office area report audio echo issues during Microsoft Teams calls.,ABLE Manufacturing HQ,Primary Location,Complete,Medium,Email,2.0,"Anderson, Scott",IT:Service Manager,Triage,SW:Support,,,Able Manufacturing - Recurring Service,IT:Premium SLA,2026-01-31 17:00:00,"Administrator, Autotask",2026-02-06 22:00:00,2026-02-09 11:00:00,2026-01-31 17:00:00,"Identified that multiple users in close proximity were using laptop speakers instead of headsets, causing audio feedback loops. Distributed USB headsets to affected users and configured Teams audio settings to default to headset output. Echo issues eliminated.","Anderson, Scott",False,2,2.0,True,149.0,6.21,0.0,210.0,,5,15,Teams calls have audio echo Multiple users in the open office area report audio echo issues during Microsoft Teams calls.
T20260225.0009,Request for additional monitor,Department manager requesting a second monitor for their workstation to improve productivity.,ABLE Manufacturing HQ,Primary Location,Complete,Low,Email,2.0,"Taylor, Mark",IT:Technician II,IT:Level II,SW:Change,,,Able Manufacturing - Recurring Service,IT:Premium SLA,2026-02-25 02:00:00,"Administrator, Autotask",2026-03-05 02:00:00,2026-03-04 11:00:00,2026-02-25 02:00:00,Deployed a 24-inch Dell monitor from inventory to the user's desk. Connected via DisplayPort through existing docking station. Configured dual-monitor extended display and adjusted resolution settings per user preference.,"Taylor, Mark",False,1,2.0,True,192.0,8.0,0.0,177.0,15.0,4,12,Request for additional monitor Department manager requesting a second monitor for their workstation to improve productivity.
T20260224.0009,Password reset request,Employee locked out of their account after multiple failed login attempts. Requesting password reset and account unlock.,ABLE Manufacturing HQ,Primary Location,Complete,Low,Email,2.0,"Moore, James",IT:Technician II,IT:Level II,SW:Internal,,,Able Manufacturing - Recurring Service,IT:Premium SLA,2026-02-24 04:00:00,"Administrator, Autotask",2026-03-04 16:00:00,2026-03-03 11:00:00,2026-02-24 04:00:00,"Unlocked the AD account, reset the password, and required a password change at next login. Verified the user could sign in successfully to their workstation and email. Reminded user of the self-service password reset portal.","Moore, James",False,1,2.0,True,204.0,8.5,0.0,175.0,29.0,3,17,Password reset request Employee locked out of their account after multiple failed login attempts. Requesting password reset and account unlock.
T20260126.0005,VPN connection drops intermittently,"Remote employee experiences frequent VPN disconnections throughout the day, disrupting access to internal resources.",ABLE Manufacturing HQ,Primary Location,Complete,High,Email,2.0,"Moore, James",IT:Technician II,IT:Change Requests,SW:Defect,,,Able Manufacturing - Recurring Service,IT:Premium SLA,2026-01-26 09:00:00,"Administrator, Autotask",2026-01-28 18:30:00,2026-02-02 12:00:00,2026-01-26 09:00:00,"Diagnosed intermittent VPN disconnections to a conflicting network adapter driver. Updated the adapter driver, disabled IPv6 on the VPN tunnel adapter, and adjusted the idle timeout setting in the GlobalProtect client. Verified stable connectivity over a 4-hour remote session with no drops.","Moore, James",False,3,2.0,True,57.5,2.4,0.0,171.0,,4,14,"VPN connection drops intermittently Remote employee experiences frequent VPN disconnections throughout the day, disrupting access to internal resources."
T20260126.0006,Windows update causing BSOD,Two workstations experiencing Blue Screen of Death after latest Windows cumulative update was installed.,ABLE Manufacturing HQ,Primary Location,Complete,Critical,Email,2.0,"Miller, Susan",SW:Support II,IT:Level II,SW:Change,,,Able Manufacturing - Recurring Service,IT:Premium SLA,2026-01-26 05:30:00,"Administrator, Autotask",2026-01-28 21:30:00,2026-02-02 11:00:00,2026-01-26 05:30:00,"Identified KB5034441 as the problematic update conflicting with the Symantec endpoint agent. Booted both machines into Safe Mode, uninstalled the update, and added it to the WSUS decline list. Both workstations stable. Coordinated with Symantec support for a compatibility fix before re-deploying the update.","Miller, Susan",False,4,2.0,True,64.0,2.67,0.0,173.5,,4,14,Windows update causing BSOD Two workstations experiencing Blue Screen of Death after latest Windows cumulative update was installed.
T20260223.0012,Network printer offline,The Ricoh copier/printer in the main office shows offline status for all users. Physical device appears powered on.,ABLE Manufacturing HQ,Primary Location,Complete,High,Email,2.0,"Anderson, Scott",IT:Service Manager,IT:Level I,SW:Internal,,,Able Manufacturing - Recurring Service,IT:Premium SLA,2026-02-23 04:00:00,"Administrator, Autotask",2026-03-01 03:00:00,2026-03-02 11:00:00,2026-02-23 04:00:00,"Found the printer had obtained a new DHCP IP address after a network switch reboot. Assigned a static IP reservation in DHCP, updated the printer port configuration on the print server, and redeployed the printer via GPO. All users can now print successfully.","Anderson, Scott",False,3,2.0,True,143.0,5.96,0.0,175.0,,3,18,Network printer offline The Ricoh copier/printer in the main office shows offline status for all users. Physical device appears powered on.
T20251229.0009,Request to install project management software,Project lead requesting installation of Monday.com desktop app on their workstation.,ABLE Manufacturing HQ,Primary Location,Complete,Low,Email,2.0,"Moore, James",IT:Technician II,IT:Change Requests,IT:Applications,,,Able Manufacturing - Recurring Service,IT:Premium SLA,2025-12-29 01:30:00,"Administrator, Autotask",2026-01-05 12:30:00,2026-01-05 11:00:00,2025-12-29 01:30:00,"Installed Monday.com desktop application, configured SSO integration with company Azure AD credentials, and verified the user can access their project boards. Added the application to the approved software list.","Moore, James",False,1,2.0,True,179.0,7.46,0.0,177.5,1.5,6,11,Request to install project management software Project lead requesting installation of Monday.com desktop app on their workstation.
T20251211.0012,Slow computer performance,User's workstation takes over 5 minutes to boot and applications are sluggish. Machine is 4 years old with HDD.,ABLE Manufacturing HQ,Primary Location,Complete,Medium,Email,2.0,"Moore, James",IT:Technician II,IT:Change Requests,SW:Support,,,Able Manufacturing - Recurring Service,IT:Premium SLA,2025-12-11 08:00:00,"Administrator, Autotask",2025-12-19 17:00:00,2025-12-18 11:00:00,2025-12-11 08:00:00,"Replaced the mechanical HDD with a 500GB SSD, cloned the existing OS image, and increased RAM from 8GB to 16GB. Boot time reduced from 5+ minutes to 35 seconds. User confirmed significant performance improvement across all applications.","Moore, James",False,2,2.0,True,201.0,8.38,0.0,171.0,30.0,3,19,Slow computer performance User's workstation takes over 5 minutes to boot and applications are sluggish. Machine is 4 years old with HDD.
T20260115.0010,Server room temperature alert,Environmental monitoring system triggered a high-temperature alert in the server room. HVAC may be malfunctioning.,ABLE Manufacturing HQ,Primary Location,Complete,Critical,Email,2.0,"Taylor, Mark",IT:Technician II,IT:Level II,Triage,,,Able Manufacturing - Recurring Service,IT:Premium SLA,2026-01-15 08:00:00,"Administrator, Autotask",2026-01-21 12:30:00,2026-01-22 11:00:00,2026-01-15 08:00:00,Responded to the alert within 15 minutes. Found the primary CRAC unit had a frozen evaporator coil. Switched to the redundant cooling unit and contacted the HVAC vendor for emergency service. Primary unit repaired and back online within 4 hours. Temperature stabilized at 68掳F.,"Taylor, Mark",False,4,2.0,True,148.5,6.19,0.0,171.0,,4,15,Server room temperature alert Environmental monitoring system triggered a high-temperature alert in the server room. HVAC may be malfunctioning.
T20260216.0010,OneDrive sync errors,User getting persistent sync conflict errors in OneDrive. Several files showing duplicate versions.,ABLE Manufacturing HQ,Primary Location,Complete,Medium,Email,2.0,"Anderson, Scott",IT:Service Manager,Triage,IT:Applications,,,Able Manufacturing - Recurring Service,IT:Premium SLA,2026-02-16 13:30:00,"Administrator, Autotask",2026-02-18 10:00:00,2026-02-23 16:30:00,2026-02-16 13:30:00,"Identified sync conflicts caused by files exceeding the 256-character path length limit. Shortened the nested folder structure, resolved the duplicate file versions by keeping the most recent copies, and reset the OneDrive sync client. Sync now running clean with no errors.","Anderson, Scott",False,2,2.0,True,44.5,1.85,0.0,171.0,,3,13,OneDrive sync errors User getting persistent sync conflict errors in OneDrive. Several files showing duplicate versions.
T20260216.0011,Windows update causing BSOD,Two workstations experiencing Blue Screen of Death after latest Windows cumulative update was installed.,ABLE Manufacturing HQ,Primary Location,Complete,Critical,Email,2.0,"Moore, James",IT:Technician II,IT:Level II,IT:Hardware,,,Able Manufacturing - Recurring Service,IT:Premium SLA,2026-02-16 00:00:00,"Administrator, Autotask",2026-02-25 03:00:00,2026-02-23 11:00:00,2026-02-16 00:00:00,"Identified KB5034441 as the problematic update conflicting with the Symantec endpoint agent. Booted both machines into Safe Mode, uninstalled the update, and added it to the WSUS decline list. Both workstations stable. Coordinated with Symantec support for a compatibility fix before re-deploying the update.","Moore, James",False,4,2.0,True,219.0,9.12,0.0,179.0,40.0,4,14,Windows update causing BSOD Two workstations experiencing Blue Screen of Death after latest Windows cumulative update was installed.
T20251226.0013,Keyboard and mouse not responding,User's wireless keyboard and mouse stopped working. New batteries did not fix the issue.,ABLE Manufacturing HQ,Primary Location,Complete,Medium,Email,2.0,"Taylor, Mark",IT:Technician II,Triage,SW:Support,,,Able Manufacturing - Recurring Service,IT:Premium SLA,2025-12-26 05:00:00,"Administrator, Autotask",2026-01-04 00:30:00,2026-01-02 11:00:00,2025-12-26 05:00:00,"Determined the Logitech Unifying receiver had failed. Replaced the USB receiver, re-paired both the keyboard and mouse, and verified consistent input response. Provided a spare receiver to the user as backup.","Taylor, Mark",False,2,2.0,True,211.5,8.81,0.0,174.0,37.5,5,14,Keyboard and mouse not responding User's wireless keyboard and mouse stopped working. New batteries did not fix the issue.
T20260119.0013,Request for additional monitor,Department manager requesting a second monitor for their workstation to improve productivity.,ABLE Manufacturing HQ,Primary Location,Complete,Low,Email,2.0,"Miller, Susan",SW:Support II,Triage,SW:Change,,,Able Manufacturing - Recurring Service,IT:Premium SLA,2026-01-19 20:30:00,"Administrator, Autotask",2026-01-25 07:00:00,2026-01-27 11:00:00,2026-01-19 20:30:00,Deployed a 24-inch Dell monitor from inventory to the user's desk. Connected via DisplayPort through existing docking station. Configured dual-monitor extended display and adjusted resolution settings per user preference.,"Miller, Susan",False,1,2.0,True,130.5,5.44,0.0,182.5,,4,12,Request for additional monitor Department manager requesting a second monitor for their workstation to improve productivity.
T20260103.0006,VPN connection drops intermittently,"Remote employee experiences frequent VPN disconnections throughout the day, disrupting access to internal resources.",ABLE Manufacturing HQ,Primary Location,Complete,High,Email,2.0,"Moore, James",IT:Technician II,Triage,SW:Change,,,Able Manufacturing - Recurring Service,IT:Premium SLA,2026-01-03 10:00:00,"Administrator, Autotask",2026-01-10 18:30:00,2026-01-12 11:00:00,2026-01-03 10:00:00,"Diagnosed intermittent VPN disconnections to a conflicting network adapter driver. Updated the adapter driver, disabled IPv6 on the VPN tunnel adapter, and adjusted the idle timeout setting in the GlobalProtect client. Verified stable connectivity over a 4-hour remote session with no drops.","Moore, James",False,3,2.0,True,176.5,7.35,0.0,217.0,,4,14,"VPN connection drops intermittently Remote employee experiences frequent VPN disconnections throughout the day, disrupting access to internal resources."
T20260101.0015,Windows update causing BSOD,Two workstations experiencing Blue Screen of Death after latest Windows cumulative update was installed.,ABLE Manufacturing HQ,Primary Location,Complete,Critical,Email,2.0,"Miller, Susan",SW:Support II,IT:Change Requests,SW:Internal,,,Able Manufacturing - Recurring Service,IT:Premium SLA,2026-01-01 04:30:00,"Administrator, Autotask",2026-01-06 14:00:00,2026-01-08 11:00:00,2026-01-01 04:30:00,"Identified KB5034441 as the problematic update conflicting with the Symantec endpoint agent. Booted both machines into Safe Mode, uninstalled the update, and added it to the WSUS decline list. Both workstations stable. Coordinated with Symantec support for a compatibility fix before re-deploying the update.","Miller, Susan",False,4,2.0,True,129.5,5.4,0.0,174.5,,4,14,Windows update causing BSOD Two workstations experiencing Blue Screen of Death after latest Windows cumulative update was installed.
T20251223.0006,Desk phone not receiving calls,User's VoIP desk phone rings but no audio when answered. Other phones on the same switch work fine.,ABLE Manufacturing HQ,Primary Location,Complete,Medium,Email,2.0,"Miller, Susan",SW:Support II,IT:Level II,Triage,,,Able Manufacturing - Recurring Service,IT:Premium SLA,2025-12-23 01:00:00,"Administrator, Autotask",2025-12-26 16:30:00,2025-12-30 11:00:00,2025-12-23 01:00:00,Found the phone's audio codec settings had been reset to a non-supported format after a firmware auto-update. Reconfigured the codec priority to G.711 and rebooted the phone. Two-way audio confirmed working on both internal and external calls.,"Miller, Susan",False,2,2.0,True,87.5,3.65,0.0,178.0,,5,18,Desk phone not receiving calls User's VoIP desk phone rings but no audio when answered. Other phones on the same switch work fine.
T20260114.0013,Internet speed slow at branch office,Branch office staff reporting significantly slower internet speeds since last week. ISP says no issues on their end.,ABLE Manufacturing HQ,Primary Location,Complete,High,Email,2.0,"Moore, James",IT:Technician II,IT:Level I,SW:Defect,,,Able Manufacturing - Recurring Service,IT:Premium SLA,2026-01-14 04:00:00,"Administrator, Autotask",2026-01-14 21:30:00,2026-01-21 11:00:00,2026-01-14 04:00:00,Traced the issue to a failing WAN interface on the branch firewall showing CRC errors. Replaced the SFP module and patch cable. Speeds returned to the provisioned 500Mbps symmetric. Monitored for 48 hours with no further degradation.,"Moore, James",False,3,2.0,True,17.5,0.73,0.0,175.0,,6,18,Internet speed slow at branch office Branch office staff reporting significantly slower internet speeds since last week. ISP says no issues on their end.
T20260102.0016,Suspicious phishing email reported,Employee forwarded a suspicious email claiming to be from IT asking for credentials. Needs investigation.,ABLE Manufacturing HQ,Primary Location,Complete,High,Email,2.0,"Moore, James",IT:Technician II,IT:Change Requests,SW:Internal,,,Able Manufacturing - Recurring Service,IT:Premium SLA,2026-01-02 11:30:00,"Administrator, Autotask",2026-01-08 23:30:00,2026-01-09 14:30:00,2026-01-02 11:30:00,"Confirmed the email as a phishing attempt originating from a spoofed domain. Blocked the sender domain in the email gateway, purged the message from all mailboxes using content search, and submitted the URL to Microsoft for blacklisting. Sent a company-wide phishing awareness reminder.","Moore, James",False,3,2.0,True,156.0,6.5,0.0,171.0,,4,15,Suspicious phishing email reported Employee forwarded a suspicious email claiming to be from IT asking for credentials. Needs investigation.
T20260127.0012,Outlook not syncing emails,User reports Outlook on their workstation is not syncing new emails. Restarting the application did not resolve the issue.,ABLE Manufacturing HQ,Primary Location,Complete,Medium,Email,2.0,"Miller, Susan",SW:Support II,IT:Level II,IT:Change,,,Able Manufacturing - Recurring Service,IT:Premium SLA,2026-01-27 05:00:00,"Administrator, Autotask",2026-01-29 00:00:00,2026-02-03 11:00:00,2026-01-27 05:00:00,Rebuilt the Outlook profile and cleared the local OST cache. Re-synced the mailbox from Exchange Online. Verified all folders syncing correctly and monitored for 2 hours with no recurrence.,"Miller, Susan",False,2,2.0,True,43.0,1.79,0.0,174.0,,4,19,Outlook not syncing emails User reports Outlook on their workstation is not syncing new emails. Restarting the application did not resolve the issue.
T20251210.0012,Slow computer performance,User's workstation takes over 5 minutes to boot and applications are sluggish. Machine is 4 years old with HDD.,ABLE Manufacturing HQ,Primary Location,Complete,Medium,Email,2.0,"Anderson, Scott",IT:Service Manager,IT:Level II,SW:Change,,,Able Manufacturing - Recurring Service,IT:Premium SLA,2025-12-10 20:00:00,"Administrator, Autotask",2025-12-14 00:30:00,2025-12-18 11:00:00,2025-12-10 20:00:00,"Replaced the mechanical HDD with a 500GB SSD, cloned the existing OS image, and increased RAM from 8GB to 16GB. Boot time reduced from 5+ minutes to 35 seconds. User confirmed significant performance improvement across all applications.","Anderson, Scott",False,2,2.0,True,76.5,3.19,0.0,183.0,,3,19,Slow computer performance User's workstation takes over 5 minutes to boot and applications are sluggish. Machine is 4 years old with HDD.
T20260221.0011,File recovery request,User accidentally deleted a folder from the shared drive and needs it restored from backup.,ABLE Manufacturing HQ,Primary Location,Complete,Medium,Email,2.0,"Miller, Susan",SW:Support II,IT:Change Requests,IT:Applications,,,Able Manufacturing - Recurring Service,IT:Premium SLA,2026-02-21 16:00:00,"Administrator, Autotask",2026-02-26 22:00:00,2026-03-02 11:00:00,2026-02-21 16:00:00,Restored the deleted folder and all contents from the previous night's Veeam backup snapshot. Verified file integrity and permissions match the original. Confirmed with the user that all expected files are present and accessible.,"Miller, Susan",False,2,2.0,True,126.0,5.25,0.0,211.0,,3,15,File recovery request User accidentally deleted a folder from the shared drive and needs it restored from backup.
T20260220.0017,Need access to CRM application,Sales rep needs access provisioned to the Salesforce CRM. Manager has approved the request.,ABLE Manufacturing HQ,Primary Location,Complete,Low,Email,2.0,"Moore, James",IT:Technician II,IT:Level II,IT:Applications,,,Able Manufacturing - Recurring Service,IT:Premium SLA,2026-02-20 16:30:00,"Administrator, Autotask",2026-02-26 05:00:00,2026-03-02 10:30:00,2026-02-20 16:30:00,"Provisioned Salesforce CRM access with the Sales Rep profile, added to the appropriate role hierarchy, and configured SSO via Azure AD. Verified the user can log in and access their assigned accounts and opportunities. Sent onboarding guide to the user.","Moore, James",False,1,2.0,True,132.5,5.52,0.0,234.0,,5,14,Need access to CRM application Sales rep needs access provisioned to the Salesforce CRM. Manager has approved the request.
T20251227.0015,Printer jamming on 2nd floor,The shared HP LaserJet on the 2nd floor is consistently jamming when printing duplex jobs. Paper tray has been checked.,ABLE Manufacturing HQ,Primary Location,Complete,Medium,Email,2.0,"Miller, Susan",SW:Support II,Triage,SW:Defect,,,Able Manufacturing - Recurring Service,IT:Premium SLA,2025-12-27 08:30:00,"Administrator, Autotask",2025-12-27 23:00:00,2026-01-05 11:00:00,2025-12-27 08:30:00,Cleaned the duplex unit rollers and replaced worn pickup rollers. Recalibrated the paper path and ran 50 test duplex prints with no jams. Issue resolved.,"Miller, Susan",False,2,2.0,True,14.5,0.6,0.0,218.5,,5,20,Printer jamming on 2nd floor The shared HP LaserJet on the 2nd floor is consistently jamming when printing duplex jobs. Paper tray has been checked.
T20251226.0014,Teams calls have audio echo,Multiple users in the open office area report audio echo issues during Microsoft Teams calls.,ABLE Manufacturing HQ,Primary Location,Complete,Medium,Email,2.0,"Taylor, Mark",IT:Technician II,IT:Level II,IT:Applications,,,Able Manufacturing - Recurring Service,IT:Premium SLA,2025-12-26 16:00:00,"Administrator, Autotask",2026-01-05 00:00:00,2026-01-05 10:00:00,2025-12-26 16:00:00,"Identified that multiple users in close proximity were using laptop speakers instead of headsets, causing audio feedback loops. Distributed USB headsets to affected users and configured Teams audio settings to default to headset output. Echo issues eliminated.","Taylor, Mark",False,2,2.0,True,224.0,9.33,0.0,234.0,,5,15,Teams calls have audio echo Multiple users in the open office area report audio echo issues during Microsoft Teams calls.
T20251231.0010,Software license expired for Adobe Acrobat,Adobe Acrobat Pro license has expired for the Marketing department. Three users unable to edit PDFs.,ABLE Manufacturing HQ,Primary Location,Complete,Low,Email,2.0,"Moore, James",IT:Technician II,Triage,Triage,,,Able Manufacturing - Recurring Service,IT:Premium SLA,2025-12-31 23:30:00,"Administrator, Autotask",2026-01-08 00:00:00,2026-01-08 11:00:00,2025-12-31 23:30:00,Procured three Adobe Acrobat Pro renewal licenses through the company's volume licensing agreement. Activated licenses on all three Marketing workstations and confirmed PDF editing functionality restored.,"Moore, James",False,1,2.0,True,168.5,7.02,0.0,179.5,,6,16,Software license expired for Adobe Acrobat Adobe Acrobat Pro license has expired for the Marketing department. Three users unable to edit PDFs.
T20251231.0011,Wi-Fi connectivity issues in conference room B,Staff report intermittent Wi-Fi drops in conference room B during video calls. Signal strength appears weak.,ABLE Manufacturing HQ,Primary Location,Complete,Medium,Email,2.0,"Moore, James",IT:Technician II,IT:Level II,Triage,,,Able Manufacturing - Recurring Service,IT:Premium SLA,2025-12-31 20:00:00,"Administrator, Autotask",2026-01-09 21:00:00,2026-01-08 11:00:00,2025-12-31 20:00:00,"Performed a wireless site survey and identified signal interference from an adjacent microwave and a neighboring AP on the same channel. Changed the AP channel, increased transmit power, and repositioned the access point. Signal strength improved from -75dBm to -55dBm. Tested with multiple concurrent video calls successfully.","Moore, James",False,2,2.0,True,217.0,9.04,0.0,183.0,34.0,7,16,Wi-Fi connectivity issues in conference room B Staff report intermittent Wi-Fi drops in conference room B during video calls. Signal strength appears weak.
T20251203.0009,MFA not working on mobile device,User replaced their phone and can no longer receive MFA push notifications. Needs MFA token re-enrolled.,ABLE Manufacturing HQ,Primary Location,Complete,High,Email,2.0,"Moore, James",IT:Technician II,IT:Change Requests,Triage,,,Able Manufacturing - Recurring Service,IT:Premium SLA,2025-12-03 17:30:00,"Administrator, Autotask",2025-12-04 22:30:00,2025-12-11 11:00:00,2025-12-03 17:30:00,"Revoked the old MFA token in Azure AD, re-enrolled the user's new device with Microsoft Authenticator, and verified push notifications working. Confirmed successful MFA login from both mobile and desktop.","Moore, James",False,3,2.0,True,29.0,1.21,0.0,185.5,,6,16,MFA not working on mobile device User replaced their phone and can no longer receive MFA push notifications. Needs MFA token re-enrolled.
T20260204.0005,Laptop battery not holding charge,User's Dell laptop battery drains from 100% to 0% in under an hour. Laptop is 2 years old.,ABLE Manufacturing HQ,Primary Location,Complete,Medium,Email,2.0,"Moore, James",IT:Technician II,IT:Level I,IT:Applications,,,Able Manufacturing - Recurring Service,IT:Premium SLA,2026-02-04 02:00:00,"Administrator, Autotask",2026-02-08 17:00:00,2026-02-11 11:00:00,2026-02-04 02:00:00,Ran Dell battery diagnostics which confirmed the battery health at 12% capacity. Ordered and installed a replacement battery under the ProSupport warranty. New battery holds a full charge for 6+ hours. Calibrated the battery and updated BIOS.,"Moore, James",False,2,2.0,True,111.0,4.62,0.0,177.0,,5,18,Laptop battery not holding charge User's Dell laptop battery drains from 100% to 0% in under an hour. Laptop is 2 years old.
T20251217.0014,Monitor flickering on docking station,User's external monitor flickers when connected via USB-C docking station. Works fine with direct HDMI connection.,ABLE Manufacturing HQ,Primary Location,Complete,Medium,Email,2.0,"Miller, Susan",SW:Support II,IT:Level II,IT:Applications,,,Able Manufacturing - Recurring Service,IT:Premium SLA,2025-12-17 07:00:00,"Administrator, Autotask",2025-12-17 09:00:00,2025-12-24 11:00:00,2025-12-17 07:00:00,Updated the docking station firmware from v1.2 to v1.8 and installed the latest DisplayLink driver. Replaced the USB-C cable with a certified Thunderbolt 3 cable. Monitor now displays stable output through the dock.,"Miller, Susan",False,2,2.0,True,2.0,0.08,0.0,172.0,,5,16,Monitor flickering on docking station User's external monitor flickers when connected via USB-C docking station. Works fine with direct HDMI connection.
T20260115.0011,Server room temperature alert,Environmental monitoring system triggered a high-temperature alert in the server room. HVAC may be malfunctioning.,ABLE Manufacturing HQ,Primary Location,Complete,Critical,Email,2.0,"Taylor, Mark",IT:Technician II,Triage,Triage,,,Able Manufacturing - Recurring Service,IT:Premium SLA,2026-01-15 03:00:00,"Administrator, Autotask",2026-01-15 10:30:00,2026-01-22 11:00:00,2026-01-15 03:00:00,Responded to the alert within 15 minutes. Found the primary CRAC unit had a frozen evaporator coil. Switched to the redundant cooling unit and contacted the HVAC vendor for emergency service. Primary unit repaired and back online within 4 hours. Temperature stabilized at 68掳F.,"Taylor, Mark",False,4,2.0,True,7.5,0.31,0.0,176.0,,4,15,Server room temperature alert Environmental monitoring system triggered a high-temperature alert in the server room. HVAC may be malfunctioning.
T20260225.0010,New employee laptop setup,"New hire starting next Monday needs a laptop configured with standard software suite, email, and VPN access.",ABLE Manufacturing HQ,Primary Location,Complete,Low,Email,2.0,"Anderson, Scott",IT:Service Manager,IT:Level II,SW:Support,,,Able Manufacturing - Recurring Service,IT:Premium SLA,2026-02-25 15:30:00,"Administrator, Autotask",2026-03-03 23:30:00,2026-03-05 09:30:00,2026-02-25 15:30:00,"Configured new Dell Latitude with Windows 11, joined to domain, installed standard software suite (Office 365, Teams, GlobalProtect VPN, Adobe Reader). Set up email profile and verified VPN connectivity. Laptop ready for new hire.","Anderson, Scott",False,1,2.0,True,152.0,6.33,0.0,186.0,,4,17,"New employee laptop setup New hire starting next Monday needs a laptop configured with standard software suite, email, and VPN access."
T20260211.0010,Monitor flickering on docking station,User's external monitor flickers when connected via USB-C docking station. Works fine with direct HDMI connection.,ABLE Manufacturing HQ,Primary Location,Complete,Medium,Email,2.0,"Miller, Susan",SW:Support II,Triage,IT:Applications,,,Able Manufacturing - Recurring Service,IT:Premium SLA,2026-02-11 01:30:00,"Administrator, Autotask",2026-02-14 21:30:00,2026-02-18 11:00:00,2026-02-11 01:30:00,Updated the docking station firmware from v1.2 to v1.8 and installed the latest DisplayLink driver. Replaced the USB-C cable with a certified Thunderbolt 3 cable. Monitor now displays stable output through the dock.,"Miller, Susan",False,2,2.0,True,92.0,3.83,0.0,177.5,,5,16,Monitor flickering on docking station User's external monitor flickers when connected via USB-C docking station. Works fine with direct HDMI connection.
T20260129.0008,Internet speed slow at branch office,Branch office staff reporting significantly slower internet speeds since last week. ISP says no issues on their end.,ABLE Manufacturing HQ,Primary Location,Complete,High,Email,2.0,"Anderson, Scott",IT:Service Manager,IT:Level I,SW:Change,,,Able Manufacturing - Recurring Service,IT:Premium SLA,2026-01-29 17:30:00,"Administrator, Autotask",2026-02-04 15:30:00,2026-02-06 11:00:00,2026-01-29 17:30:00,Traced the issue to a failing WAN interface on the branch firewall showing CRC errors. Replaced the SFP module and patch cable. Speeds returned to the provisioned 500Mbps symmetric. Monitored for 48 hours with no further degradation.,"Anderson, Scott",False,3,2.0,True,142.0,5.92,0.0,185.5,,6,18,Internet speed slow at branch office Branch office staff reporting significantly slower internet speeds since last week. ISP says no issues on their end.
T20251223.0008,Network printer offline,The Ricoh copier/printer in the main office shows offline status for all users. Physical device appears powered on.,ABLE Manufacturing HQ,Primary Location,Complete,High,Email,2.0,"Taylor, Mark",IT:Technician II,IT:Level I,IT:Applications,,,Able Manufacturing - Recurring Service,IT:Premium SLA,2025-12-23 01:00:00,"Administrator, Autotask",2025-12-25 11:30:00,2025-12-30 11:00:00,2025-12-23 01:00:00,"Found the printer had obtained a new DHCP IP address after a network switch reboot. Assigned a static IP reservation in DHCP, updated the printer port configuration on the print server, and redeployed the printer via GPO. All users can now print successfully.","Taylor, Mark",False,3,2.0,True,58.5,2.44,0.0,178.0,,3,18,Network printer offline The Ricoh copier/printer in the main office shows offline status for all users. Physical device appears powered on.
T20251224.0008,New user account creation,"HR requests new Active Directory account, email, and standard group memberships for incoming Accounting associate.",ABLE Manufacturing HQ,Primary Location,Complete,Low,Email,2.0,"Miller, Susan",SW:Support II,IT:Change Requests,SW:Internal,,,Able Manufacturing - Recurring Service,IT:Premium SLA,2025-12-24 17:30:00,"Administrator, Autotask",2026-01-02 15:30:00,2026-01-01 11:00:00,2025-12-24 17:30:00,"Created AD account with standard naming convention, added to Accounting security and distribution groups, provisioned Exchange Online mailbox, and configured OneDrive. Sent welcome credentials to the hiring manager via secure channel.","Miller, Susan",False,1,2.0,True,214.0,8.92,0.0,185.5,28.5,4,15,"New user account creation HR requests new Active Directory account, email, and standard group memberships for incoming Accounting associate."
T20260115.0012,Desk phone not receiving calls,User's VoIP desk phone rings but no audio when answered. Other phones on the same switch work fine.,ABLE Manufacturing HQ,Primary Location,Complete,Medium,Email,2.0,"Miller, Susan",SW:Support II,IT:Change Requests,IT:Change,,,Able Manufacturing - Recurring Service,IT:Premium SLA,2026-01-15 09:30:00,"Administrator, Autotask",2026-01-18 05:30:00,2026-01-22 12:30:00,2026-01-15 09:30:00,Found the phone's audio codec settings had been reset to a non-supported format after a firmware auto-update. Reconfigured the codec priority to G.711 and rebooted the phone. Two-way audio confirmed working on both internal and external calls.,"Miller, Susan",False,2,2.0,True,68.0,2.83,0.0,171.0,,5,18,Desk phone not receiving calls User's VoIP desk phone rings but no audio when answered. Other phones on the same switch work fine.
T20251226.0015,MFA not working on mobile device,User replaced their phone and can no longer receive MFA push notifications. Needs MFA token re-enrolled.,ABLE Manufacturing HQ,Primary Location,Complete,High,Email,2.0,"Anderson, Scott",IT:Service Manager,IT:Level II,IT:Applications,,,Able Manufacturing - Recurring Service,IT:Premium SLA,2025-12-26 16:30:00,"Administrator, Autotask",2026-01-01 15:00:00,2026-01-05 10:30:00,2025-12-26 16:30:00,"Revoked the old MFA token in Azure AD, re-enrolled the user's new device with Microsoft Authenticator, and verified push notifications working. Confirmed successful MFA login from both mobile and desktop.","Anderson, Scott",False,3,2.0,True,142.5,5.94,0.0,234.0,,6,16,MFA not working on mobile device User replaced their phone and can no longer receive MFA push notifications. Needs MFA token re-enrolled.
T20260129.0009,Backup job failed overnight,Nightly backup job for the file server failed with a timeout error. Last successful backup was 3 days ago.,ABLE Manufacturing HQ,Primary Location,Complete,Critical,Email,2.0,"Anderson, Scott",IT:Service Manager,Triage,SW:Internal,,,Able Manufacturing - Recurring Service,IT:Premium SLA,2026-01-29 11:30:00,"Administrator, Autotask",2026-01-31 15:00:00,2026-02-05 14:30:00,2026-01-29 11:30:00,"Identified that a runaway database process was locking files during the backup window. Rescheduled the database maintenance job to complete before the backup window. Cleared the stale lock files, restarted the backup agent, and successfully ran a full backup. Verified backup integrity with a test restore.","Anderson, Scott",False,4,2.0,True,51.5,2.15,0.0,171.0,,4,19,Backup job failed overnight Nightly backup job for the file server failed with a timeout error. Last successful backup was 3 days ago.
T20260114.0014,Password reset request,Employee locked out of their account after multiple failed login attempts. Requesting password reset and account unlock.,ABLE Manufacturing HQ,Primary Location,Complete,Low,Email,2.0,"Taylor, Mark",IT:Technician II,Triage,IT:Change,,,Able Manufacturing - Recurring Service,IT:Premium SLA,2026-01-14 16:00:00,"Administrator, Autotask",2026-01-22 02:00:00,2026-01-22 10:00:00,2026-01-14 16:00:00,"Unlocked the AD account, reset the password, and required a password change at next login. Verified the user could sign in successfully to their workstation and email. Reminded user of the self-service password reset portal.","Taylor, Mark",False,1,2.0,True,178.0,7.42,0.0,186.0,,3,17,Password reset request Employee locked out of their account after multiple failed login attempts. Requesting password reset and account unlock.
T20260107.0010,Shared drive access denied,User in Accounting cannot access the shared S: drive. Permissions appear correct in AD but access is still denied.,ABLE Manufacturing HQ,Primary Location,Complete,Medium,Email,2.0,"Miller, Susan",SW:Support II,IT:Change Requests,Triage,,,Able Manufacturing - Recurring Service,IT:Premium SLA,2026-01-07 20:00:00,"Administrator, Autotask",2026-01-14 23:00:00,2026-01-15 11:00:00,2026-01-07 20:00:00,"Identified a stale cached credential causing the access denial. Cleared the Windows Credential Manager entries for the file server, remapped the S: drive, and verified full read/write access to the Accounting share.","Miller, Susan",False,2,2.0,True,171.0,7.12,0.0,183.0,,4,19,Shared drive access denied User in Accounting cannot access the shared S: drive. Permissions appear correct in AD but access is still denied.
T20260130.0008,Request to install project management software,Project lead requesting installation of Monday.com desktop app on their workstation.,ABLE Manufacturing HQ,Primary Location,Complete,Low,Email,2.0,"Moore, James",IT:Technician II,Triage,IT:Hardware,,,Able Manufacturing - Recurring Service,IT:Premium SLA,2026-01-30 15:30:00,"Administrator, Autotask",2026-02-01 15:00:00,2026-02-09 09:30:00,2026-01-30 15:30:00,"Installed Monday.com desktop application, configured SSO integration with company Azure AD credentials, and verified the user can access their project boards. Added the application to the approved software list.","Moore, James",False,1,2.0,True,47.5,1.98,0.0,234.0,,6,11,Request to install project management software Project lead requesting installation of Monday.com desktop app on their workstation.
T20260207.0013,Suspicious phishing email reported,Employee forwarded a suspicious email claiming to be from IT asking for credentials. Needs investigation.,ABLE Manufacturing HQ,Primary Location,Complete,High,Email,2.0,"Anderson, Scott",IT:Service Manager,IT:Change Requests,IT:Applications,,,Able Manufacturing - Recurring Service,IT:Premium SLA,2026-02-07 00:30:00,"Administrator, Autotask",2026-02-08 06:00:00,2026-02-16 11:00:00,2026-02-07 00:30:00,"Confirmed the email as a phishing attempt originating from a spoofed domain. Blocked the sender domain in the email gateway, purged the message from all mailboxes using content search, and submitted the URL to Microsoft for blacklisting. Sent a company-wide phishing awareness reminder.","Anderson, Scott",False,3,2.0,True,29.5,1.23,0.0,226.5,,4,15,Suspicious phishing email reported Employee forwarded a suspicious email claiming to be from IT asking for credentials. Needs investigation.
T20260118.0007,Email bouncing back to external clients,Several external clients report emails to our sales team are bouncing back with a 550 error.,ABLE Manufacturing HQ,Primary Location,Complete,Critical,Email,2.0,"Miller, Susan",SW:Support II,Triage,SW:Support,,,Able Manufacturing - Recurring Service,IT:Premium SLA,2026-01-18 05:00:00,"Administrator, Autotask",2026-01-18 23:00:00,2026-01-26 11:00:00,2026-01-18 05:00:00,Identified an expired MX record pointing to a decommissioned mail relay. Updated DNS MX records to point to the current Exchange Online endpoints. Flushed DNS cache on the domain registrar. Confirmed external email delivery restored within 30 minutes.,"Miller, Susan",False,4,2.0,True,18.0,0.75,0.0,198.0,,6,16,Email bouncing back to external clients Several external clients report emails to our sales team are bouncing back with a 550 error.
T20251217.0015,Keyboard and mouse not responding,User's wireless keyboard and mouse stopped working. New batteries did not fix the issue.,ABLE Manufacturing HQ,Primary Location,Complete,Medium,Email,2.0,"Moore, James",IT:Technician II,Triage,SW:Defect,,,Able Manufacturing - Recurring Service,IT:Premium SLA,2025-12-17 14:00:00,"Administrator, Autotask",2025-12-27 05:30:00,2025-12-24 17:00:00,2025-12-17 14:00:00,"Determined the Logitech Unifying receiver had failed. Replaced the USB receiver, re-paired both the keyboard and mouse, and verified consistent input response. Provided a spare receiver to the user as backup.","Moore, James",False,2,2.0,True,231.5,9.65,0.0,171.0,60.5,5,14,Keyboard and mouse not responding User's wireless keyboard and mouse stopped working. New batteries did not fix the issue.
T20260117.0008,Slow computer performance,User's workstation takes over 5 minutes to boot and applications are sluggish. Machine is 4 years old with HDD.,ABLE Manufacturing HQ,Primary Location,Complete,Medium,Email,2.0,"Miller, Susan",SW:Support II,IT:Change Requests,SW:Support,,,Able Manufacturing - Recurring Service,IT:Premium SLA,2026-01-17 09:00:00,"Administrator, Autotask",2026-01-25 03:00:00,2026-01-26 11:00:00,2026-01-17 09:00:00,"Replaced the mechanical HDD with a 500GB SSD, cloned the existing OS image, and increased RAM from 8GB to 16GB. Boot time reduced from 5+ minutes to 35 seconds. User confirmed significant performance improvement across all applications.","Miller, Susan",False,2,2.0,True,186.0,7.75,0.0,218.0,,3,19,Slow computer performance User's workstation takes over 5 minutes to boot and applications are sluggish. Machine is 4 years old with HDD.
T20260221.0012,Windows update causing BSOD,Two workstations experiencing Blue Screen of Death after latest Windows cumulative update was installed.,ABLE Manufacturing HQ,Primary Location,Complete,Critical,Email,2.0,"Miller, Susan",SW:Support II,IT:Level I,SW:Internal,,,Able Manufacturing - Recurring Service,IT:Premium SLA,2026-02-21 13:30:00,"Administrator, Autotask",2026-03-01 08:00:00,2026-03-02 11:00:00,2026-02-21 13:30:00,"Identified KB5034441 as the problematic update conflicting with the Symantec endpoint agent. Booted both machines into Safe Mode, uninstalled the update, and added it to the WSUS decline list. Both workstations stable. Coordinated with Symantec support for a compatibility fix before re-deploying the update.","Miller, Susan",False,4,2.0,True,186.5,7.77,0.0,213.5,,4,14,Windows update causing BSOD Two workstations experiencing Blue Screen of Death after latest Windows cumulative update was installed.
T20260101.0018,Zoom meeting room setup,Need to configure the new conference room TV and camera system for Zoom Rooms integration.,ABLE Manufacturing HQ,Primary Location,Complete,Low,Email,2.0,"Moore, James",IT:Technician II,Triage,IT:Hardware,,,Able Manufacturing - Recurring Service,IT:Premium SLA,2026-01-01 03:00:00,"Administrator, Autotask",2026-01-03 10:00:00,2026-01-08 11:00:00,2026-01-01 03:00:00,"Mounted the Logitech Rally camera system, connected to the conference room PC, and configured Zoom Rooms with the company license. Set up one-touch join with the room calendar integration. Tested audio, video, and screen sharing with a remote participant successfully.","Moore, James",False,1,2.0,True,55.0,2.29,0.0,176.0,,4,15,Zoom meeting room setup Need to configure the new conference room TV and camera system for Zoom Rooms integration.
T20251224.0009,Internet speed slow at branch office,Branch office staff reporting significantly slower internet speeds since last week. ISP says no issues on their end.,ABLE Manufacturing HQ,Primary Location,Complete,High,Email,2.0,"Moore, James",IT:Technician II,IT:Level I,SW:Change,,,Able Manufacturing - Recurring Service,IT:Premium SLA,2025-12-24 05:00:00,"Administrator, Autotask",2026-01-01 02:30:00,2025-12-31 11:00:00,2025-12-24 05:00:00,Traced the issue to a failing WAN interface on the branch firewall showing CRC errors. Replaced the SFP module and patch cable. Speeds returned to the provisioned 500Mbps symmetric. Monitored for 48 hours with no further degradation.,"Moore, James",False,3,2.0,True,189.5,7.9,0.0,174.0,15.5,6,18,Internet speed slow at branch office Branch office staff reporting significantly slower internet speeds since last week. ISP says no issues on their end.
T20260301.0008,New employee laptop setup,"New hire starting next Monday needs a laptop configured with standard software suite, email, and VPN access.",ABLE Manufacturing HQ,Primary Location,Complete,Low,Email,2.0,"Moore, James",IT:Technician II,IT:Level II,IT:Change,,,Able Manufacturing - Recurring Service,IT:Premium SLA,2026-03-01 10:00:00,"Administrator, Autotask",2026-03-09 19:30:00,2026-03-09 11:00:00,2026-03-01 10:00:00,"Configured new Dell Latitude with Windows 11, joined to domain, installed standard software suite (Office 365, Teams, GlobalProtect VPN, Adobe Reader). Set up email profile and verified VPN connectivity. Laptop ready for new hire.","Moore, James",False,1,2.0,True,201.5,8.4,0.0,193.0,8.5,4,17,"New employee laptop setup New hire starting next Monday needs a laptop configured with standard software suite, email, and VPN access."
T20260207.0015,Laptop battery not holding charge,User's Dell laptop battery drains from 100% to 0% in under an hour. Laptop is 2 years old.,ABLE Manufacturing HQ,Primary Location,Complete,Medium,Email,2.0,"Taylor, Mark",IT:Technician II,IT:Change Requests,Triage,,,Able Manufacturing - Recurring Service,IT:Premium SLA,2026-02-07 12:00:00,"Administrator, Autotask",2026-02-09 22:00:00,2026-02-16 11:00:00,2026-02-07 12:00:00,Ran Dell battery diagnostics which confirmed the battery health at 12% capacity. Ordered and installed a replacement battery under the ProSupport warranty. New battery holds a full charge for 6+ hours. Calibrated the battery and updated BIOS.,"Taylor, Mark",False,2,2.0,True,58.0,2.42,0.0,215.0,,5,18,Laptop battery not holding charge User's Dell laptop battery drains from 100% to 0% in under an hour. Laptop is 2 years old.
T20260106.0011,MFA not working on mobile device,User replaced their phone and can no longer receive MFA push notifications. Needs MFA token re-enrolled.,ABLE Manufacturing HQ,Primary Location,Complete,High,Email,2.0,"Moore, James",IT:Technician II,Triage,Triage,,,Able Manufacturing - Recurring Service,IT:Premium SLA,2026-01-06 19:30:00,"Administrator, Autotask",2026-01-14 08:30:00,2026-01-14 11:00:00,2026-01-06 19:30:00,"Revoked the old MFA token in Azure AD, re-enrolled the user's new device with Microsoft Authenticator, and verified push notifications working. Confirmed successful MFA login from both mobile and desktop.","Moore, James",False,3,2.0,True,181.0,7.54,0.0,183.5,,6,16,MFA not working on mobile device User replaced their phone and can no longer receive MFA push notifications. Needs MFA token re-enrolled.
T20251223.0009,Password reset request,Employee locked out of their account after multiple failed login attempts. Requesting password reset and account unlock.,ABLE Manufacturing HQ,Primary Location,Complete,Low,Email,2.0,"Moore, James",IT:Technician II,Triage,IT:Hardware,,,Able Manufacturing - Recurring Service,IT:Premium SLA,2025-12-23 01:00:00,"Administrator, Autotask",2025-12-23 08:00:00,2025-12-30 11:00:00,2025-12-23 01:00:00,"Unlocked the AD account, reset the password, and required a password change at next login. Verified the user could sign in successfully to their workstation and email. Reminded user of the self-service password reset portal.","Moore, James",False,1,2.0,True,7.0,0.29,0.0,178.0,,3,17,Password reset request Employee locked out of their account after multiple failed login attempts. Requesting password reset and account unlock.
T20251216.0008,Slow computer performance,User's workstation takes over 5 minutes to boot and applications are sluggish. Machine is 4 years old with HDD.,ABLE Manufacturing HQ,Primary Location,Complete,Medium,Email,2.0,"Miller, Susan",SW:Support II,IT:Change Requests,SW:Change,,,Able Manufacturing - Recurring Service,IT:Premium SLA,2025-12-16 02:30:00,"Administrator, Autotask",2025-12-22 17:00:00,2025-12-23 11:00:00,2025-12-16 02:30:00,"Replaced the mechanical HDD with a 500GB SSD, cloned the existing OS image, and increased RAM from 8GB to 16GB. Boot time reduced from 5+ minutes to 35 seconds. User confirmed significant performance improvement across all applications.","Miller, Susan",False,2,2.0,True,158.5,6.6,0.0,176.5,,3,19,Slow computer performance User's workstation takes over 5 minutes to boot and applications are sluggish. Machine is 4 years old with HDD.
T20260129.0010,VPN connection drops intermittently,"Remote employee experiences frequent VPN disconnections throughout the day, disrupting access to internal resources.",ABLE Manufacturing HQ,Primary Location,Complete,High,Email,2.0,"Taylor, Mark",IT:Technician II,IT:Level II,SW:Change,,,Able Manufacturing - Recurring Service,IT:Premium SLA,2026-01-29 18:00:00,"Administrator, Autotask",2026-02-01 19:30:00,2026-02-06 11:00:00,2026-01-29 18:00:00,"Diagnosed intermittent VPN disconnections to a conflicting network adapter driver. Updated the adapter driver, disabled IPv6 on the VPN tunnel adapter, and adjusted the idle timeout setting in the GlobalProtect client. Verified stable connectivity over a 4-hour remote session with no drops.","Taylor, Mark",False,3,2.0,True,73.5,3.06,0.0,185.0,,4,14,"VPN connection drops intermittently Remote employee experiences frequent VPN disconnections throughout the day, disrupting access to internal resources."
T20260218.0017,Need access to CRM application,Sales rep needs access provisioned to the Salesforce CRM. Manager has approved the request.,ABLE Manufacturing HQ,Primary Location,Complete,Low,Email,2.0,"Taylor, Mark",IT:Technician II,IT:Level II,SW:Internal,,,Able Manufacturing - Recurring Service,IT:Premium SLA,2026-02-18 00:00:00,"Administrator, Autotask",2026-02-19 00:30:00,2026-02-25 11:00:00,2026-02-18 00:00:00,"Provisioned Salesforce CRM access with the Sales Rep profile, added to the appropriate role hierarchy, and configured SSO via Azure AD. Verified the user can log in and access their assigned accounts and opportunities. Sent onboarding guide to the user.","Taylor, Mark",False,1,2.0,True,24.5,1.02,0.0,179.0,,5,14,Need access to CRM application Sales rep needs access provisioned to the Salesforce CRM. Manager has approved the request.
T20251206.0009,Server room temperature alert,Environmental monitoring system triggered a high-temperature alert in the server room. HVAC may be malfunctioning.,ABLE Manufacturing HQ,Primary Location,Complete,Critical,Email,2.0,"Moore, James",IT:Technician II,IT:Change Requests,Triage,,,Able Manufacturing - Recurring Service,IT:Premium SLA,2025-12-06 09:00:00,"Administrator, Autotask",2025-12-12 19:30:00,2025-12-15 11:00:00,2025-12-06 09:00:00,Responded to the alert within 15 minutes. Found the primary CRAC unit had a frozen evaporator coil. Switched to the redundant cooling unit and contacted the HVAC vendor for emergency service. Primary unit repaired and back online within 4 hours. Temperature stabilized at 68掳F.,"Moore, James",False,4,2.0,True,154.5,6.44,0.0,218.0,,4,15,Server room temperature alert Environmental monitoring system triggered a high-temperature alert in the server room. HVAC may be malfunctioning.
T20251205.0016,Email bouncing back to external clients,Several external clients report emails to our sales team are bouncing back with a 550 error.,ABLE Manufacturing HQ,Primary Location,Complete,Critical,Email,2.0,"Miller, Susan",SW:Support II,IT:Change Requests,IT:Hardware,,,Able Manufacturing - Recurring Service,IT:Premium SLA,2025-12-05 11:00:00,"Administrator, Autotask",2025-12-12 05:00:00,2025-12-12 14:00:00,2025-12-05 11:00:00,Identified an expired MX record pointing to a decommissioned mail relay. Updated DNS MX records to point to the current Exchange Online endpoints. Flushed DNS cache on the domain registrar. Confirmed external email delivery restored within 30 minutes.,"Miller, Susan",False,4,2.0,True,162.0,6.75,0.0,171.0,,6,16,Email bouncing back to external clients Several external clients report emails to our sales team are bouncing back with a 550 error.
T20260211.0011,Shared drive access denied,User in Accounting cannot access the shared S: drive. Permissions appear correct in AD but access is still denied.,ABLE Manufacturing HQ,Primary Location,Complete,Medium,Email,2.0,"Moore, James",IT:Technician II,IT:Level I,SW:Support,,,Able Manufacturing - Recurring Service,IT:Premium SLA,2026-02-11 02:30:00,"Administrator, Autotask",2026-02-17 09:30:00,2026-02-18 11:00:00,2026-02-11 02:30:00,"Identified a stale cached credential causing the access denial. Cleared the Windows Credential Manager entries for the file server, remapped the S: drive, and verified full read/write access to the Accounting share.","Moore, James",False,2,2.0,True,151.0,6.29,0.0,176.5,,4,19,Shared drive access denied User in Accounting cannot access the shared S: drive. Permissions appear correct in AD but access is still denied.
T20251204.0022,Suspicious phishing email reported,Employee forwarded a suspicious email claiming to be from IT asking for credentials. Needs investigation.,ABLE Manufacturing HQ,Primary Location,Complete,High,Email,2.0,"Taylor, Mark",IT:Technician II,IT:Level I,IT:Change,,,Able Manufacturing - Recurring Service,IT:Premium SLA,2025-12-04 12:30:00,"Administrator, Autotask",2025-12-13 06:30:00,2025-12-11 15:30:00,2025-12-04 12:30:00,"Confirmed the email as a phishing attempt originating from a spoofed domain. Blocked the sender domain in the email gateway, purged the message from all mailboxes using content search, and submitted the URL to Microsoft for blacklisting. Sent a company-wide phishing awareness reminder.","Taylor, Mark",False,3,2.0,True,210.0,8.75,0.0,171.0,39.0,4,15,Suspicious phishing email reported Employee forwarded a suspicious email claiming to be from IT asking for credentials. Needs investigation.
T20260121.0006,Software license expired for Adobe Acrobat,Adobe Acrobat Pro license has expired for the Marketing department. Three users unable to edit PDFs.,ABLE Manufacturing HQ,Primary Location,Complete,Low,Email,2.0,"Moore, James",IT:Technician II,IT:Change Requests,SW:Defect,,,Able Manufacturing - Recurring Service,IT:Premium SLA,2026-01-21 14:30:00,"Administrator, Autotask",2026-01-30 03:00:00,2026-01-29 08:30:00,2026-01-21 14:30:00,Procured three Adobe Acrobat Pro renewal licenses through the company's volume licensing agreement. Activated licenses on all three Marketing workstations and confirmed PDF editing functionality restored.,"Moore, James",False,1,2.0,True,204.5,8.52,0.0,186.0,18.5,6,16,Software license expired for Adobe Acrobat Adobe Acrobat Pro license has expired for the Marketing department. Three users unable to edit PDFs.
T20260204.0008,Need access to CRM application,Sales rep needs access provisioned to the Salesforce CRM. Manager has approved the request.,ABLE Manufacturing HQ,Primary Location,Complete,Low,Email,2.0,"Anderson, Scott",IT:Service Manager,IT:Level II,IT:Change,,,Able Manufacturing - Recurring Service,IT:Premium SLA,2026-02-04 03:00:00,"Administrator, Autotask",2026-02-07 20:00:00,2026-02-11 11:00:00,2026-02-04 03:00:00,"Provisioned Salesforce CRM access with the Sales Rep profile, added to the appropriate role hierarchy, and configured SSO via Azure AD. Verified the user can log in and access their assigned accounts and opportunities. Sent onboarding guide to the user.","Anderson, Scott",False,1,2.0,True,89.0,3.71,0.0,176.0,,5,14,Need access to CRM application Sales rep needs access provisioned to the Salesforce CRM. Manager has approved the request.
T20251226.0001,Network printer offline,The Ricoh copier/printer in the main office shows offline status for all users. Physical device appears powered on.,ABLE Manufacturing HQ,Primary Location,Waiting Customer,Critical,Email,2.0,"Anderson, Scott",IT:Service Manager,IT:Level I,IT:Change,,,Able Manufacturing - Recurring Service,IT:Premium SLA,2025-12-26 09:00:00,"Administrator, Autotask",,2026-01-05 09:00:00,2025-12-26 09:00:00,,,False,4,2.0,False,,,0.0,240.0,,3,18,Network printer offline The Ricoh copier/printer in the main office shows offline status for all users. Physical device appears powered on.
T20260125.0001,VPN connection drops intermittently,"Remote employee experiences frequent VPN disconnections throughout the day, disrupting access to internal resources.",ABLE Manufacturing HQ,Primary Location,Waiting Customer,Critical,Email,2.0,"Taylor, Mark",IT:Technician II,IT:Change Requests,IT:Change,,,Able Manufacturing - Recurring Service,IT:Premium SLA,2026-01-25 11:30:00,"Administrator, Autotask",,2026-02-04 11:30:00,2026-01-25 11:30:00,,,False,4,2.0,False,,,0.0,240.0,,4,14,"VPN connection drops intermittently Remote employee experiences frequent VPN disconnections throughout the day, disrupting access to internal resources."
T20251213.0002,Backup job failed overnight,Nightly backup job for the file server failed with a timeout error. Last successful backup was 3 days ago.,ABLE Manufacturing HQ,Primary Location,Waiting Customer,High,Email,2.0,"Anderson, Scott",IT:Service Manager,IT:Change Requests,SW:Change,,,Able Manufacturing - Recurring Service,IT:Premium SLA,2025-12-13 11:00:00,"Administrator, Autotask",,2025-12-23 11:00:00,2025-12-13 11:00:00,,,False,3,2.0,False,,,0.0,240.0,,4,19,Backup job failed overnight Nightly backup job for the file server failed with a timeout error. Last successful backup was 3 days ago.
T20251224.0001,Backup job failed overnight,Nightly backup job for the file server failed with a timeout error. Last successful backup was 3 days ago.,ABLE Manufacturing HQ,Primary Location,Waiting Customer,Medium,Email,2.0,"Moore, James",IT:Technician II,IT:Level I,SW:Change,,,Able Manufacturing - Recurring Service,IT:Premium SLA,2025-12-24 09:00:00,"Administrator, Autotask",,2026-01-03 09:00:00,2025-12-24 09:00:00,,,False,2,2.0,False,,,0.0,240.0,,4,19,Backup job failed overnight Nightly backup job for the file server failed with a timeout error. Last successful backup was 3 days ago.
T20260218.0001,New user account creation,"HR requests new Active Directory account, email, and standard group memberships for incoming Accounting associate.",ABLE Manufacturing HQ,Primary Location,Waiting Customer,Low,Email,2.0,"Anderson, Scott",IT:Service Manager,IT:Level I,SW:Change,,,Able Manufacturing - Recurring Service,IT:Premium SLA,2026-02-18 03:30:00,"Administrator, Autotask",,2026-02-28 03:30:00,2026-02-18 03:30:00,,,False,1,2.0,False,,,0.0,240.0,,4,15,"New user account creation HR requests new Active Directory account, email, and standard group memberships for incoming Accounting associate."
T20251219.0002,New employee laptop setup,"New hire starting next Monday needs a laptop configured with standard software suite, email, and VPN access.",ABLE Manufacturing HQ,Primary Location,Waiting Customer,Medium,Email,2.0,"Anderson, Scott",IT:Service Manager,IT:Level I,Triage,,,Able Manufacturing - Recurring Service,IT:Premium SLA,2025-12-19 12:00:00,"Administrator, Autotask",,2025-12-29 12:00:00,2025-12-19 12:00:00,,,False,2,2.0,False,,,0.0,240.0,,4,17,"New employee laptop setup New hire starting next Monday needs a laptop configured with standard software suite, email, and VPN access."
T20260113.0001,Teams calls have audio echo,Multiple users in the open office area report audio echo issues during Microsoft Teams calls.,ABLE Manufacturing HQ,Primary Location,Waiting Customer,Medium,Email,2.0,"Moore, James",IT:Technician II,IT:Change Requests,SW:Change,,,Able Manufacturing - Recurring Service,IT:Premium SLA,2026-01-13 21:00:00,"Administrator, Autotask",,2026-01-23 21:00:00,2026-01-13 21:00:00,,,False,2,2.0,False,,,0.0,240.0,,5,15,Teams calls have audio echo Multiple users in the open office area report audio echo issues during Microsoft Teams calls.
T20251231.0002,Software license expired for Adobe Acrobat,Adobe Acrobat Pro license has expired for the Marketing department. Three users unable to edit PDFs.,ABLE Manufacturing HQ,Primary Location,Waiting Customer,Critical,Email,2.0,"Taylor, Mark",IT:Technician II,IT:Change Requests,IT:Applications,,,Able Manufacturing - Recurring Service,IT:Premium SLA,2025-12-31 01:30:00,"Administrator, Autotask",,2026-01-10 01:30:00,2025-12-31 01:30:00,,,False,4,2.0,False,,,0.0,240.0,,6,16,Software license expired for Adobe Acrobat Adobe Acrobat Pro license has expired for the Marketing department. Three users unable to edit PDFs.
T20260111.0001,Network printer offline,The Ricoh copier/printer in the main office shows offline status for all users. Physical device appears powered on.,ABLE Manufacturing HQ,Primary Location,Waiting Customer,Critical,Email,2.0,"Anderson, Scott",IT:Service Manager,IT:Change Requests,IT:Change,,,Able Manufacturing - Recurring Service,IT:Premium SLA,2026-01-11 14:00:00,"Administrator, Autotask",,2026-01-21 14:00:00,2026-01-11 14:00:00,,,False,4,2.0,False,,,0.0,240.0,,3,18,Network printer offline The Ricoh copier/printer in the main office shows offline status for all users. Physical device appears powered on.
T20251203.0002,Monitor flickering on docking station,User's external monitor flickers when connected via USB-C docking station. Works fine with direct HDMI connection.,ABLE Manufacturing HQ,Primary Location,Waiting Customer,Low,Email,2.0,"Moore, James",IT:Technician II,IT:Change Requests,IT:Applications,,,Able Manufacturing - Recurring Service,IT:Premium SLA,2025-12-03 04:30:00,"Administrator, Autotask",,2025-12-13 04:30:00,2025-12-03 04:30:00,,,False,1,2.0,False,,,0.0,240.0,,5,16,Monitor flickering on docking station User's external monitor flickers when connected via USB-C docking station. Works fine with direct HDMI connection.
T20251219.0003,Email bouncing back to external clients,Several external clients report emails to our sales team are bouncing back with a 550 error.,ABLE Manufacturing HQ,Primary Location,Waiting Customer,Critical,Email,2.0,"Moore, James",IT:Technician II,IT:Change Requests,IT:Change,,,Able Manufacturing - Recurring Service,IT:Premium SLA,2025-12-19 08:30:00,"Administrator, Autotask",,2025-12-29 08:30:00,2025-12-19 08:30:00,,,False,4,2.0,False,,,0.0,240.0,,6,16,Email bouncing back to external clients Several external clients report emails to our sales team are bouncing back with a 550 error.
T20260121.0003,Teams calls have audio echo,Multiple users in the open office area report audio echo issues during Microsoft Teams calls.,ABLE Manufacturing HQ,Primary Location,Waiting Customer,Low,Email,2.0,"Anderson, Scott",IT:Service Manager,IT:Change Requests,SW:Support,,,Able Manufacturing - Recurring Service,IT:Premium SLA,2026-01-21 13:30:00,"Administrator, Autotask",,2026-01-31 13:30:00,2026-01-21 13:30:00,,,False,1,2.0,False,,,0.0,240.0,,5,15,Teams calls have audio echo Multiple users in the open office area report audio echo issues during Microsoft Teams calls.
T20120530.0001,Dan is still having issues with his email,Dan is still having issues with his email - all of a sudden actually worse since last week. I am wondering if you would be able to see something that I cannot. Below is the error message I am getting from Dan's email - it has been since last week happening all the time.,ABLE Manufacturing HQ,,In Progress,Medium,Client Portal,3.0,"Taylor, Mark",IT:Technician I,IT:Level I,IT:Applications,Email,IT:Remote (Billable),Able Manufacturing - Incident,,2012-06-12 20:00:00,"Administrator, Autotask",,2012-06-20 11:00:00,2012-06-13 20:00:00,,,True,2,3.0,False,,,1440.0,183.0,,8,54,Dan is still having issues with his email Dan is still having issues with his email - all of a sudden actually worse since last week. I am wondering if you would be able to see something that I cannot. Below is the error message I am getting from Dan's email - it has been since last week happening all the time.
T20251209.0001,Windows update causing BSOD,Two workstations experiencing Blue Screen of Death after latest Windows cumulative update was installed.,ABLE Manufacturing HQ,Primary Location,In Progress,Medium,Email,2.0,"Taylor, Mark",IT:Technician II,Triage,SW:Support,,,Able Manufacturing - Recurring Service,IT:Premium SLA,2025-12-09 02:00:00,"Administrator, Autotask",,2025-12-16 11:00:00,2025-12-09 02:00:00,,,False,2,2.0,False,,,0.0,177.0,,4,14,Windows update causing BSOD Two workstations experiencing Blue Screen of Death after latest Windows cumulative update was installed.
T20260208.0001,Need access to CRM application,Sales rep needs access provisioned to the Salesforce CRM. Manager has approved the request.,ABLE Manufacturing HQ,Primary Location,In Progress,High,Email,2.0,"Moore, James",IT:Technician II,IT:Level I,SW:Support,,,Able Manufacturing - Recurring Service,IT:Premium SLA,2026-02-08 23:00:00,"Administrator, Autotask",,2026-02-16 11:00:00,2026-02-08 23:00:00,,,False,3,2.0,False,,,0.0,180.0,,5,14,Need access to CRM application Sales rep needs access provisioned to the Salesforce CRM. Manager has approved the request.
T20251213.0001,New employee laptop setup,"New hire starting next Monday needs a laptop configured with standard software suite, email, and VPN access.",ABLE Manufacturing HQ,Primary Location,In Progress,Low,Email,2.0,"Moore, James",IT:Technician II,IT:Change Requests,SW:Support,,,Able Manufacturing - Recurring Service,IT:Premium SLA,2025-12-13 03:30:00,"Administrator, Autotask",,2025-12-22 11:00:00,2025-12-13 03:30:00,,,False,1,2.0,False,,,0.0,223.5,,4,17,"New employee laptop setup New hire starting next Monday needs a laptop configured with standard software suite, email, and VPN access."
T20260228.0002,Zoom meeting room setup,Need to configure the new conference room TV and camera system for Zoom Rooms integration.,ABLE Manufacturing HQ,Primary Location,In Progress,Critical,Email,2.0,"Anderson, Scott",IT:Service Manager,IT:Level II,SW:Support,,,Able Manufacturing - Recurring Service,IT:Premium SLA,2026-02-28 22:30:00,"Administrator, Autotask",,2026-03-09 11:00:00,2026-02-28 22:30:00,,,False,4,2.0,False,,,0.0,204.5,,4,15,Zoom meeting room setup Need to configure the new conference room TV and camera system for Zoom Rooms integration.
T20260118.0001,Teams calls have audio echo,Multiple users in the open office area report audio echo issues during Microsoft Teams calls.,ABLE Manufacturing HQ,Primary Location,In Progress,Medium,Email,2.0,"Anderson, Scott",IT:Service Manager,IT:Level II,IT:Applications,,,Able Manufacturing - Recurring Service,IT:Premium SLA,2026-01-18 05:30:00,"Administrator, Autotask",,2026-01-26 11:00:00,2026-01-18 05:30:00,,,False,2,2.0,False,,,0.0,197.5,,5,15,Teams calls have audio echo Multiple users in the open office area report audio echo issues during Microsoft Teams calls.
T20251205.0003,Password reset request,Employee locked out of their account after multiple failed login attempts. Requesting password reset and account unlock.,ABLE Manufacturing HQ,Primary Location,In Progress,High,Email,2.0,"Moore, James",IT:Technician II,IT:Change Requests,SW:Internal,,,Able Manufacturing - Recurring Service,IT:Premium SLA,2025-12-05 19:30:00,"Administrator, Autotask",,2025-12-15 11:00:00,2025-12-05 19:30:00,,,False,3,2.0,False,,,0.0,231.5,,3,17,Password reset request Employee locked out of their account after multiple failed login attempts. Requesting password reset and account unlock.
T20260131.0002,File recovery request,User accidentally deleted a folder from the shared drive and needs it restored from backup.,ABLE Manufacturing HQ,Primary Location,In Progress,Critical,Email,2.0,"Miller, Susan",SW:Support II,IT:Level II,Triage,,,Able Manufacturing - Recurring Service,IT:Premium SLA,2026-01-31 13:00:00,"Administrator, Autotask",,2026-02-09 11:00:00,2026-01-31 13:00:00,,,False,4,2.0,False,,,0.0,214.0,,3,15,File recovery request User accidentally deleted a folder from the shared drive and needs it restored from backup.
T20260212.0002,New employee laptop setup,"New hire starting next Monday needs a laptop configured with standard software suite, email, and VPN access.",ABLE Manufacturing HQ,Primary Location,In Progress,High,Email,2.0,"Taylor, Mark",IT:Technician II,Triage,SW:Support,,,Able Manufacturing - Recurring Service,IT:Premium SLA,2026-02-12 11:30:00,"Administrator, Autotask",,2026-02-19 14:30:00,2026-02-12 11:30:00,,,False,3,2.0,False,,,0.0,171.0,,4,17,"New employee laptop setup New hire starting next Monday needs a laptop configured with standard software suite, email, and VPN access."
T20260224.0001,OneDrive sync errors,User getting persistent sync conflict errors in OneDrive. Several files showing duplicate versions.,ABLE Manufacturing HQ,Primary Location,In Progress,Medium,Email,2.0,"Moore, James",IT:Technician II,IT:Level II,SW:Internal,,,Able Manufacturing - Recurring Service,IT:Premium SLA,2026-02-24 18:00:00,"Administrator, Autotask",,2026-03-04 11:00:00,2026-02-24 18:00:00,,,False,2,2.0,False,,,0.0,185.0,,3,13,OneDrive sync errors User getting persistent sync conflict errors in OneDrive. Several files showing duplicate versions.
T20260113.0002,Desk phone not receiving calls,User's VoIP desk phone rings but no audio when answered. Other phones on the same switch work fine.,ABLE Manufacturing HQ,Primary Location,In Progress,Critical,Email,2.0,"Taylor, Mark",IT:Technician II,IT:Level I,IT:Hardware,,,Able Manufacturing - Recurring Service,IT:Premium SLA,2026-01-13 19:00:00,"Administrator, Autotask",,2026-01-21 11:00:00,2026-01-13 19:00:00,,,False,4,2.0,False,,,0.0,184.0,,5,18,Desk phone not receiving calls User's VoIP desk phone rings but no audio when answered. Other phones on the same switch work fine.
T20260115.0003,QuickBooks not launching after update,QuickBooks Desktop crashes immediately on launch after the latest update was applied overnight.,ABLE Manufacturing HQ,Primary Location,In Progress,High,Email,2.0,"Taylor, Mark",IT:Technician II,IT:Level I,SW:Support,,,Able Manufacturing - Recurring Service,IT:Premium SLA,2026-01-15 08:00:00,"Administrator, Autotask",,2026-01-22 11:00:00,2026-01-15 08:00:00,,,False,3,2.0,False,,,0.0,171.0,,5,13,QuickBooks not launching after update QuickBooks Desktop crashes immediately on launch after the latest update was applied overnight.
T20260221.0001,Request to install project management software,Project lead requesting installation of Monday.com desktop app on their workstation.,ABLE Manufacturing HQ,Primary Location,In Progress,Low,Email,2.0,"Miller, Susan",SW:Support II,IT:Change Requests,IT:Applications,,,Able Manufacturing - Recurring Service,IT:Premium SLA,2026-02-21 01:30:00,"Administrator, Autotask",,2026-03-02 11:00:00,2026-02-21 01:30:00,,,False,1,2.0,False,,,0.0,225.5,,6,11,Request to install project management software Project lead requesting installation of Monday.com desktop app on their workstation.
T20251216.0001,MFA not working on mobile device,User replaced their phone and can no longer receive MFA push notifications. Needs MFA token re-enrolled.,ABLE Manufacturing HQ,Primary Location,In Progress,Medium,Email,2.0,"Moore, James",IT:Technician II,IT:Change Requests,Triage,,,Able Manufacturing - Recurring Service,IT:Premium SLA,2025-12-16 11:00:00,"Administrator, Autotask",,2025-12-23 14:00:00,2025-12-16 11:00:00,,,False,2,2.0,False,,,0.0,171.0,,6,16,MFA not working on mobile device User replaced their phone and can no longer receive MFA push notifications. Needs MFA token re-enrolled.
T20260206.0001,Request for additional monitor,Department manager requesting a second monitor for their workstation to improve productivity.,ABLE Manufacturing HQ,Primary Location,Waiting Materials,Low,Email,2.0,"Taylor, Mark",IT:Technician II,IT:Level II,SW:Support,,,Able Manufacturing - Recurring Service,IT:Premium SLA,2026-02-06 23:30:00,"Administrator, Autotask",,2026-02-16 11:00:00,2026-02-06 23:30:00,,,False,1,2.0,False,,,0.0,227.5,,4,12,Request for additional monitor Department manager requesting a second monitor for their workstation to improve productivity.
T20260217.0001,Teams calls have audio echo,Multiple users in the open office area report audio echo issues during Microsoft Teams calls.,ABLE Manufacturing HQ,Primary Location,Waiting Materials,Medium,Email,2.0,"Anderson, Scott",IT:Service Manager,IT:Level I,SW:Defect,,,Able Manufacturing - Recurring Service,IT:Premium SLA,2026-02-17 08:00:00,"Administrator, Autotask",,2026-02-24 11:00:00,2026-02-17 08:00:00,,,False,2,2.0,False,,,0.0,171.0,,5,15,Teams calls have audio echo Multiple users in the open office area report audio echo issues during Microsoft Teams calls.
T20260121.0001,Monitor flickering on docking station,User's external monitor flickers when connected via USB-C docking station. Works fine with direct HDMI connection.,ABLE Manufacturing HQ,Primary Location,Waiting Materials,High,Email,2.0,"Moore, James",IT:Technician II,IT:Level II,SW:Internal,,,Able Manufacturing - Recurring Service,IT:Premium SLA,2026-01-21 01:00:00,"Administrator, Autotask",,2026-01-28 11:00:00,2026-01-21 01:00:00,,,False,3,2.0,False,,,0.0,178.0,,5,16,Monitor flickering on docking station User's external monitor flickers when connected via USB-C docking station. Works fine with direct HDMI connection.
T20251227.0001,MFA not working on mobile device,User replaced their phone and can no longer receive MFA push notifications. Needs MFA token re-enrolled.,ABLE Manufacturing HQ,Primary Location,Waiting Materials,Low,Email,2.0,"Anderson, Scott",IT:Service Manager,IT:Level II,SW:Internal,,,Able Manufacturing - Recurring Service,IT:Premium SLA,2025-12-27 17:30:00,"Administrator, Autotask",,2026-01-05 11:00:00,2025-12-27 17:30:00,,,False,1,2.0,False,,,0.0,209.5,,6,16,MFA not working on mobile device User replaced their phone and can no longer receive MFA push notifications. Needs MFA token re-enrolled.
T20260212.0003,Request to install project management software,Project lead requesting installation of Monday.com desktop app on their workstation.,ABLE Manufacturing HQ,Primary Location,Waiting Materials,Low,Email,2.0,"Miller, Susan",SW:Support II,Triage,SW:Change,,,Able Manufacturing - Recurring Service,IT:Premium SLA,2026-02-12 08:00:00,"Administrator, Autotask",,2026-02-19 11:00:00,2026-02-12 08:00:00,,,False,1,2.0,False,,,0.0,171.0,,6,11,Request to install project management software Project lead requesting installation of Monday.com desktop app on their workstation.
T20260205.0002,MFA not working on mobile device,User replaced their phone and can no longer receive MFA push notifications. Needs MFA token re-enrolled.,ABLE Manufacturing HQ,Primary Location,Waiting Materials,Medium,Email,2.0,"Miller, Susan",SW:Support II,IT:Change Requests,SW:Defect,,,Able Manufacturing - Recurring Service,IT:Premium SLA,2026-02-05 17:00:00,"Administrator, Autotask",,2026-02-13 11:00:00,2026-02-05 17:00:00,,,False,2,2.0,False,,,0.0,186.0,,6,16,MFA not working on mobile device User replaced their phone and can no longer receive MFA push notifications. Needs MFA token re-enrolled.
T20260125.0002,Slow computer performance,User's workstation takes over 5 minutes to boot and applications are sluggish. Machine is 4 years old with HDD.,ABLE Manufacturing HQ,Primary Location,Waiting Materials,Critical,Email,2.0,"Moore, James",IT:Technician II,IT:Level I,IT:Change,,,Able Manufacturing - Recurring Service,IT:Premium SLA,2026-01-25 14:00:00,"Administrator, Autotask",,2026-02-02 11:00:00,2026-01-25 14:00:00,,,False,4,2.0,False,,,0.0,189.0,,3,19,Slow computer performance User's workstation takes over 5 minutes to boot and applications are sluggish. Machine is 4 years old with HDD.
T20251229.0003,Zoom meeting room setup,Need to configure the new conference room TV and camera system for Zoom Rooms integration.,ABLE Manufacturing HQ,Primary Location,Waiting Materials,Low,Email,2.0,"Taylor, Mark",IT:Technician II,IT:Level II,IT:Applications,,,Able Manufacturing - Recurring Service,IT:Premium SLA,2025-12-29 17:00:00,"Administrator, Autotask",,2026-01-06 11:00:00,2025-12-29 17:00:00,,,False,1,2.0,False,,,0.0,186.0,,4,15,Zoom meeting room setup Need to configure the new conference room TV and camera system for Zoom Rooms integration.
T20260111.0002,Wi-Fi connectivity issues in conference room B,Staff report intermittent Wi-Fi drops in conference room B during video calls. Signal strength appears weak.,ABLE Manufacturing HQ,Primary Location,Waiting Materials,Medium,Email,2.0,"Anderson, Scott",IT:Service Manager,IT:Level II,SW:Internal,,,Able Manufacturing - Recurring Service,IT:Premium SLA,2026-01-11 13:30:00,"Administrator, Autotask",,2026-01-19 11:00:00,2026-01-11 13:30:00,,,False,2,2.0,False,,,0.0,189.5,,7,16,Wi-Fi connectivity issues in conference room B Staff report intermittent Wi-Fi drops in conference room B during video calls. Signal strength appears weak.
T20260220.0005,Software license expired for Adobe Acrobat,Adobe Acrobat Pro license has expired for the Marketing department. Three users unable to edit PDFs.,ABLE Manufacturing HQ,Primary Location,Waiting Materials,High,Email,2.0,"Moore, James",IT:Technician II,IT:Change Requests,IT:Change,,,Able Manufacturing - Recurring Service,IT:Premium SLA,2026-02-20 08:30:00,"Administrator, Autotask",,2026-02-27 11:30:00,2026-02-20 08:30:00,,,False,3,2.0,False,,,0.0,171.0,,6,16,Software license expired for Adobe Acrobat Adobe Acrobat Pro license has expired for the Marketing department. Three users unable to edit PDFs.
T20120604.0002.001,Monthy Services Checkup,Monthy Services Checkup,ABLE Manufacturing HQ,,Scheduled,Low,In Person/Onsite,2.0,"Taylor, Mark",IT:Technician I,IT:Level I,IT:Hardware,Other,IT:Onsite (Billable),,,2012-06-18 08:08:00,"Administrator, Autotask",,2012-06-18 12:00:00,2012-06-18 08:08:00,,,True,1,2.0,False,,,0.0,3.87,,3,3,Monthy Services Checkup Monthy Services Checkup
T20120604.0002.002,Monthy Services Checkup,Monthy Services Checkup,ABLE Manufacturing HQ,,Scheduled,Low,In Person/Onsite,2.0,"Taylor, Mark",IT:Technician I,Triage,IT:Hardware,Other,IT:Onsite (Billable),,,2012-06-18 08:08:00,"Administrator, Autotask",,2012-07-16 12:00:00,2012-06-18 08:08:00,,,True,1,2.0,False,,,0.0,675.87,,3,3,Monthy Services Checkup Monthy Services Checkup
T20120604.0002.003,Monthy Services Checkup,Monthy Services Checkup,ABLE Manufacturing HQ,,Scheduled,Low,In Person/Onsite,2.0,"Taylor, Mark",IT:Technician I,Triage,IT:Hardware,Other,IT:Onsite (Billable),,,2012-06-18 08:08:00,"Administrator, Autotask",,2012-08-20 12:00:00,2012-06-18 08:08:00,,,True,1,2.0,False,,,0.0,1515.87,,3,3,Monthy Services Checkup Monthy Services Checkup
T20120604.0002.004,Monthy Services Checkup,Monthy Services Checkup,ABLE Manufacturing HQ,,Scheduled,Low,In Person/Onsite,2.0,"Taylor, Mark",IT:Technician I,Triage,IT:Hardware,Other,IT:Onsite (Billable),,,2012-06-18 08:08:00,"Administrator, Autotask",,2012-09-17 12:00:00,2012-06-18 08:08:00,,,True,1,2.0,False,,,0.0,2187.87,,3,3,Monthy Services Checkup Monthy Services Checkup
T20120604.0002.005,Monthy Services Checkup,Monthy Services Checkup,ABLE Manufacturing HQ,,Scheduled,Low,In Person/Onsite,2.0,"Taylor, Mark",IT:Technician I,Triage,IT:Hardware,Other,IT:Onsite (Billable),,,2012-06-18 08:08:00,"Administrator, Autotask",,2012-10-15 12:00:00,2012-06-18 08:08:00,,,True,1,2.0,False,,,0.0,2859.87,,3,3,Monthy Services Checkup Monthy Services Checkup
T20120604.0002.006,Monthy Services Checkup,Monthy Services Checkup,ABLE Manufacturing HQ,,Scheduled,Low,In Person/Onsite,2.0,"Taylor, Mark",IT:Technician I,IT:Level I,IT:Hardware,Other,IT:Onsite (Billable),,,2012-06-18 08:08:00,"Administrator, Autotask",,2012-11-19 12:00:00,2012-06-18 08:08:00,,,True,1,2.0,False,,,0.0,3699.87,,3,3,Monthy Services Checkup Monthy Services Checkup
T20260105.0001,Password reset request,Employee locked out of their account after multiple failed login attempts. Requesting password reset and account unlock.,ABLE Manufacturing HQ,Primary Location,Scheduled,High,Email,2.0,"Anderson, Scott",IT:Service Manager,IT:Change Requests,IT:Applications,,,Able Manufacturing - Recurring Service,IT:Premium SLA,2026-01-05 01:30:00,"Administrator, Autotask",,2026-01-12 11:00:00,2026-01-05 01:30:00,,,False,3,2.0,False,,,0.0,177.5,,3,17,Password reset request Employee locked out of their account after multiple failed login attempts. Requesting password reset and account unlock.
T20260202.0001,Slow computer performance,User's workstation takes over 5 minutes to boot and applications are sluggish. Machine is 4 years old with HDD.,ABLE Manufacturing HQ,Primary Location,Scheduled,Critical,Email,2.0,"Taylor, Mark",IT:Technician II,Triage,IT:Hardware,,,Able Manufacturing - Recurring Service,IT:Premium SLA,2026-02-02 12:00:00,"Administrator, Autotask",,2026-02-09 15:00:00,2026-02-02 12:00:00,,,False,4,2.0,False,,,0.0,171.0,,3,19,Slow computer performance User's workstation takes over 5 minutes to boot and applications are sluggish. Machine is 4 years old with HDD.
T20251205.0001,New user account creation,"HR requests new Active Directory account, email, and standard group memberships for incoming Accounting associate.",ABLE Manufacturing HQ,Primary Location,Scheduled,Medium,Email,2.0,"Taylor, Mark",IT:Technician II,IT:Change Requests,SW:Defect,,,Able Manufacturing - Recurring Service,IT:Premium SLA,2025-12-05 05:30:00,"Administrator, Autotask",,2025-12-12 11:00:00,2025-12-05 05:30:00,,,False,2,2.0,False,,,0.0,173.5,,4,15,"New user account creation HR requests new Active Directory account, email, and standard group memberships for incoming Accounting associate."
T20260126.0002,Email bouncing back to external clients,Several external clients report emails to our sales team are bouncing back with a 550 error.,ABLE Manufacturing HQ,Primary Location,Scheduled,Low,Email,2.0,"Moore, James",IT:Technician II,IT:Level II,IT:Applications,,,Able Manufacturing - Recurring Service,IT:Premium SLA,2026-01-26 22:30:00,"Administrator, Autotask",,2026-02-03 11:00:00,2026-01-26 22:30:00,,,False,1,2.0,False,,,0.0,180.5,,6,16,Email bouncing back to external clients Several external clients report emails to our sales team are bouncing back with a 550 error.
T20251227.0002,Network printer offline,The Ricoh copier/printer in the main office shows offline status for all users. Physical device appears powered on.,ABLE Manufacturing HQ,Primary Location,Scheduled,High,Email,2.0,"Taylor, Mark",IT:Technician II,Triage,Triage,,,Able Manufacturing - Recurring Service,IT:Premium SLA,2025-12-27 08:00:00,"Administrator, Autotask",,2026-01-05 11:00:00,2025-12-27 08:00:00,,,False,3,2.0,False,,,0.0,219.0,,3,18,Network printer offline The Ricoh copier/printer in the main office shows offline status for all users. Physical device appears powered on.
T20260226.0005,Outlook not syncing emails,User reports Outlook on their workstation is not syncing new emails. Restarting the application did not resolve the issue.,ABLE Manufacturing HQ,Primary Location,Scheduled,Medium,Email,2.0,"Taylor, Mark",IT:Technician II,IT:Level II,IT:Applications,,,Able Manufacturing - Recurring Service,IT:Premium SLA,2026-02-26 07:00:00,"Administrator, Autotask",,2026-03-05 11:00:00,2026-02-26 07:00:00,,,False,2,2.0,False,,,0.0,172.0,,4,19,Outlook not syncing emails User reports Outlook on their workstation is not syncing new emails. Restarting the application did not resolve the issue.
T20251227.0004,Keyboard and mouse not responding,User's wireless keyboard and mouse stopped working. New batteries did not fix the issue.,ABLE Manufacturing HQ,Primary Location,Scheduled,Medium,Email,2.0,"Taylor, Mark",IT:Technician II,IT:Level II,IT:Change,,,Able Manufacturing - Recurring Service,IT:Premium SLA,2025-12-27 01:30:00,"Administrator, Autotask",,2026-01-05 11:00:00,2025-12-27 01:30:00,,,False,2,2.0,False,,,0.0,225.5,,5,14,Keyboard and mouse not responding User's wireless keyboard and mouse stopped working. New batteries did not fix the issue.
T20260220.0004,Need access to CRM application,Sales rep needs access provisioned to the Salesforce CRM. Manager has approved the request.,ABLE Manufacturing HQ,Primary Location,Scheduled,Critical,Email,2.0,"Taylor, Mark",IT:Technician II,IT:Change Requests,SW:Defect,,,Able Manufacturing - Recurring Service,IT:Premium SLA,2026-02-20 12:00:00,"Administrator, Autotask",,2026-02-27 15:00:00,2026-02-20 12:00:00,,,False,4,2.0,False,,,0.0,171.0,,5,14,Need access to CRM application Sales rep needs access provisioned to the Salesforce CRM. Manager has approved the request.
T20251230.0002,Suspicious phishing email reported,Employee forwarded a suspicious email claiming to be from IT asking for credentials. Needs investigation.,ABLE Manufacturing HQ,Primary Location,Scheduled,Low,Email,2.0,"Miller, Susan",SW:Support II,IT:Level II,Triage,,,Able Manufacturing - Recurring Service,IT:Premium SLA,2025-12-30 11:30:00,"Administrator, Autotask",,2026-01-06 14:30:00,2025-12-30 11:30:00,,,False,1,2.0,False,,,0.0,171.0,,4,15,Suspicious phishing email reported Employee forwarded a suspicious email claiming to be from IT asking for credentials. Needs investigation.
T20260114.0002,Outlook not syncing emails,User reports Outlook on their workstation is not syncing new emails. Restarting the application did not resolve the issue.,ABLE Manufacturing HQ,Primary Location,Scheduled,Critical,Email,2.0,"Anderson, Scott",IT:Service Manager,IT:Level II,SW:Internal,,,Able Manufacturing - Recurring Service,IT:Premium SLA,2026-01-14 06:00:00,"Administrator, Autotask",,2026-01-21 11:00:00,2026-01-14 06:00:00,,,False,4,2.0,False,,,0.0,173.0,,4,19,Outlook not syncing emails User reports Outlook on their workstation is not syncing new emails. Restarting the application did not resolve the issue.
T20251212.0002,Backup job failed overnight,Nightly backup job for the file server failed with a timeout error. Last successful backup was 3 days ago.,ABLE Manufacturing HQ,Primary Location,Scheduled,High,Email,2.0,"Taylor, Mark",IT:Technician II,IT:Level II,IT:Applications,,,Able Manufacturing - Recurring Service,IT:Premium SLA,2025-12-12 15:00:00,"Administrator, Autotask",,2025-12-22 09:00:00,2025-12-12 15:00:00,,,False,3,2.0,False,,,0.0,234.0,,4,19,Backup job failed overnight Nightly backup job for the file server failed with a timeout error. Last successful backup was 3 days ago.
T20260225.0001,Wi-Fi connectivity issues in conference room B,Staff report intermittent Wi-Fi drops in conference room B during video calls. Signal strength appears weak.,ABLE Manufacturing HQ,Primary Location,Scheduled,Critical,Email,2.0,"Miller, Susan",SW:Support II,IT:Level I,Triage,,,Able Manufacturing - Recurring Service,IT:Premium SLA,2026-02-25 01:30:00,"Administrator, Autotask",,2026-03-04 11:00:00,2026-02-25 01:30:00,,,False,4,2.0,False,,,0.0,177.5,,7,16,Wi-Fi connectivity issues in conference room B Staff report intermittent Wi-Fi drops in conference room B during video calls. Signal strength appears weak.
T20260215.0003,Keyboard and mouse not responding,User's wireless keyboard and mouse stopped working. New batteries did not fix the issue.,ABLE Manufacturing HQ,Primary Location,Scheduled,Critical,Email,2.0,"Moore, James",IT:Technician II,IT:Level II,IT:Hardware,,,Able Manufacturing - Recurring Service,IT:Premium SLA,2026-02-15 17:00:00,"Administrator, Autotask",,2026-02-23 11:00:00,2026-02-15 17:00:00,,,False,4,2.0,False,,,0.0,186.0,,5,14,Keyboard and mouse not responding User's wireless keyboard and mouse stopped working. New batteries did not fix the issue.
T20251231.0001,Desk phone not receiving calls,User's VoIP desk phone rings but no audio when answered. Other phones on the same switch work fine.,ABLE Manufacturing HQ,Primary Location,Escalate,High,Email,2.0,"Moore, James",IT:Technician II,Triage,SW:Defect,,,Able Manufacturing - Recurring Service,IT:Premium SLA,2025-12-31 07:30:00,"Administrator, Autotask",,2026-01-07 11:00:00,2025-12-31 07:30:00,,,False,3,2.0,False,,,0.0,171.5,,5,18,Desk phone not receiving calls User's VoIP desk phone rings but no audio when answered. Other phones on the same switch work fine.
T20260131.0001,Keyboard and mouse not responding,User's wireless keyboard and mouse stopped working. New batteries did not fix the issue.,ABLE Manufacturing HQ,Primary Location,Escalate,Medium,Email,2.0,"Taylor, Mark",IT:Technician II,IT:Level II,SW:Support,,,Able Manufacturing - Recurring Service,IT:Premium SLA,2026-01-31 15:00:00,"Administrator, Autotask",,2026-02-09 11:00:00,2026-01-31 15:00:00,,,False,2,2.0,False,,,0.0,212.0,,5,14,Keyboard and mouse not responding User's wireless keyboard and mouse stopped working. New batteries did not fix the issue.
T20260227.0001,Software license expired for Adobe Acrobat,Adobe Acrobat Pro license has expired for the Marketing department. Three users unable to edit PDFs.,ABLE Manufacturing HQ,Primary Location,Escalate,High,Email,2.0,"Anderson, Scott",IT:Service Manager,IT:Level I,SW:Defect,,,Able Manufacturing - Recurring Service,IT:Premium SLA,2026-02-27 17:30:00,"Administrator, Autotask",,2026-03-09 11:00:00,2026-02-27 17:30:00,,,False,3,2.0,False,,,0.0,233.5,,6,16,Software license expired for Adobe Acrobat Adobe Acrobat Pro license has expired for the Marketing department. Three users unable to edit PDFs.
T20260117.0001,Request to install project management software,Project lead requesting installation of Monday.com desktop app on their workstation.,ABLE Manufacturing HQ,Primary Location,Escalate,Medium,Email,2.0,"Moore, James",IT:Technician II,IT:Level I,IT:Applications,,,Able Manufacturing - Recurring Service,IT:Premium SLA,2026-01-17 17:00:00,"Administrator, Autotask",,2026-01-26 11:00:00,2026-01-17 17:00:00,,,False,2,2.0,False,,,0.0,210.0,,6,11,Request to install project management software Project lead requesting installation of Monday.com desktop app on their workstation.
T20260127.0001,QuickBooks not launching after update,QuickBooks Desktop crashes immediately on launch after the latest update was applied overnight.,ABLE Manufacturing HQ,Primary Location,Escalate,High,Email,2.0,"Taylor, Mark",IT:Technician II,IT:Level II,IT:Change,,,Able Manufacturing - Recurring Service,IT:Premium SLA,2026-01-27 08:00:00,"Administrator, Autotask",,2026-02-03 11:00:00,2026-01-27 08:00:00,,,False,3,2.0,False,,,0.0,171.0,,5,13,QuickBooks not launching after update QuickBooks Desktop crashes immediately on launch after the latest update was applied overnight.
T20260123.0001,Wi-Fi connectivity issues in conference room B,Staff report intermittent Wi-Fi drops in conference room B during video calls. Signal strength appears weak.,ABLE Manufacturing HQ,Primary Location,Escalate,Low,Email,2.0,"Anderson, Scott",IT:Service Manager,IT:Change Requests,SW:Support,,,Able Manufacturing - Recurring Service,IT:Premium SLA,2026-01-23 09:00:00,"Administrator, Autotask",,2026-01-30 12:00:00,2026-01-23 09:00:00,,,False,1,2.0,False,,,0.0,171.0,,7,16,Wi-Fi connectivity issues in conference room B Staff report intermittent Wi-Fi drops in conference room B during video calls. Signal strength appears weak.
T20251212.0001,Laptop battery not holding charge,User's Dell laptop battery drains from 100% to 0% in under an hour. Laptop is 2 years old.,ABLE Manufacturing HQ,Primary Location,Escalate,Low,Email,2.0,"Taylor, Mark",IT:Technician II,IT:Level I,IT:Change,,,Able Manufacturing - Recurring Service,IT:Premium SLA,2025-12-12 01:00:00,"Administrator, Autotask",,2025-12-19 11:00:00,2025-12-12 01:00:00,,,False,1,2.0,False,,,0.0,178.0,,5,18,Laptop battery not holding charge User's Dell laptop battery drains from 100% to 0% in under an hour. Laptop is 2 years old.
T20260116.0001,Backup job failed overnight,Nightly backup job for the file server failed with a timeout error. Last successful backup was 3 days ago.,ABLE Manufacturing HQ,Primary Location,Escalate,Low,Email,2.0,"Taylor, Mark",IT:Technician II,IT:Level II,Triage,,,Able Manufacturing - Recurring Service,IT:Premium SLA,2026-01-16 03:30:00,"Administrator, Autotask",,2026-01-23 11:00:00,2026-01-16 03:30:00,,,False,1,2.0,False,,,0.0,175.5,,4,19,Backup job failed overnight Nightly backup job for the file server failed with a timeout error. Last successful backup was 3 days ago.
T20260213.0001,Zoom meeting room setup,Need to configure the new conference room TV and camera system for Zoom Rooms integration.,ABLE Manufacturing HQ,Primary Location,Escalate,Medium,Email,2.0,"Anderson, Scott",IT:Service Manager,Triage,SW:Support,,,Able Manufacturing - Recurring Service,IT:Premium SLA,2026-02-13 11:30:00,"Administrator, Autotask",,2026-02-20 14:30:00,2026-02-13 11:30:00,,,False,2,2.0,False,,,0.0,171.0,,4,15,Zoom meeting room setup Need to configure the new conference room TV and camera system for Zoom Rooms integration.
T20260130.0002,Need access to CRM application,Sales rep needs access provisioned to the Salesforce CRM. Manager has approved the request.,ABLE Manufacturing HQ,Primary Location,Escalate,Critical,Email,2.0,"Taylor, Mark",IT:Technician II,IT:Level II,IT:Hardware,,,Able Manufacturing - Recurring Service,IT:Premium SLA,2026-01-30 14:00:00,"Administrator, Autotask",,2026-02-06 17:00:00,2026-01-30 14:00:00,,,False,4,2.0,False,,,0.0,171.0,,5,14,Need access to CRM application Sales rep needs access provisioned to the Salesforce CRM. Manager has approved the request.
T20251220.0001,Server room temperature alert,Environmental monitoring system triggered a high-temperature alert in the server room. HVAC may be malfunctioning.,ABLE Manufacturing HQ,Primary Location,Escalate,Critical,Email,2.0,"Moore, James",IT:Technician II,Triage,SW:Support,,,Able Manufacturing - Recurring Service,IT:Premium SLA,2025-12-20 14:00:00,"Administrator, Autotask",,2025-12-29 11:00:00,2025-12-20 14:00:00,,,False,4,2.0,False,,,0.0,213.0,,4,15,Server room temperature alert Environmental monitoring system triggered a high-temperature alert in the server room. HVAC may be malfunctioning.
T20260206.0002,Password reset request,Employee locked out of their account after multiple failed login attempts. Requesting password reset and account unlock.,ABLE Manufacturing HQ,Primary Location,Escalate,Low,Email,2.0,"Anderson, Scott",IT:Service Manager,Triage,SW:Change,,,Able Manufacturing - Recurring Service,IT:Premium SLA,2026-02-06 07:30:00,"Administrator, Autotask",,2026-02-13 11:00:00,2026-02-06 07:30:00,,,False,1,2.0,False,,,0.0,171.5,,3,17,Password reset request Employee locked out of their account after multiple failed login attempts. Requesting password reset and account unlock.
T20260203.0002,Shared drive access denied,User in Accounting cannot access the shared S: drive. Permissions appear correct in AD but access is still denied.,ABLE Manufacturing HQ,Primary Location,Escalate,Critical,Email,2.0,"Taylor, Mark",IT:Technician II,Triage,SW:Change,,,Able Manufacturing - Recurring Service,IT:Premium SLA,2026-02-03 23:00:00,"Administrator, Autotask",,2026-02-11 11:00:00,2026-02-03 23:00:00,,,False,4,2.0,False,,,0.0,180.0,,4,19,Shared drive access denied User in Accounting cannot access the shared S: drive. Permissions appear correct in AD but access is still denied.
T20260128.0002,Email bouncing back to external clients,Several external clients report emails to our sales team are bouncing back with a 550 error.,ABLE Manufacturing HQ,Primary Location,Escalate,Critical,Email,2.0,"Anderson, Scott",IT:Service Manager,IT:Change Requests,SW:Defect,,,Able Manufacturing - Recurring Service,IT:Premium SLA,2026-01-28 14:30:00,"Administrator, Autotask",,2026-02-05 08:30:00,2026-01-28 14:30:00,,,False,4,2.0,False,,,0.0,186.0,,6,16,Email bouncing back to external clients Several external clients report emails to our sales team are bouncing back with a 550 error.
T20251220.0003,New user account creation,"HR requests new Active Directory account, email, and standard group memberships for incoming Accounting associate.",ABLE Manufacturing HQ,Primary Location,Escalate,Low,Email,2.0,"Moore, James",IT:Technician II,Triage,IT:Hardware,,,Able Manufacturing - Recurring Service,IT:Premium SLA,2025-12-20 04:30:00,"Administrator, Autotask",,2025-12-29 11:00:00,2025-12-20 04:30:00,,,False,1,2.0,False,,,0.0,222.5,,4,15,"New user account creation HR requests new Active Directory account, email, and standard group memberships for incoming Accounting associate."
T20260206.0004,Windows update causing BSOD,Two workstations experiencing Blue Screen of Death after latest Windows cumulative update was installed.,ABLE Manufacturing HQ,Primary Location,Escalate,Critical,Email,2.0,"Taylor, Mark",IT:Technician II,IT:Level I,IT:Hardware,,,Able Manufacturing - Recurring Service,IT:Premium SLA,2026-02-06 11:30:00,"Administrator, Autotask",,2026-02-13 14:30:00,2026-02-06 11:30:00,,,False,4,2.0,False,,,0.0,171.0,,4,14,Windows update causing BSOD Two workstations experiencing Blue Screen of Death after latest Windows cumulative update was installed.
T20251226.0004,Laptop battery not holding charge,User's Dell laptop battery drains from 100% to 0% in under an hour. Laptop is 2 years old.,ABLE Manufacturing HQ,Primary Location,Escalate,Medium,Email,2.0,"Miller, Susan",SW:Support II,IT:Level II,SW:Support,,,Able Manufacturing - Recurring Service,IT:Premium SLA,2025-12-26 23:30:00,"Administrator, Autotask",,2026-01-05 11:00:00,2025-12-26 23:30:00,,,False,2,2.0,False,,,0.0,227.5,,5,18,Laptop battery not holding charge User's Dell laptop battery drains from 100% to 0% in under an hour. Laptop is 2 years old.
T20260209.0004,QuickBooks not launching after update,QuickBooks Desktop crashes immediately on launch after the latest update was applied overnight.,ABLE Manufacturing HQ,Primary Location,Escalate,High,Email,2.0,"Anderson, Scott",IT:Service Manager,IT:Level II,IT:Applications,,,Able Manufacturing - Recurring Service,IT:Premium SLA,2026-02-09 00:00:00,"Administrator, Autotask",,2026-02-16 11:00:00,2026-02-09 00:00:00,,,False,3,2.0,False,,,0.0,179.0,,5,13,QuickBooks not launching after update QuickBooks Desktop crashes immediately on launch after the latest update was applied overnight.
T20260207.0005,New employee laptop setup,"New hire starting next Monday needs a laptop configured with standard software suite, email, and VPN access.",ABLE Manufacturing HQ,Primary Location,Escalate,Critical,Email,2.0,"Miller, Susan",SW:Support II,IT:Level II,IT:Hardware,,,Able Manufacturing - Recurring Service,IT:Premium SLA,2026-02-07 23:30:00,"Administrator, Autotask",,2026-02-16 11:00:00,2026-02-07 23:30:00,,,False,4,2.0,False,,,0.0,203.5,,4,17,"New employee laptop setup New hire starting next Monday needs a laptop configured with standard software suite, email, and VPN access."
T20260101.0001,Wi-Fi connectivity issues in conference room B,Staff report intermittent Wi-Fi drops in conference room B during video calls. Signal strength appears weak.,ABLE Manufacturing HQ,Primary Location,Waiting Vendor,Low,Email,2.0,"Taylor, Mark",IT:Technician II,IT:Level II,Triage,,,Able Manufacturing - Recurring Service,IT:Premium SLA,2026-01-01 23:00:00,"Administrator, Autotask",,2026-01-09 11:00:00,2026-01-01 23:00:00,,,False,1,2.0,False,,,0.0,180.0,,7,16,Wi-Fi connectivity issues in conference room B Staff report intermittent Wi-Fi drops in conference room B during video calls. Signal strength appears weak.
T20260226.0004,Server room temperature alert,Environmental monitoring system triggered a high-temperature alert in the server room. HVAC may be malfunctioning.,ABLE Manufacturing HQ,Primary Location,Waiting Vendor,High,Email,2.0,"Anderson, Scott",IT:Service Manager,Triage,SW:Defect,,,Able Manufacturing - Recurring Service,IT:Premium SLA,2026-02-26 07:00:00,"Administrator, Autotask",,2026-03-05 11:00:00,2026-02-26 07:00:00,,,False,3,2.0,False,,,0.0,172.0,,4,15,Server room temperature alert Environmental monitoring system triggered a high-temperature alert in the server room. HVAC may be malfunctioning.
T20260212.0001,Shared drive access denied,User in Accounting cannot access the shared S: drive. Permissions appear correct in AD but access is still denied.,ABLE Manufacturing HQ,Primary Location,Waiting Vendor,Low,Email,2.0,"Anderson, Scott",IT:Service Manager,IT:Level II,SW:Internal,,,Able Manufacturing - Recurring Service,IT:Premium SLA,2026-02-12 23:00:00,"Administrator, Autotask",,2026-02-20 11:00:00,2026-02-12 23:00:00,,,False,1,2.0,False,,,0.0,180.0,,4,19,Shared drive access denied User in Accounting cannot access the shared S: drive. Permissions appear correct in AD but access is still denied.
T20260228.0001,OneDrive sync errors,User getting persistent sync conflict errors in OneDrive. Several files showing duplicate versions.,ABLE Manufacturing HQ,Primary Location,Waiting Vendor,High,Email,2.0,"Taylor, Mark",IT:Technician II,IT:Level I,IT:Change,,,Able Manufacturing - Recurring Service,IT:Premium SLA,2026-02-28 04:30:00,"Administrator, Autotask",,2026-03-09 11:00:00,2026-02-28 04:30:00,,,False,3,2.0,False,,,0.0,222.5,,3,13,OneDrive sync errors User getting persistent sync conflict errors in OneDrive. Several files showing duplicate versions.
T20251207.0001,Outlook not syncing emails,User reports Outlook on their workstation is not syncing new emails. Restarting the application did not resolve the issue.,ABLE Manufacturing HQ,Primary Location,Waiting Vendor,High,Email,2.0,"Anderson, Scott",IT:Service Manager,IT:Change Requests,IT:Hardware,,,Able Manufacturing - Recurring Service,IT:Premium SLA,2025-12-07 05:00:00,"Administrator, Autotask",,2025-12-15 11:00:00,2025-12-07 05:00:00,,,False,3,2.0,False,,,0.0,198.0,,4,19,Outlook not syncing emails User reports Outlook on their workstation is not syncing new emails. Restarting the application did not resolve the issue.
T20260206.0003,Teams calls have audio echo,Multiple users in the open office area report audio echo issues during Microsoft Teams calls.,ABLE Manufacturing HQ,Primary Location,Waiting Vendor,High,Email,2.0,"Taylor, Mark",IT:Technician II,IT:Level I,Triage,,,Able Manufacturing - Recurring Service,IT:Premium SLA,2026-02-06 16:30:00,"Administrator, Autotask",,2026-02-16 10:30:00,2026-02-06 16:30:00,,,False,3,2.0,False,,,0.0,234.0,,5,15,Teams calls have audio echo Multiple users in the open office area report audio echo issues during Microsoft Teams calls.
T20260217.0003,Wi-Fi connectivity issues in conference room B,Staff report intermittent Wi-Fi drops in conference room B during video calls. Signal strength appears weak.,ABLE Manufacturing HQ,Primary Location,Waiting Vendor,Low,Email,2.0,"Taylor, Mark",IT:Technician II,Triage,SW:Internal,,,Able Manufacturing - Recurring Service,IT:Premium SLA,2026-02-17 01:30:00,"Administrator, Autotask",,2026-02-24 11:00:00,2026-02-17 01:30:00,,,False,1,2.0,False,,,0.0,177.5,,7,16,Wi-Fi connectivity issues in conference room B Staff report intermittent Wi-Fi drops in conference room B during video calls. Signal strength appears weak.
T20260126.0001,Printer jamming on 2nd floor,The shared HP LaserJet on the 2nd floor is consistently jamming when printing duplex jobs. Paper tray has been checked.,ABLE Manufacturing HQ,Primary Location,Waiting Approval,Low,Email,2.0,"Taylor, Mark",IT:Technician II,Triage,SW:Change,,,Able Manufacturing - Recurring Service,IT:Premium SLA,2026-01-26 21:00:00,"Administrator, Autotask",,2026-02-03 11:00:00,2026-01-26 21:00:00,,,False,1,2.0,False,,,0.0,182.0,,5,20,Printer jamming on 2nd floor The shared HP LaserJet on the 2nd floor is consistently jamming when printing duplex jobs. Paper tray has been checked.
T20260130.0001,Laptop battery not holding charge,User's Dell laptop battery drains from 100% to 0% in under an hour. Laptop is 2 years old.,ABLE Manufacturing HQ,Primary Location,Waiting Approval,High,Email,2.0,"Anderson, Scott",IT:Service Manager,IT:Level I,SW:Defect,,,Able Manufacturing - Recurring Service,IT:Premium SLA,2026-01-30 18:00:00,"Administrator, Autotask",,2026-02-09 11:00:00,2026-01-30 18:00:00,,,False,3,2.0,False,,,0.0,233.0,,5,18,Laptop battery not holding charge User's Dell laptop battery drains from 100% to 0% in under an hour. Laptop is 2 years old.
T20251203.0001,Desk phone not receiving calls,User's VoIP desk phone rings but no audio when answered. Other phones on the same switch work fine.,ABLE Manufacturing HQ,Primary Location,Waiting Approval,Critical,Email,2.0,"Anderson, Scott",IT:Service Manager,IT:Change Requests,SW:Defect,,,Able Manufacturing - Recurring Service,IT:Premium SLA,2025-12-03 04:30:00,"Administrator, Autotask",,2025-12-10 11:00:00,2025-12-03 04:30:00,,,False,4,2.0,False,,,0.0,174.5,,5,18,Desk phone not receiving calls User's VoIP desk phone rings but no audio when answered. Other phones on the same switch work fine.
T20260122.0001,OneDrive sync errors,User getting persistent sync conflict errors in OneDrive. Several files showing duplicate versions.,ABLE Manufacturing HQ,Primary Location,Waiting Approval,Medium,Email,2.0,"Moore, James",IT:Technician II,IT:Level I,IT:Hardware,,,Able Manufacturing - Recurring Service,IT:Premium SLA,2026-01-22 18:00:00,"Administrator, Autotask",,2026-01-30 11:00:00,2026-01-22 18:00:00,,,False,2,2.0,False,,,0.0,185.0,,3,13,OneDrive sync errors User getting persistent sync conflict errors in OneDrive. Several files showing duplicate versions.
T20251230.0003,Laptop battery not holding charge,User's Dell laptop battery drains from 100% to 0% in under an hour. Laptop is 2 years old.,ABLE Manufacturing HQ,Primary Location,Waiting Approval,High,Email,2.0,"Miller, Susan",SW:Support II,IT:Change Requests,SW:Defect,,,Able Manufacturing - Recurring Service,IT:Premium SLA,2025-12-30 05:00:00,"Administrator, Autotask",,2026-01-06 11:00:00,2025-12-30 05:00:00,,,False,3,2.0,False,,,0.0,174.0,,5,18,Laptop battery not holding charge User's Dell laptop battery drains from 100% to 0% in under an hour. Laptop is 2 years old.
T20251209.0002,Software license expired for Adobe Acrobat,Adobe Acrobat Pro license has expired for the Marketing department. Three users unable to edit PDFs.,ABLE Manufacturing HQ,Primary Location,Waiting Approval,Critical,Email,2.0,"Anderson, Scott",IT:Service Manager,IT:Level II,SW:Change,,,Able Manufacturing - Recurring Service,IT:Premium SLA,2025-12-09 00:30:00,"Administrator, Autotask",,2025-12-16 11:00:00,2025-12-09 00:30:00,,,False,4,2.0,False,,,0.0,178.5,,6,16,Software license expired for Adobe Acrobat Adobe Acrobat Pro license has expired for the Marketing department. Three users unable to edit PDFs.
T20260209.0003,Software license expired for Adobe Acrobat,Adobe Acrobat Pro license has expired for the Marketing department. Three users unable to edit PDFs.,ABLE Manufacturing HQ,Primary Location,Waiting Approval,Critical,Email,2.0,"Moore, James",IT:Technician II,IT:Level I,SW:Defect,,,Able Manufacturing - Recurring Service,IT:Premium SLA,2026-02-09 03:00:00,"Administrator, Autotask",,2026-02-16 11:00:00,2026-02-09 03:00:00,,,False,4,2.0,False,,,0.0,176.0,,6,16,Software license expired for Adobe Acrobat Adobe Acrobat Pro license has expired for the Marketing department. Three users unable to edit PDFs.
T20260124.0002,Password reset request,Employee locked out of their account after multiple failed login attempts. Requesting password reset and account unlock.,ABLE Manufacturing HQ,Primary Location,Waiting Approval,Critical,Email,2.0,"Moore, James",IT:Technician II,IT:Change Requests,IT:Applications,,,Able Manufacturing - Recurring Service,IT:Premium SLA,2026-01-24 06:30:00,"Administrator, Autotask",,2026-02-02 11:00:00,2026-01-24 06:30:00,,,False,4,2.0,False,,,0.0,220.5,,3,17,Password reset request Employee locked out of their account after multiple failed login attempts. Requesting password reset and account unlock.
T20260218.0004,Internet speed slow at branch office,Branch office staff reporting significantly slower internet speeds since last week. ISP says no issues on their end.,ABLE Manufacturing HQ,Primary Location,Waiting Approval,Critical,Email,2.0,"Taylor, Mark",IT:Technician II,IT:Level I,SW:Support,,,Able Manufacturing - Recurring Service,IT:Premium SLA,2026-02-18 20:30:00,"Administrator, Autotask",,2026-02-26 11:00:00,2026-02-18 20:30:00,,,False,4,2.0,False,,,0.0,182.5,,6,18,Internet speed slow at branch office Branch office staff reporting significantly slower internet speeds since last week. ISP says no issues on their end.
T20251204.0004,Printer jamming on 2nd floor,The shared HP LaserJet on the 2nd floor is consistently jamming when printing duplex jobs. Paper tray has been checked.,ABLE Manufacturing HQ,Primary Location,Waiting Approval,Critical,Email,2.0,"Moore, James",IT:Technician II,IT:Level II,Triage,,,Able Manufacturing - Recurring Service,IT:Premium SLA,2025-12-04 16:30:00,"Administrator, Autotask",,2025-12-12 10:30:00,2025-12-04 16:30:00,,,False,4,2.0,False,,,0.0,186.0,,5,20,Printer jamming on 2nd floor The shared HP LaserJet on the 2nd floor is consistently jamming when printing duplex jobs. Paper tray has been checked.
T20260207.0004,File recovery request,User accidentally deleted a folder from the shared drive and needs it restored from backup.,ABLE Manufacturing HQ,Primary Location,Waiting Approval,High,Email,2.0,"Moore, James",IT:Technician II,Triage,IT:Applications,,,Able Manufacturing - Recurring Service,IT:Premium SLA,2026-02-07 02:00:00,"Administrator, Autotask",,2026-02-16 11:00:00,2026-02-07 02:00:00,,,False,3,2.0,False,,,0.0,225.0,,3,15,File recovery request User accidentally deleted a folder from the shared drive and needs it restored from backup.
T20260211.0001,Printer jamming on 2nd floor,The shared HP LaserJet on the 2nd floor is consistently jamming when printing duplex jobs. Paper tray has been checked.,ABLE Manufacturing HQ,Primary Location,Waiting Approval,Low,Email,2.0,"Taylor, Mark",IT:Technician II,Triage,IT:Hardware,,,Able Manufacturing - Recurring Service,IT:Premium SLA,2026-02-11 04:30:00,"Administrator, Autotask",,2026-02-18 11:00:00,2026-02-11 04:30:00,,,False,1,2.0,False,,,0.0,174.5,,5,20,Printer jamming on 2nd floor The shared HP LaserJet on the 2nd floor is consistently jamming when printing duplex jobs. Paper tray has been checked.
T20120603.0003,"Email just in, printer is down.",Customer called to say that the main printer wasn't responding.,ABLE Manufacturing HQ,,Waiting Dispatch,High,Email,1.0,"Thomas, Kathy",IT:Dispatcher,IT:Level I,IT:Hardware,Printer,IT:Onsite (Billable),Able Manufacturing - T&M,,2012-06-16 20:00:00,"Administrator, Autotask",,2012-06-18 20:00:00,2012-06-17 20:00:00,,,True,3,1.0,False,,,1440.0,48.0,,6,10,"Email just in, printer is down. Customer called to say that the main printer wasn't responding."
T20260110.0001,Suspicious phishing email reported,Employee forwarded a suspicious email claiming to be from IT asking for credentials. Needs investigation.,ABLE Manufacturing HQ,Primary Location,Waiting Dispatch,Critical,Email,2.0,"Taylor, Mark",IT:Technician II,Triage,IT:Hardware,,,Able Manufacturing - Recurring Service,IT:Premium SLA,2026-01-10 09:00:00,"Administrator, Autotask",,2026-01-19 11:00:00,2026-01-10 09:00:00,,,False,4,2.0,False,,,0.0,218.0,,4,15,Suspicious phishing email reported Employee forwarded a suspicious email claiming to be from IT asking for credentials. Needs investigation.
T20260208.0003,Outlook not syncing emails,User reports Outlook on their workstation is not syncing new emails. Restarting the application did not resolve the issue.,ABLE Manufacturing HQ,Primary Location,Waiting Dispatch,Medium,Email,2.0,"Anderson, Scott",IT:Service Manager,IT:Change Requests,SW:Support,,,Able Manufacturing - Recurring Service,IT:Premium SLA,2026-02-08 23:30:00,"Administrator, Autotask",,2026-02-16 11:00:00,2026-02-08 23:30:00,,,False,2,2.0,False,,,0.0,179.5,,4,19,Outlook not syncing emails User reports Outlook on their workstation is not syncing new emails. Restarting the application did not resolve the issue.
T20260207.0001,Internet speed slow at branch office,Branch office staff reporting significantly slower internet speeds since last week. ISP says no issues on their end.,ABLE Manufacturing HQ,Primary Location,Waiting Dispatch,Low,Email,2.0,"Moore, James",IT:Technician II,IT:Level II,IT:Hardware,,,Able Manufacturing - Recurring Service,IT:Premium SLA,2026-02-07 02:30:00,"Administrator, Autotask",,2026-02-16 11:00:00,2026-02-07 02:30:00,,,False,1,2.0,False,,,0.0,224.5,,6,18,Internet speed slow at branch office Branch office staff reporting significantly slower internet speeds since last week. ISP says no issues on their end.
T20251205.0002,Network printer offline,The Ricoh copier/printer in the main office shows offline status for all users. Physical device appears powered on.,ABLE Manufacturing HQ,Primary Location,Waiting Dispatch,Low,Email,2.0,"Anderson, Scott",IT:Service Manager,IT:Change Requests,SW:Internal,,,Able Manufacturing - Recurring Service,IT:Premium SLA,2025-12-05 21:30:00,"Administrator, Autotask",,2025-12-15 11:00:00,2025-12-05 21:30:00,,,False,1,2.0,False,,,0.0,229.5,,3,18,Network printer offline The Ricoh copier/printer in the main office shows offline status for all users. Physical device appears powered on.
T20260227.0002,Server room temperature alert,Environmental monitoring system triggered a high-temperature alert in the server room. HVAC may be malfunctioning.,ABLE Manufacturing HQ,Primary Location,Waiting Dispatch,High,Email,2.0,"Anderson, Scott",IT:Service Manager,Triage,SW:Support,,,Able Manufacturing - Recurring Service,IT:Premium SLA,2026-02-27 20:00:00,"Administrator, Autotask",,2026-03-09 11:00:00,2026-02-27 20:00:00,,,False,3,2.0,False,,,0.0,231.0,,4,15,Server room temperature alert Environmental monitoring system triggered a high-temperature alert in the server room. HVAC may be malfunctioning.
T20251221.0002,Zoom meeting room setup,Need to configure the new conference room TV and camera system for Zoom Rooms integration.,ABLE Manufacturing HQ,Primary Location,Waiting Dispatch,Medium,Email,2.0,"Taylor, Mark",IT:Technician II,Triage,IT:Change,,,Able Manufacturing - Recurring Service,IT:Premium SLA,2025-12-21 09:00:00,"Administrator, Autotask",,2025-12-29 11:00:00,2025-12-21 09:00:00,,,False,2,2.0,False,,,0.0,194.0,,4,15,Zoom meeting room setup Need to configure the new conference room TV and camera system for Zoom Rooms integration.
T20260228.0004,Request for additional monitor,Department manager requesting a second monitor for their workstation to improve productivity.,ABLE Manufacturing HQ,Primary Location,Waiting Dispatch,Critical,Email,2.0,"Taylor, Mark",IT:Technician II,IT:Change Requests,Triage,,,Able Manufacturing - Recurring Service,IT:Premium SLA,2026-02-28 08:30:00,"Administrator, Autotask",,2026-03-09 11:00:00,2026-02-28 08:30:00,,,False,4,2.0,False,,,0.0,218.5,,4,12,Request for additional monitor Department manager requesting a second monitor for their workstation to improve productivity.
T20260121.0002,Internet speed slow at branch office,Branch office staff reporting significantly slower internet speeds since last week. ISP says no issues on their end.,ABLE Manufacturing HQ,Primary Location,Waiting Dispatch,Medium,Email,2.0,"Taylor, Mark",IT:Technician II,IT:Change Requests,Triage,,,Able Manufacturing - Recurring Service,IT:Premium SLA,2026-01-21 15:30:00,"Administrator, Autotask",,2026-01-29 09:30:00,2026-01-21 15:30:00,,,False,2,2.0,False,,,0.0,186.0,,6,18,Internet speed slow at branch office Branch office staff reporting significantly slower internet speeds since last week. ISP says no issues on their end.
T20260205.0003,Printer jamming on 2nd floor,The shared HP LaserJet on the 2nd floor is consistently jamming when printing duplex jobs. Paper tray has been checked.,ABLE Manufacturing HQ,Primary Location,Waiting Dispatch,Critical,Email,2.0,"Miller, Susan",SW:Support II,IT:Level I,IT:Change,,,Able Manufacturing - Recurring Service,IT:Premium SLA,2026-02-05 21:30:00,"Administrator, Autotask",,2026-02-13 11:00:00,2026-02-05 21:30:00,,,False,4,2.0,False,,,0.0,181.5,,5,20,Printer jamming on 2nd floor The shared HP LaserJet on the 2nd floor is consistently jamming when printing duplex jobs. Paper tray has been checked.
T20251228.0001,Server room temperature alert,Environmental monitoring system triggered a high-temperature alert in the server room. HVAC may be malfunctioning.,ABLE Manufacturing HQ,Primary Location,Waiting Dispatch,High,Email,2.0,"Taylor, Mark",IT:Technician II,Triage,Triage,,,Able Manufacturing - Recurring Service,IT:Premium SLA,2025-12-28 22:30:00,"Administrator, Autotask",,2026-01-05 11:00:00,2025-12-28 22:30:00,,,False,3,2.0,False,,,0.0,180.5,,4,15,Server room temperature alert Environmental monitoring system triggered a high-temperature alert in the server room. HVAC may be malfunctioning.
T20260106.0002,Software license expired for Adobe Acrobat,Adobe Acrobat Pro license has expired for the Marketing department. Three users unable to edit PDFs.,ABLE Manufacturing HQ,Primary Location,Waiting Dispatch,Medium,Email,2.0,"Anderson, Scott",IT:Service Manager,IT:Level II,Triage,,,Able Manufacturing - Recurring Service,IT:Premium SLA,2026-01-06 15:30:00,"Administrator, Autotask",,2026-01-14 09:30:00,2026-01-06 15:30:00,,,False,2,2.0,False,,,0.0,186.0,,6,16,Software license expired for Adobe Acrobat Adobe Acrobat Pro license has expired for the Marketing department. Three users unable to edit PDFs.
T20120604.0007,Install Symantec EP,Install Symantec EP on server and server console - Push software to machines -Setup scanning and updates,ABLE Manufacturing West Coast,,Scheduled,Low,In Person/Onsite,2.0,"Taylor, Mark",IT:Technician I,IT:Level I,IT:Applications,Other,IT:Remote (Billable),,,2012-06-17 20:00:00,"Administrator, Autotask",,2012-06-18 20:00:00,2012-06-18 20:00:00,,,True,1,2.0,False,,,1440.0,24.0,,3,17,Install Symantec EP Install Symantec EP on server and server console - Push software to machines -Setup scanning and updates
T20260304.0001,cpu damaged,No Description Provided,ABLE Manufacturing West Coast,Primary Location,Waiting Dispatch,Critical,Insourced,2.0,"Taylor, Mark",IT:Technician I,Client Portal,IT:Hardware,Desktop-Laptop,IT:Remote (Billable),Able Manufacturing - Incident,IT:Premium SLA,2026-03-04 23:25:00,"Siddabhaktuni, Sameer",,2026-03-12 11:00:00,2026-03-04 23:25:00,The cpu got hit by hands,,False,4,2.0,False,,,0.0,179.58,,2,3,cpu damaged No Description Provided
T20120604.0004,Opportunity Closed:[Cloud Application],Provision new customer,Brown Brothers Bottling,,New,Medium,,0.0,"Wilson, Frank",SW:Support I,Post Sale,,,SW:Support (Billable),,,2012-06-18 09:00:00,"Administrator, Autotask",,2012-06-22 17:00:00,2012-06-18 09:00:00,,,True,2,,False,,,0.0,104.0,,3,3,Opportunity Closed:[Cloud Application] Provision new customer
T20120604.0010,Software Upgrade,Software Upgrade,Brown Brothers Bottling,,New,Medium,,1.0,,,Triage,Triage,,0:Triage,Brown Brothers Bottling - Hosted SaaS,,2012-06-17 20:00:00,"Administrator, Autotask",,2012-06-25 11:00:00,2012-06-18 20:00:00,,,True,2,1.0,False,,,1440.0,183.0,,2,2,Software Upgrade Software Upgrade
T20120529.0001,Customer defect with provisioning,Customer defect with provisioning,Brown Brothers Bottling,,Waiting Customer,High,Client Portal,2.0,"Miller, Susan",SW:Support II,SW:Defect,SW:Defect,Known Issue,SW:Internal,Brown Brothers Bottling - Hosted SaaS,,2012-06-11 20:00:00,"Administrator, Autotask",,2012-06-21 20:00:00,2012-06-12 20:00:00,,,True,3,2.0,False,,,1440.0,240.0,,4,4,Customer defect with provisioning Customer defect with provisioning
T20120531.0003,Documentation Updating required,update customer documentation,Brown Brothers Bottling,,In Progress,Low,Client Portal,1.0,"Moore, James",IT:Technician II,SW:Level I,SW:Support,Documentation,SW:Support (Non-Billable),Brown Brothers Bottling - Hosted SaaS,,2012-06-13 20:00:00,"Administrator, Autotask",,2012-06-21 11:00:00,2012-06-14 20:00:00,,,True,1,1.0,False,,,1440.0,183.0,,3,3,Documentation Updating required update customer documentation
T20120530.0003,Review security audit logs,Customer error reports error when logging in,Brown Brothers Bottling,,In Progress,Medium,,1.0,"Wilson, Frank",SW:Support I,SW:Level I,SW:Support,Customer Request,SW:Support (Non-Billable),Brown Brothers Bottling - Hosted SaaS,,2012-06-12 20:00:00,"Administrator, Autotask",,2012-06-20 11:00:00,2012-06-13 20:00:00,,,True,2,1.0,False,,,1440.0,183.0,,4,7,Review security audit logs Customer error reports error when logging in
T20120604.0003.001,Customer experience weekly checkup,Review with customer how they can utilize new features.,Brown Brothers Bottling,,Scheduled,Low,In Person/Onsite,3.0,"Miller, Susan",SW:Support II,SW:Level I,SW:Support,Other,SW:Support (Billable),,,2012-06-18 08:38:00,"Administrator, Autotask",,2012-06-18 17:00:00,2012-06-18 08:38:00,,,True,1,3.0,False,,,0.0,8.37,,4,9,Customer experience weekly checkup Review with customer how they can utilize new features.
T20120604.0003.002,Customer experience weekly checkup,Review with customer how they can utilize new features.,Brown Brothers Bottling,,Scheduled,Low,In Person/Onsite,3.0,"Miller, Susan",SW:Support II,SW:Level I,SW:Support,Other,SW:Support (Billable),,,2012-06-18 08:38:00,"Administrator, Autotask",,2012-06-25 17:00:00,2012-06-18 08:38:00,,,True,1,3.0,False,,,0.0,176.37,,4,9,Customer experience weekly checkup Review with customer how they can utilize new features.
T20120604.0003.003,Customer experience weekly checkup,Review with customer how they can utilize new features.,Brown Brothers Bottling,,Scheduled,Low,In Person/Onsite,3.0,"Miller, Susan",SW:Support II,SW:Level I,SW:Support,Other,SW:Support (Billable),,,2012-06-18 08:38:00,"Administrator, Autotask",,2012-07-02 17:00:00,2012-06-18 08:38:00,,,True,1,3.0,False,,,0.0,344.37,,4,9,Customer experience weekly checkup Review with customer how they can utilize new features.
T20120604.0003.004,Customer experience weekly checkup,Review with customer how they can utilize new features.,Brown Brothers Bottling,,Scheduled,Low,In Person/Onsite,3.0,"Miller, Susan",SW:Support II,SW:Level I,SW:Support,Other,SW:Support (Billable),,,2012-06-18 08:38:00,"Administrator, Autotask",,2012-07-09 17:00:00,2012-06-18 08:38:00,,,True,1,3.0,False,,,0.0,512.37,,4,9,Customer experience weekly checkup Review with customer how they can utilize new features.
T20120604.0003.005,Customer experience weekly checkup,Review with customer how they can utilize new features.,Brown Brothers Bottling,,Scheduled,Low,In Person/Onsite,3.0,"Miller, Susan",SW:Support II,SW:Level I,SW:Support,Other,SW:Support (Billable),,,2012-06-18 08:38:00,"Administrator, Autotask",,2012-07-16 17:00:00,2012-06-18 08:38:00,,,True,1,3.0,False,,,0.0,680.37,,4,9,Customer experience weekly checkup Review with customer how they can utilize new features.
T20120604.0003.006,Customer experience weekly checkup,Review with customer how they can utilize new features.,Brown Brothers Bottling,,Scheduled,Low,In Person/Onsite,3.0,"Miller, Susan",SW:Support II,SW:Level I,SW:Support,Other,SW:Support (Billable),,,2012-06-18 08:38:00,"Administrator, Autotask",,2012-07-23 17:00:00,2012-06-18 08:38:00,,,True,1,3.0,False,,,0.0,848.37,,4,9,Customer experience weekly checkup Review with customer how they can utilize new features.
T20120604.0003.007,Customer experience weekly checkup,Review with customer how they can utilize new features.,Brown Brothers Bottling,,Scheduled,Low,In Person/Onsite,3.0,"Miller, Susan",SW:Support II,SW:Level I,SW:Support,Other,SW:Support (Billable),,,2012-06-18 08:38:00,"Administrator, Autotask",,2012-07-30 17:00:00,2012-06-18 08:38:00,,,True,1,3.0,False,,,0.0,1016.37,,4,9,Customer experience weekly checkup Review with customer how they can utilize new features.
T20120604.0003.008,Customer experience weekly checkup,Review with customer how they can utilize new features.,Brown Brothers Bottling,,Scheduled,Low,In Person/Onsite,3.0,"Miller, Susan",SW:Support II,SW:Level I,SW:Support,Other,SW:Support (Billable),,,2012-06-18 08:38:00,"Administrator, Autotask",,2012-08-06 17:00:00,2012-06-18 08:38:00,,,True,1,3.0,False,,,0.0,1184.37,,4,9,Customer experience weekly checkup Review with customer how they can utilize new features.
T20120604.0003.009,Customer experience weekly checkup,Review with customer how they can utilize new features.,Brown Brothers Bottling,,Scheduled,Low,In Person/Onsite,3.0,"Miller, Susan",SW:Support II,SW:Level I,SW:Support,Other,SW:Support (Billable),,,2012-06-18 08:38:00,"Administrator, Autotask",,2012-08-13 17:00:00,2012-06-18 08:38:00,,,True,1,3.0,False,,,0.0,1352.37,,4,9,Customer experience weekly checkup Review with customer how they can utilize new features.
T20120604.0003.010,Customer experience weekly checkup,Review with customer how they can utilize new features.,Brown Brothers Bottling,,Scheduled,Low,In Person/Onsite,3.0,"Miller, Susan",SW:Support II,SW:Level I,SW:Support,Other,SW:Support (Billable),,,2012-06-18 08:38:00,"Administrator, Autotask",,2012-08-20 17:00:00,2012-06-18 08:38:00,,,True,1,3.0,False,,,0.0,1520.37,,4,9,Customer experience weekly checkup Review with customer how they can utilize new features.
T20120604.0003.011,Customer experience weekly checkup,Review with customer how they can utilize new features.,Brown Brothers Bottling,,Scheduled,Low,In Person/Onsite,3.0,"Miller, Susan",SW:Support II,SW:Level I,SW:Support,Other,SW:Support (Billable),,,2012-06-18 08:38:00,"Administrator, Autotask",,2012-08-27 17:00:00,2012-06-18 08:38:00,,,True,1,3.0,False,,,0.0,1688.37,,4,9,Customer experience weekly checkup Review with customer how they can utilize new features.
T20120604.0003.012,Customer experience weekly checkup,Review with customer how they can utilize new features.,Brown Brothers Bottling,,Scheduled,Low,In Person/Onsite,3.0,"Miller, Susan",SW:Support II,SW:Level I,SW:Support,Other,SW:Support (Billable),,,2012-06-18 08:38:00,"Administrator, Autotask",,2012-09-03 17:00:00,2012-06-18 08:38:00,,,True,1,3.0,False,,,0.0,1856.37,,4,9,Customer experience weekly checkup Review with customer how they can utilize new features.
T20120604.0003.013,Customer experience weekly checkup,Review with customer how they can utilize new features.,Brown Brothers Bottling,,Scheduled,Low,In Person/Onsite,3.0,"Miller, Susan",SW:Support II,SW:Level I,SW:Support,Other,SW:Support (Billable),,,2012-06-18 08:38:00,"Administrator, Autotask",,2012-09-10 17:00:00,2012-06-18 08:38:00,,,True,1,3.0,False,,,0.0,2024.37,,4,9,Customer experience weekly checkup Review with customer how they can utilize new features.
T20120604.0003.014,Customer experience weekly checkup,Review with customer how they can utilize new features.,Brown Brothers Bottling,,Scheduled,Low,In Person/Onsite,3.0,"Miller, Susan",SW:Support II,SW:Level I,SW:Support,Other,SW:Support (Billable),,,2012-06-18 08:38:00,"Administrator, Autotask",,2012-09-17 17:00:00,2012-06-18 08:38:00,,,True,1,3.0,False,,,0.0,2192.37,,4,9,Customer experience weekly checkup Review with customer how they can utilize new features.
T20120604.0003.015,Customer experience weekly checkup,Review with customer how they can utilize new features.,Brown Brothers Bottling,,Scheduled,Low,In Person/Onsite,3.0,"Miller, Susan",SW:Support II,SW:Level I,SW:Support,Other,SW:Support (Billable),,,2012-06-18 08:38:00,"Administrator, Autotask",,2012-09-24 17:00:00,2012-06-18 08:38:00,,,True,1,3.0,False,,,0.0,2360.37,,4,9,Customer experience weekly checkup Review with customer how they can utilize new features.
T20120604.0003.016,Customer experience weekly checkup,Review with customer how they can utilize new features.,Brown Brothers Bottling,,Scheduled,Low,In Person/Onsite,3.0,"Miller, Susan",SW:Support II,SW:Level I,SW:Support,Other,SW:Support (Billable),,,2012-06-18 08:38:00,"Administrator, Autotask",,2012-10-01 17:00:00,2012-06-18 08:38:00,,,True,1,3.0,False,,,0.0,2528.37,,4,9,Customer experience weekly checkup Review with customer how they can utilize new features.
T20120604.0003.017,Customer experience weekly checkup,Review with customer how they can utilize new features.,Brown Brothers Bottling,,Scheduled,Low,In Person/Onsite,3.0,"Miller, Susan",SW:Support II,SW:Level I,SW:Support,Other,SW:Support (Billable),,,2012-06-18 08:38:00,"Administrator, Autotask",,2012-10-08 17:00:00,2012-06-18 08:38:00,,,True,1,3.0,False,,,0.0,2696.37,,4,9,Customer experience weekly checkup Review with customer how they can utilize new features.
T20120604.0003.018,Customer experience weekly checkup,Review with customer how they can utilize new features.,Brown Brothers Bottling,,Scheduled,Low,In Person/Onsite,3.0,"Miller, Susan",SW:Support II,SW:Level I,SW:Support,Other,SW:Support (Billable),,,2012-06-18 08:38:00,"Administrator, Autotask",,2012-10-15 17:00:00,2012-06-18 08:38:00,,,True,1,3.0,False,,,0.0,2864.37,,4,9,Customer experience weekly checkup Review with customer how they can utilize new features.
T20120604.0003.019,Customer experience weekly checkup,Review with customer how they can utilize new features.,Brown Brothers Bottling,,Scheduled,Low,In Person/Onsite,3.0,"Miller, Susan",SW:Support II,SW:Level I,SW:Support,Other,SW:Support (Billable),,,2012-06-18 08:38:00,"Administrator, Autotask",,2012-10-22 17:00:00,2012-06-18 08:38:00,,,True,1,3.0,False,,,0.0,3032.37,,4,9,Customer experience weekly checkup Review with customer how they can utilize new features.
T20120604.0003.020,Customer experience weekly checkup,Review with customer how they can utilize new features.,Brown Brothers Bottling,,Scheduled,Low,In Person/Onsite,3.0,"Miller, Susan",SW:Support II,SW:Level I,SW:Support,Other,SW:Support (Billable),,,2012-06-18 08:38:00,"Administrator, Autotask",,2012-10-29 17:00:00,2012-06-18 08:38:00,,,True,1,3.0,False,,,0.0,3200.37,,4,9,Customer experience weekly checkup Review with customer how they can utilize new features.
T20120604.0008,Save/Close Error,"Hello - We are experiencing some issues with the software today. Two users were kicked out today. And another user is having problems saving/closing any open windows. She tried restarting and it's still giving her problems and timing out. Were there any updates done recently, that could be causing this? Thank you",Brown Brothers Bottling,,Scheduled,Medium,Client Portal,6.0,"Wilson, Frank",SW:Support I,SW:Level I,SW:Support,Customer Request,SW:Support (Non-Billable),Brown Brothers Bottling - Hosted SaaS,,2012-06-17 20:00:00,"Administrator, Autotask",,2012-06-25 11:00:00,2012-06-18 20:00:00,,,True,2,6.0,False,,,1440.0,183.0,,2,52,"Save/Close Error Hello - We are experiencing some issues with the software today. Two users were kicked out today. And another user is having problems saving/closing any open windows. She tried restarting and it's still giving her problems and timing out. Were there any updates done recently, that could be causing this? Thank you"
T20120531.0002,Security Change Request,Add user to admin group,"Excelsior Designs, LLC",,In Progress,Low,Client Portal,1.0,"Moore, James",IT:Technician II,Triage,IT:Change,Security Request,IT:Onsite (Billable),"Excelsior Designs, LLC - Incident",,2012-06-13 20:00:00,"Administrator, Autotask",,2012-06-24 20:00:00,2012-06-14 20:00:00,,,True,1,1.0,False,,,1440.0,264.0,,3,5,Security Change Request Add user to admin group
T20120603.0004,Server Drive 0 at 20% free space,Server Drive 0 at 20% free space,"Hewitt Associates, Inc.",,New,High,Email,3.0,,,Triage,Triage,,0:Triage,"Hewitt Associates, Inc. - Block Hour",,2012-06-16 20:00:00,"Administrator, Autotask",,2012-06-25 11:00:00,2012-06-17 20:00:00,,,True,3,3.0,False,,,1440.0,207.0,,7,7,Server Drive 0 at 20% free space Server Drive 0 at 20% free space
T20260227.0003,New user account creation,"HR requests new Active Directory account, email, and standard group memberships for incoming Accounting associate.","Hewitt Associates, Inc.",Primary Location,New,High,Email,2.0,"Anderson, Scott",IT:Service Manager,Triage,IT:Applications,,,"Hewitt Associates, Inc. - Block Hour",IT:Premium SLA,2026-02-27 15:00:00,"Administrator, Autotask",,2026-03-09 09:00:00,2026-02-27 15:00:00,,,False,3,2.0,False,,,0.0,234.0,,4,15,"New user account creation HR requests new Active Directory account, email, and standard group memberships for incoming Accounting associate."
T20251218.0001,Shared drive access denied,User in Accounting cannot access the shared S: drive. Permissions appear correct in AD but access is still denied.,"Hewitt Associates, Inc.",Primary Location,New,Low,Email,2.0,"Taylor, Mark",IT:Technician II,IT:Level II,Triage,,,"Hewitt Associates, Inc. - Block Hour",IT:Premium SLA,2025-12-18 23:00:00,"Administrator, Autotask",,2025-12-26 11:00:00,2025-12-18 23:00:00,,,False,1,2.0,False,,,0.0,180.0,,4,19,Shared drive access denied User in Accounting cannot access the shared S: drive. Permissions appear correct in AD but access is still denied.
T20260122.0002,Desk phone not receiving calls,User's VoIP desk phone rings but no audio when answered. Other phones on the same switch work fine.,"Hewitt Associates, Inc.",Primary Location,New,Low,Email,2.0,"Moore, James",IT:Technician II,IT:Change Requests,SW:Support,,,"Hewitt Associates, Inc. - Block Hour",IT:Premium SLA,2026-01-22 01:30:00,"Administrator, Autotask",,2026-01-29 11:00:00,2026-01-22 01:30:00,,,False,1,2.0,False,,,0.0,177.5,,5,18,Desk phone not receiving calls User's VoIP desk phone rings but no audio when answered. Other phones on the same switch work fine.
T20260205.0001,Shared drive access denied,User in Accounting cannot access the shared S: drive. Permissions appear correct in AD but access is still denied.,"Hewitt Associates, Inc.",Primary Location,New,Medium,Email,2.0,"Anderson, Scott",IT:Service Manager,Triage,SW:Internal,,,"Hewitt Associates, Inc. - Block Hour",IT:Premium SLA,2026-02-05 17:00:00,"Administrator, Autotask",,2026-02-13 11:00:00,2026-02-05 17:00:00,,,False,2,2.0,False,,,0.0,186.0,,4,19,Shared drive access denied User in Accounting cannot access the shared S: drive. Permissions appear correct in AD but access is still denied.
T20260209.0002,File recovery request,User accidentally deleted a folder from the shared drive and needs it restored from backup.,"Hewitt Associates, Inc.",Primary Location,New,Low,Email,2.0,"Anderson, Scott",IT:Service Manager,IT:Level I,SW:Support,,,"Hewitt Associates, Inc. - Block Hour",IT:Premium SLA,2026-02-09 06:00:00,"Administrator, Autotask",,2026-02-16 11:00:00,2026-02-09 06:00:00,,,False,1,2.0,False,,,0.0,173.0,,3,15,File recovery request User accidentally deleted a folder from the shared drive and needs it restored from backup.
T20251218.0003,Zoom meeting room setup,Need to configure the new conference room TV and camera system for Zoom Rooms integration.,"Hewitt Associates, Inc.",Primary Location,New,High,Email,2.0,"Moore, James",IT:Technician II,IT:Change Requests,SW:Internal,,,"Hewitt Associates, Inc. - Block Hour",IT:Premium SLA,2025-12-18 21:30:00,"Administrator, Autotask",,2025-12-26 11:00:00,2025-12-18 21:30:00,,,False,3,2.0,False,,,0.0,181.5,,4,15,Zoom meeting room setup Need to configure the new conference room TV and camera system for Zoom Rooms integration.
T20251225.0001,Zoom meeting room setup,Need to configure the new conference room TV and camera system for Zoom Rooms integration.,"Hewitt Associates, Inc.",Primary Location,New,Low,Email,2.0,"Taylor, Mark",IT:Technician II,IT:Level II,SW:Defect,,,"Hewitt Associates, Inc. - Block Hour",IT:Premium SLA,2025-12-25 09:00:00,"Administrator, Autotask",,2026-01-01 12:00:00,2025-12-25 09:00:00,,,False,1,2.0,False,,,0.0,171.0,,4,15,Zoom meeting room setup Need to configure the new conference room TV and camera system for Zoom Rooms integration.
T20260111.0003,QuickBooks not launching after update,QuickBooks Desktop crashes immediately on launch after the latest update was applied overnight.,"Hewitt Associates, Inc.",Primary Location,New,Low,Email,2.0,"Taylor, Mark",IT:Technician II,IT:Level II,SW:Defect,,,"Hewitt Associates, Inc. - Block Hour",IT:Premium SLA,2026-01-11 21:30:00,"Administrator, Autotask",,2026-01-19 11:00:00,2026-01-11 21:30:00,,,False,1,2.0,False,,,0.0,181.5,,5,13,QuickBooks not launching after update QuickBooks Desktop crashes immediately on launch after the latest update was applied overnight.
T20260222.0003,Suspicious phishing email reported,Employee forwarded a suspicious email claiming to be from IT asking for credentials. Needs investigation.,"Hewitt Associates, Inc.",Primary Location,New,Medium,Email,2.0,"Taylor, Mark",IT:Technician II,IT:Level II,IT:Applications,,,"Hewitt Associates, Inc. - Block Hour",IT:Premium SLA,2026-02-22 02:30:00,"Administrator, Autotask",,2026-03-02 11:00:00,2026-02-22 02:30:00,,,False,2,2.0,False,,,0.0,200.5,,4,15,Suspicious phishing email reported Employee forwarded a suspicious email claiming to be from IT asking for credentials. Needs investigation.
T20251209.0003,Desk phone not receiving calls,User's VoIP desk phone rings but no audio when answered. Other phones on the same switch work fine.,"Hewitt Associates, Inc.",Primary Location,New,Critical,Email,2.0,"Anderson, Scott",IT:Service Manager,IT:Level I,SW:Internal,,,"Hewitt Associates, Inc. - Block Hour",IT:Premium SLA,2025-12-09 17:00:00,"Administrator, Autotask",,2025-12-17 11:00:00,2025-12-09 17:00:00,,,False,4,2.0,False,,,0.0,186.0,,5,18,Desk phone not receiving calls User's VoIP desk phone rings but no audio when answered. Other phones on the same switch work fine.
T20260222.0004,Windows update causing BSOD,Two workstations experiencing Blue Screen of Death after latest Windows cumulative update was installed.,"Hewitt Associates, Inc.",Primary Location,New,Low,Email,2.0,"Miller, Susan",SW:Support II,IT:Level I,SW:Support,,,"Hewitt Associates, Inc. - Block Hour",IT:Premium SLA,2026-02-22 18:30:00,"Administrator, Autotask",,2026-03-02 11:00:00,2026-02-22 18:30:00,,,False,1,2.0,False,,,0.0,184.5,,4,14,Windows update causing BSOD Two workstations experiencing Blue Screen of Death after latest Windows cumulative update was installed.
T20260130.0003,Keyboard and mouse not responding,User's wireless keyboard and mouse stopped working. New batteries did not fix the issue.,"Hewitt Associates, Inc.",Primary Location,New,Medium,Email,2.0,"Moore, James",IT:Technician II,IT:Level I,SW:Internal,,,"Hewitt Associates, Inc. - Block Hour",IT:Premium SLA,2026-01-30 07:30:00,"Administrator, Autotask",,2026-02-06 11:00:00,2026-01-30 07:30:00,,,False,2,2.0,False,,,0.0,171.5,,5,14,Keyboard and mouse not responding User's wireless keyboard and mouse stopped working. New batteries did not fix the issue.
T20251220.0004,Laptop battery not holding charge,User's Dell laptop battery drains from 100% to 0% in under an hour. Laptop is 2 years old.,"Hewitt Associates, Inc.",Primary Location,New,Low,Email,2.0,"Miller, Susan",SW:Support II,IT:Level I,IT:Change,,,"Hewitt Associates, Inc. - Block Hour",IT:Premium SLA,2025-12-20 05:30:00,"Administrator, Autotask",,2025-12-29 11:00:00,2025-12-20 05:30:00,,,False,1,2.0,False,,,0.0,221.5,,5,18,Laptop battery not holding charge User's Dell laptop battery drains from 100% to 0% in under an hour. Laptop is 2 years old.
T20251204.0005,File recovery request,User accidentally deleted a folder from the shared drive and needs it restored from backup.,"Hewitt Associates, Inc.",Primary Location,New,Medium,Email,2.0,"Taylor, Mark",IT:Technician II,IT:Level I,IT:Change,,,"Hewitt Associates, Inc. - Block Hour",IT:Premium SLA,2025-12-04 22:00:00,"Administrator, Autotask",,2025-12-12 11:00:00,2025-12-04 22:00:00,,,False,2,2.0,False,,,0.0,181.0,,3,15,File recovery request User accidentally deleted a folder from the shared drive and needs it restored from backup.
T20260203.0003,Network printer offline,The Ricoh copier/printer in the main office shows offline status for all users. Physical device appears powered on.,"Hewitt Associates, Inc.",Primary Location,New,Low,Email,2.0,"Miller, Susan",SW:Support II,Triage,SW:Defect,,,"Hewitt Associates, Inc. - Block Hour",IT:Premium SLA,2026-02-03 14:30:00,"Administrator, Autotask",,2026-02-11 08:30:00,2026-02-03 14:30:00,,,False,1,2.0,False,,,0.0,186.0,,3,18,Network printer offline The Ricoh copier/printer in the main office shows offline status for all users. Physical device appears powered on.
T20251208.0001,New employee laptop setup,"New hire starting next Monday needs a laptop configured with standard software suite, email, and VPN access.","Hewitt Associates, Inc.",Primary Location,New,High,Email,2.0,"Anderson, Scott",IT:Service Manager,IT:Change Requests,SW:Support,,,"Hewitt Associates, Inc. - Block Hour",IT:Premium SLA,2025-12-08 17:00:00,"Administrator, Autotask",,2025-12-16 11:00:00,2025-12-08 17:00:00,,,False,3,2.0,False,,,0.0,186.0,,4,17,"New employee laptop setup New hire starting next Monday needs a laptop configured with standard software suite, email, and VPN access."
T20260208.0004,QuickBooks not launching after update,QuickBooks Desktop crashes immediately on launch after the latest update was applied overnight.,"Hewitt Associates, Inc.",Primary Location,Complete,Medium,Email,2.0,"Moore, James",IT:Technician II,IT:Level I,IT:Change,,,"Hewitt Associates, Inc. - Block Hour",IT:Premium SLA,2026-02-08 06:30:00,"Administrator, Autotask",2026-02-17 13:00:00,2026-02-16 11:00:00,2026-02-08 06:30:00,"Rolled back the problematic QuickBooks update (R5 to R4), repaired the company file using the QuickBooks File Doctor tool, and verified the application launches and data integrity is intact. Deferred the update pending a patch from Intuit.","Moore, James",False,2,2.0,True,222.5,9.27,0.0,196.5,26.0,5,13,QuickBooks not launching after update QuickBooks Desktop crashes immediately on launch after the latest update was applied overnight.
T20260228.0003,Suspicious phishing email reported,Employee forwarded a suspicious email claiming to be from IT asking for credentials. Needs investigation.,"Hewitt Associates, Inc.",Primary Location,Complete,High,Email,2.0,"Taylor, Mark",IT:Technician II,IT:Change Requests,SW:Defect,,,"Hewitt Associates, Inc. - Block Hour",IT:Premium SLA,2026-02-28 08:30:00,"Administrator, Autotask",2026-03-02 02:00:00,2026-03-09 11:00:00,2026-02-28 08:30:00,"Confirmed the email as a phishing attempt originating from a spoofed domain. Blocked the sender domain in the email gateway, purged the message from all mailboxes using content search, and submitted the URL to Microsoft for blacklisting. Sent a company-wide phishing awareness reminder.","Taylor, Mark",False,3,2.0,True,41.5,1.73,0.0,218.5,,4,15,Suspicious phishing email reported Employee forwarded a suspicious email claiming to be from IT asking for credentials. Needs investigation.
T20251221.0005,Slow computer performance,User's workstation takes over 5 minutes to boot and applications are sluggish. Machine is 4 years old with HDD.,"Hewitt Associates, Inc.",Primary Location,Complete,Medium,Email,2.0,"Miller, Susan",SW:Support II,IT:Level I,Triage,,,"Hewitt Associates, Inc. - Block Hour",IT:Premium SLA,2025-12-21 20:30:00,"Administrator, Autotask",2025-12-30 23:30:00,2025-12-29 11:00:00,2025-12-21 20:30:00,"Replaced the mechanical HDD with a 500GB SSD, cloned the existing OS image, and increased RAM from 8GB to 16GB. Boot time reduced from 5+ minutes to 35 seconds. User confirmed significant performance improvement across all applications.","Miller, Susan",False,2,2.0,True,219.0,9.12,0.0,182.5,36.5,3,19,Slow computer performance User's workstation takes over 5 minutes to boot and applications are sluggish. Machine is 4 years old with HDD.
T20251206.0002,QuickBooks not launching after update,QuickBooks Desktop crashes immediately on launch after the latest update was applied overnight.,"Hewitt Associates, Inc.",Primary Location,Complete,Medium,Email,2.0,"Miller, Susan",SW:Support II,IT:Change Requests,SW:Support,,,"Hewitt Associates, Inc. - Block Hour",IT:Premium SLA,2025-12-06 10:00:00,"Administrator, Autotask",2025-12-06 22:00:00,2025-12-15 11:00:00,2025-12-06 10:00:00,"Rolled back the problematic QuickBooks update (R5 to R4), repaired the company file using the QuickBooks File Doctor tool, and verified the application launches and data integrity is intact. Deferred the update pending a patch from Intuit.","Miller, Susan",False,2,2.0,True,12.0,0.5,0.0,217.0,,5,13,QuickBooks not launching after update QuickBooks Desktop crashes immediately on launch after the latest update was applied overnight.
T20260117.0003,Printer jamming on 2nd floor,The shared HP LaserJet on the 2nd floor is consistently jamming when printing duplex jobs. Paper tray has been checked.,"Hewitt Associates, Inc.",Primary Location,Complete,Medium,Email,2.0,"Moore, James",IT:Technician II,IT:Level I,SW:Defect,,,"Hewitt Associates, Inc. - Block Hour",IT:Premium SLA,2026-01-17 03:30:00,"Administrator, Autotask",2026-01-22 03:30:00,2026-01-26 11:00:00,2026-01-17 03:30:00,Cleaned the duplex unit rollers and replaced worn pickup rollers. Recalibrated the paper path and ran 50 test duplex prints with no jams. Issue resolved.,"Moore, James",False,2,2.0,True,120.0,5.0,0.0,223.5,,5,20,Printer jamming on 2nd floor The shared HP LaserJet on the 2nd floor is consistently jamming when printing duplex jobs. Paper tray has been checked.
T20260220.0003,Password reset request,Employee locked out of their account after multiple failed login attempts. Requesting password reset and account unlock.,"Hewitt Associates, Inc.",Primary Location,Complete,Low,Email,2.0,"Taylor, Mark",IT:Technician II,IT:Level II,SW:Change,,,"Hewitt Associates, Inc. - Block Hour",IT:Premium SLA,2026-02-20 09:30:00,"Administrator, Autotask",2026-02-27 11:00:00,2026-02-27 12:30:00,2026-02-20 09:30:00,"Unlocked the AD account, reset the password, and required a password change at next login. Verified the user could sign in successfully to their workstation and email. Reminded user of the self-service password reset portal.","Taylor, Mark",False,1,2.0,True,169.5,7.06,0.0,171.0,,3,17,Password reset request Employee locked out of their account after multiple failed login attempts. Requesting password reset and account unlock.
T20251215.0004,File recovery request,User accidentally deleted a folder from the shared drive and needs it restored from backup.,"Hewitt Associates, Inc.",Primary Location,Complete,Medium,Email,2.0,"Moore, James",IT:Technician II,IT:Level II,IT:Change,,,"Hewitt Associates, Inc. - Block Hour",IT:Premium SLA,2025-12-15 01:00:00,"Administrator, Autotask",2025-12-17 21:00:00,2025-12-22 11:00:00,2025-12-15 01:00:00,Restored the deleted folder and all contents from the previous night's Veeam backup snapshot. Verified file integrity and permissions match the original. Confirmed with the user that all expected files are present and accessible.,"Moore, James",False,2,2.0,True,68.0,2.83,0.0,178.0,,3,15,File recovery request User accidentally deleted a folder from the shared drive and needs it restored from backup.
T20251220.0005,Server room temperature alert,Environmental monitoring system triggered a high-temperature alert in the server room. HVAC may be malfunctioning.,"Hewitt Associates, Inc.",Primary Location,Complete,Critical,Email,2.0,"Anderson, Scott",IT:Service Manager,IT:Level I,IT:Hardware,,,"Hewitt Associates, Inc. - Block Hour",IT:Premium SLA,2025-12-20 03:30:00,"Administrator, Autotask",2025-12-27 02:30:00,2025-12-29 11:00:00,2025-12-20 03:30:00,Responded to the alert within 15 minutes. Found the primary CRAC unit had a frozen evaporator coil. Switched to the redundant cooling unit and contacted the HVAC vendor for emergency service. Primary unit repaired and back online within 4 hours. Temperature stabilized at 68掳F.,"Anderson, Scott",False,4,2.0,True,167.0,6.96,0.0,223.5,,4,15,Server room temperature alert Environmental monitoring system triggered a high-temperature alert in the server room. HVAC may be malfunctioning.
T20260114.0004,QuickBooks not launching after update,QuickBooks Desktop crashes immediately on launch after the latest update was applied overnight.,"Hewitt Associates, Inc.",Primary Location,Complete,Medium,Email,2.0,"Anderson, Scott",IT:Service Manager,IT:Level II,IT:Change,,,"Hewitt Associates, Inc. - Block Hour",IT:Premium SLA,2026-01-14 06:30:00,"Administrator, Autotask",2026-01-19 05:30:00,2026-01-21 11:00:00,2026-01-14 06:30:00,"Rolled back the problematic QuickBooks update (R5 to R4), repaired the company file using the QuickBooks File Doctor tool, and verified the application launches and data integrity is intact. Deferred the update pending a patch from Intuit.","Anderson, Scott",False,2,2.0,True,119.0,4.96,0.0,172.5,,5,13,QuickBooks not launching after update QuickBooks Desktop crashes immediately on launch after the latest update was applied overnight.
T20251202.0001,Need access to CRM application,Sales rep needs access provisioned to the Salesforce CRM. Manager has approved the request.,"Hewitt Associates, Inc.",Primary Location,Complete,Low,Email,2.0,"Anderson, Scott",IT:Service Manager,Triage,IT:Hardware,,,"Hewitt Associates, Inc. - Block Hour",IT:Premium SLA,2025-12-02 17:00:00,"Administrator, Autotask",2025-12-10 04:00:00,2025-12-10 11:00:00,2025-12-02 17:00:00,"Provisioned Salesforce CRM access with the Sales Rep profile, added to the appropriate role hierarchy, and configured SSO via Azure AD. Verified the user can log in and access their assigned accounts and opportunities. Sent onboarding guide to the user.","Anderson, Scott",False,1,2.0,True,179.0,7.46,0.0,186.0,,5,14,Need access to CRM application Sales rep needs access provisioned to the Salesforce CRM. Manager has approved the request.
T20260203.0004,Email bouncing back to external clients,Several external clients report emails to our sales team are bouncing back with a 550 error.,"Hewitt Associates, Inc.",Primary Location,Complete,Critical,Email,2.0,"Moore, James",IT:Technician II,IT:Change Requests,SW:Change,,,"Hewitt Associates, Inc. - Block Hour",IT:Premium SLA,2026-02-03 21:00:00,"Administrator, Autotask",2026-02-10 07:00:00,2026-02-11 11:00:00,2026-02-03 21:00:00,Identified an expired MX record pointing to a decommissioned mail relay. Updated DNS MX records to point to the current Exchange Online endpoints. Flushed DNS cache on the domain registrar. Confirmed external email delivery restored within 30 minutes.,"Moore, James",False,4,2.0,True,154.0,6.42,0.0,182.0,,6,16,Email bouncing back to external clients Several external clients report emails to our sales team are bouncing back with a 550 error.
T20260125.0003,OneDrive sync errors,User getting persistent sync conflict errors in OneDrive. Several files showing duplicate versions.,"Hewitt Associates, Inc.",Primary Location,Complete,Medium,Email,2.0,"Miller, Susan",SW:Support II,IT:Level II,IT:Hardware,,,"Hewitt Associates, Inc. - Block Hour",IT:Premium SLA,2026-01-25 20:30:00,"Administrator, Autotask",2026-02-03 15:00:00,2026-02-02 11:00:00,2026-01-25 20:30:00,"Identified sync conflicts caused by files exceeding the 256-character path length limit. Shortened the nested folder structure, resolved the duplicate file versions by keeping the most recent copies, and reset the OneDrive sync client. Sync now running clean with no errors.","Miller, Susan",False,2,2.0,True,210.5,8.77,0.0,182.5,28.0,3,13,OneDrive sync errors User getting persistent sync conflict errors in OneDrive. Several files showing duplicate versions.
T20251204.0006,Request to install project management software,Project lead requesting installation of Monday.com desktop app on their workstation.,"Hewitt Associates, Inc.",Primary Location,Complete,Low,Email,2.0,"Miller, Susan",SW:Support II,IT:Level I,Triage,,,"Hewitt Associates, Inc. - Block Hour",IT:Premium SLA,2025-12-04 23:00:00,"Administrator, Autotask",2025-12-09 22:30:00,2025-12-12 11:00:00,2025-12-04 23:00:00,"Installed Monday.com desktop application, configured SSO integration with company Azure AD credentials, and verified the user can access their project boards. Added the application to the approved software list.","Miller, Susan",False,1,2.0,True,119.5,4.98,0.0,180.0,,6,11,Request to install project management software Project lead requesting installation of Monday.com desktop app on their workstation.
T20260120.0004,Network printer offline,The Ricoh copier/printer in the main office shows offline status for all users. Physical device appears powered on.,"Hewitt Associates, Inc.",Primary Location,Complete,High,Email,2.0,"Moore, James",IT:Technician II,IT:Change Requests,Triage,,,"Hewitt Associates, Inc. - Block Hour",IT:Premium SLA,2026-01-20 11:00:00,"Administrator, Autotask",2026-01-25 20:30:00,2026-01-27 14:00:00,2026-01-20 11:00:00,"Found the printer had obtained a new DHCP IP address after a network switch reboot. Assigned a static IP reservation in DHCP, updated the printer port configuration on the print server, and redeployed the printer via GPO. All users can now print successfully.","Moore, James",False,3,2.0,True,129.5,5.4,0.0,171.0,,3,18,Network printer offline The Ricoh copier/printer in the main office shows offline status for all users. Physical device appears powered on.
T20251222.0004,Slow computer performance,User's workstation takes over 5 minutes to boot and applications are sluggish. Machine is 4 years old with HDD.,"Hewitt Associates, Inc.",Primary Location,Complete,Medium,Email,2.0,"Taylor, Mark",IT:Technician II,Triage,IT:Change,,,"Hewitt Associates, Inc. - Block Hour",IT:Premium SLA,2025-12-22 16:30:00,"Administrator, Autotask",2025-12-23 16:30:00,2025-12-30 10:30:00,2025-12-22 16:30:00,"Replaced the mechanical HDD with a 500GB SSD, cloned the existing OS image, and increased RAM from 8GB to 16GB. Boot time reduced from 5+ minutes to 35 seconds. User confirmed significant performance improvement across all applications.","Taylor, Mark",False,2,2.0,True,24.0,1.0,0.0,186.0,,3,19,Slow computer performance User's workstation takes over 5 minutes to boot and applications are sluggish. Machine is 4 years old with HDD.
T20260201.0003,VPN connection drops intermittently,"Remote employee experiences frequent VPN disconnections throughout the day, disrupting access to internal resources.","Hewitt Associates, Inc.",Primary Location,Complete,High,Email,2.0,"Moore, James",IT:Technician II,Triage,SW:Support,,,"Hewitt Associates, Inc. - Block Hour",IT:Premium SLA,2026-02-01 18:00:00,"Administrator, Autotask",2026-02-09 17:30:00,2026-02-09 11:00:00,2026-02-01 18:00:00,"Diagnosed intermittent VPN disconnections to a conflicting network adapter driver. Updated the adapter driver, disabled IPv6 on the VPN tunnel adapter, and adjusted the idle timeout setting in the GlobalProtect client. Verified stable connectivity over a 4-hour remote session with no drops.","Moore, James",False,3,2.0,True,191.5,7.98,0.0,185.0,6.5,4,14,"VPN connection drops intermittently Remote employee experiences frequent VPN disconnections throughout the day, disrupting access to internal resources."
T20260205.0004,Suspicious phishing email reported,Employee forwarded a suspicious email claiming to be from IT asking for credentials. Needs investigation.,"Hewitt Associates, Inc.",Primary Location,Complete,High,Email,2.0,"Miller, Susan",SW:Support II,IT:Level I,SW:Defect,,,"Hewitt Associates, Inc. - Block Hour",IT:Premium SLA,2026-02-05 13:30:00,"Administrator, Autotask",2026-02-07 15:00:00,2026-02-12 16:30:00,2026-02-05 13:30:00,"Confirmed the email as a phishing attempt originating from a spoofed domain. Blocked the sender domain in the email gateway, purged the message from all mailboxes using content search, and submitted the URL to Microsoft for blacklisting. Sent a company-wide phishing awareness reminder.","Miller, Susan",False,3,2.0,True,49.5,2.06,0.0,171.0,,4,15,Suspicious phishing email reported Employee forwarded a suspicious email claiming to be from IT asking for credentials. Needs investigation.
T20260108.0002,Zoom meeting room setup,Need to configure the new conference room TV and camera system for Zoom Rooms integration.,"Hewitt Associates, Inc.",Primary Location,Complete,Low,Email,2.0,"Anderson, Scott",IT:Service Manager,IT:Change Requests,IT:Hardware,,,"Hewitt Associates, Inc. - Block Hour",IT:Premium SLA,2026-01-08 05:00:00,"Administrator, Autotask",2026-01-11 11:00:00,2026-01-15 11:00:00,2026-01-08 05:00:00,"Mounted the Logitech Rally camera system, connected to the conference room PC, and configured Zoom Rooms with the company license. Set up one-touch join with the room calendar integration. Tested audio, video, and screen sharing with a remote participant successfully.","Anderson, Scott",False,1,2.0,True,78.0,3.25,0.0,174.0,,4,15,Zoom meeting room setup Need to configure the new conference room TV and camera system for Zoom Rooms integration.
T20260124.0004,Wi-Fi connectivity issues in conference room B,Staff report intermittent Wi-Fi drops in conference room B during video calls. Signal strength appears weak.,"Hewitt Associates, Inc.",Primary Location,Complete,Medium,Email,2.0,"Anderson, Scott",IT:Service Manager,Triage,SW:Change,,,"Hewitt Associates, Inc. - Block Hour",IT:Premium SLA,2026-01-24 09:00:00,"Administrator, Autotask",2026-01-31 03:00:00,2026-02-02 11:00:00,2026-01-24 09:00:00,"Performed a wireless site survey and identified signal interference from an adjacent microwave and a neighboring AP on the same channel. Changed the AP channel, increased transmit power, and repositioned the access point. Signal strength improved from -75dBm to -55dBm. Tested with multiple concurrent video calls successfully.","Anderson, Scott",False,2,2.0,True,162.0,6.75,0.0,218.0,,7,16,Wi-Fi connectivity issues in conference room B Staff report intermittent Wi-Fi drops in conference room B during video calls. Signal strength appears weak.
T20260302.0001,Password reset request,Employee locked out of their account after multiple failed login attempts. Requesting password reset and account unlock.,"Hewitt Associates, Inc.",Primary Location,Complete,Low,Email,2.0,"Anderson, Scott",IT:Service Manager,IT:Level I,Triage,,,"Hewitt Associates, Inc. - Block Hour",IT:Premium SLA,2026-03-02 04:00:00,"Administrator, Autotask",2026-03-04 11:30:00,2026-03-09 11:00:00,2026-03-02 04:00:00,"Unlocked the AD account, reset the password, and required a password change at next login. Verified the user could sign in successfully to their workstation and email. Reminded user of the self-service password reset portal.","Anderson, Scott",False,1,2.0,True,55.5,2.31,0.0,175.0,,3,17,Password reset request Employee locked out of their account after multiple failed login attempts. Requesting password reset and account unlock.
T20260103.0002,Monitor flickering on docking station,User's external monitor flickers when connected via USB-C docking station. Works fine with direct HDMI connection.,"Hewitt Associates, Inc.",Primary Location,Complete,Medium,Email,2.0,"Anderson, Scott",IT:Service Manager,IT:Level I,SW:Support,,,"Hewitt Associates, Inc. - Block Hour",IT:Premium SLA,2026-01-03 14:00:00,"Administrator, Autotask",2026-01-10 03:30:00,2026-01-12 11:00:00,2026-01-03 14:00:00,Updated the docking station firmware from v1.2 to v1.8 and installed the latest DisplayLink driver. Replaced the USB-C cable with a certified Thunderbolt 3 cable. Monitor now displays stable output through the dock.,"Anderson, Scott",False,2,2.0,True,157.5,6.56,0.0,213.0,,5,16,Monitor flickering on docking station User's external monitor flickers when connected via USB-C docking station. Works fine with direct HDMI connection.
T20260224.0003,Laptop battery not holding charge,User's Dell laptop battery drains from 100% to 0% in under an hour. Laptop is 2 years old.,"Hewitt Associates, Inc.",Primary Location,Complete,Medium,Email,2.0,"Taylor, Mark",IT:Technician II,IT:Level I,IT:Hardware,,,"Hewitt Associates, Inc. - Block Hour",IT:Premium SLA,2026-02-24 19:00:00,"Administrator, Autotask",2026-02-25 01:00:00,2026-03-04 11:00:00,2026-02-24 19:00:00,Ran Dell battery diagnostics which confirmed the battery health at 12% capacity. Ordered and installed a replacement battery under the ProSupport warranty. New battery holds a full charge for 6+ hours. Calibrated the battery and updated BIOS.,"Taylor, Mark",False,2,2.0,True,6.0,0.25,0.0,184.0,,5,18,Laptop battery not holding charge User's Dell laptop battery drains from 100% to 0% in under an hour. Laptop is 2 years old.
T20260113.0005,Teams calls have audio echo,Multiple users in the open office area report audio echo issues during Microsoft Teams calls.,"Hewitt Associates, Inc.",Primary Location,Complete,Medium,Email,2.0,"Miller, Susan",SW:Support II,IT:Change Requests,SW:Internal,,,"Hewitt Associates, Inc. - Block Hour",IT:Premium SLA,2026-01-13 14:30:00,"Administrator, Autotask",2026-01-14 06:00:00,2026-01-21 08:30:00,2026-01-13 14:30:00,"Identified that multiple users in close proximity were using laptop speakers instead of headsets, causing audio feedback loops. Distributed USB headsets to affected users and configured Teams audio settings to default to headset output. Echo issues eliminated.","Miller, Susan",False,2,2.0,True,15.5,0.65,0.0,186.0,,5,15,Teams calls have audio echo Multiple users in the open office area report audio echo issues during Microsoft Teams calls.
T20251225.0002,Printer jamming on 2nd floor,The shared HP LaserJet on the 2nd floor is consistently jamming when printing duplex jobs. Paper tray has been checked.,"Hewitt Associates, Inc.",Primary Location,Complete,Medium,Email,2.0,"Taylor, Mark",IT:Technician II,IT:Level I,Triage,,,"Hewitt Associates, Inc. - Block Hour",IT:Premium SLA,2025-12-25 16:00:00,"Administrator, Autotask",2026-01-02 14:00:00,2026-01-02 10:00:00,2025-12-25 16:00:00,Cleaned the duplex unit rollers and replaced worn pickup rollers. Recalibrated the paper path and ran 50 test duplex prints with no jams. Issue resolved.,"Taylor, Mark",False,2,2.0,True,190.0,7.92,0.0,186.0,4.0,5,20,Printer jamming on 2nd floor The shared HP LaserJet on the 2nd floor is consistently jamming when printing duplex jobs. Paper tray has been checked.
T20251224.0003,Outlook not syncing emails,User reports Outlook on their workstation is not syncing new emails. Restarting the application did not resolve the issue.,"Hewitt Associates, Inc.",Primary Location,Complete,Medium,Email,2.0,"Miller, Susan",SW:Support II,IT:Level II,SW:Internal,,,"Hewitt Associates, Inc. - Block Hour",IT:Premium SLA,2025-12-24 15:30:00,"Administrator, Autotask",2025-12-29 02:30:00,2026-01-01 09:30:00,2025-12-24 15:30:00,Rebuilt the Outlook profile and cleared the local OST cache. Re-synced the mailbox from Exchange Online. Verified all folders syncing correctly and monitored for 2 hours with no recurrence.,"Miller, Susan",False,2,2.0,True,107.0,4.46,0.0,186.0,,4,19,Outlook not syncing emails User reports Outlook on their workstation is not syncing new emails. Restarting the application did not resolve the issue.
T20260102.0005,New employee laptop setup,"New hire starting next Monday needs a laptop configured with standard software suite, email, and VPN access.","Hewitt Associates, Inc.",Primary Location,Complete,Low,Email,2.0,"Taylor, Mark",IT:Technician II,IT:Level I,IT:Applications,,,"Hewitt Associates, Inc. - Block Hour",IT:Premium SLA,2026-01-02 10:30:00,"Administrator, Autotask",2026-01-10 17:00:00,2026-01-09 13:30:00,2026-01-02 10:30:00,"Configured new Dell Latitude with Windows 11, joined to domain, installed standard software suite (Office 365, Teams, GlobalProtect VPN, Adobe Reader). Set up email profile and verified VPN connectivity. Laptop ready for new hire.","Taylor, Mark",False,1,2.0,True,198.5,8.27,0.0,171.0,27.5,4,17,"New employee laptop setup New hire starting next Monday needs a laptop configured with standard software suite, email, and VPN access."
T20251229.0005,VPN connection drops intermittently,"Remote employee experiences frequent VPN disconnections throughout the day, disrupting access to internal resources.","Hewitt Associates, Inc.",Primary Location,Complete,High,Email,2.0,"Taylor, Mark",IT:Technician II,IT:Level II,IT:Hardware,,,"Hewitt Associates, Inc. - Block Hour",IT:Premium SLA,2025-12-29 07:00:00,"Administrator, Autotask",2025-12-30 21:30:00,2026-01-05 11:00:00,2025-12-29 07:00:00,"Diagnosed intermittent VPN disconnections to a conflicting network adapter driver. Updated the adapter driver, disabled IPv6 on the VPN tunnel adapter, and adjusted the idle timeout setting in the GlobalProtect client. Verified stable connectivity over a 4-hour remote session with no drops.","Taylor, Mark",False,3,2.0,True,38.5,1.6,0.0,172.0,,4,14,"VPN connection drops intermittently Remote employee experiences frequent VPN disconnections throughout the day, disrupting access to internal resources."
T20251222.0005,Windows update causing BSOD,Two workstations experiencing Blue Screen of Death after latest Windows cumulative update was installed.,"Hewitt Associates, Inc.",Primary Location,Complete,Critical,Email,2.0,"Moore, James",IT:Technician II,IT:Change Requests,IT:Hardware,,,"Hewitt Associates, Inc. - Block Hour",IT:Premium SLA,2025-12-22 05:00:00,"Administrator, Autotask",2025-12-22 07:00:00,2025-12-29 11:00:00,2025-12-22 05:00:00,"Identified KB5034441 as the problematic update conflicting with the Symantec endpoint agent. Booted both machines into Safe Mode, uninstalled the update, and added it to the WSUS decline list. Both workstations stable. Coordinated with Symantec support for a compatibility fix before re-deploying the update.","Moore, James",False,4,2.0,True,2.0,0.08,0.0,174.0,,4,14,Windows update causing BSOD Two workstations experiencing Blue Screen of Death after latest Windows cumulative update was installed.
T20251213.0005,Network printer offline,The Ricoh copier/printer in the main office shows offline status for all users. Physical device appears powered on.,"Hewitt Associates, Inc.",Primary Location,Complete,High,Email,2.0,"Miller, Susan",SW:Support II,IT:Change Requests,IT:Change,,,"Hewitt Associates, Inc. - Block Hour",IT:Premium SLA,2025-12-13 18:30:00,"Administrator, Autotask",2025-12-15 19:00:00,2025-12-22 11:00:00,2025-12-13 18:30:00,"Found the printer had obtained a new DHCP IP address after a network switch reboot. Assigned a static IP reservation in DHCP, updated the printer port configuration on the print server, and redeployed the printer via GPO. All users can now print successfully.","Miller, Susan",False,3,2.0,True,48.5,2.02,0.0,208.5,,3,18,Network printer offline The Ricoh copier/printer in the main office shows offline status for all users. Physical device appears powered on.
T20251219.0005,Internet speed slow at branch office,Branch office staff reporting significantly slower internet speeds since last week. ISP says no issues on their end.,"Hewitt Associates, Inc.",Primary Location,Complete,High,Email,2.0,"Taylor, Mark",IT:Technician II,Triage,IT:Hardware,,,"Hewitt Associates, Inc. - Block Hour",IT:Premium SLA,2025-12-19 10:30:00,"Administrator, Autotask",2025-12-29 10:00:00,2025-12-26 13:30:00,2025-12-19 10:30:00,Traced the issue to a failing WAN interface on the branch firewall showing CRC errors. Replaced the SFP module and patch cable. Speeds returned to the provisioned 500Mbps symmetric. Monitored for 48 hours with no further degradation.,"Taylor, Mark",False,3,2.0,True,239.5,9.98,0.0,171.0,68.5,6,18,Internet speed slow at branch office Branch office staff reporting significantly slower internet speeds since last week. ISP says no issues on their end.
T20260114.0006,Slow computer performance,User's workstation takes over 5 minutes to boot and applications are sluggish. Machine is 4 years old with HDD.,"Hewitt Associates, Inc.",Primary Location,Complete,Medium,Email,2.0,"Moore, James",IT:Technician II,Triage,IT:Hardware,,,"Hewitt Associates, Inc. - Block Hour",IT:Premium SLA,2026-01-14 13:00:00,"Administrator, Autotask",2026-01-21 18:00:00,2026-01-21 16:00:00,2026-01-14 13:00:00,"Replaced the mechanical HDD with a 500GB SSD, cloned the existing OS image, and increased RAM from 8GB to 16GB. Boot time reduced from 5+ minutes to 35 seconds. User confirmed significant performance improvement across all applications.","Moore, James",False,2,2.0,True,173.0,7.21,0.0,171.0,2.0,3,19,Slow computer performance User's workstation takes over 5 minutes to boot and applications are sluggish. Machine is 4 years old with HDD.
T20260125.0004,QuickBooks not launching after update,QuickBooks Desktop crashes immediately on launch after the latest update was applied overnight.,"Hewitt Associates, Inc.",Primary Location,Complete,Medium,Email,2.0,"Taylor, Mark",IT:Technician II,IT:Level I,SW:Internal,,,"Hewitt Associates, Inc. - Block Hour",IT:Premium SLA,2026-01-25 20:30:00,"Administrator, Autotask",2026-02-01 17:00:00,2026-02-02 11:00:00,2026-01-25 20:30:00,"Rolled back the problematic QuickBooks update (R5 to R4), repaired the company file using the QuickBooks File Doctor tool, and verified the application launches and data integrity is intact. Deferred the update pending a patch from Intuit.","Taylor, Mark",False,2,2.0,True,164.5,6.85,0.0,182.5,,5,13,QuickBooks not launching after update QuickBooks Desktop crashes immediately on launch after the latest update was applied overnight.
T20260209.0007,Laptop battery not holding charge,User's Dell laptop battery drains from 100% to 0% in under an hour. Laptop is 2 years old.,"Hewitt Associates, Inc.",Primary Location,Complete,Medium,Email,2.0,"Taylor, Mark",IT:Technician II,Triage,SW:Internal,,,"Hewitt Associates, Inc. - Block Hour",IT:Premium SLA,2026-02-09 17:30:00,"Administrator, Autotask",2026-02-11 07:00:00,2026-02-17 11:00:00,2026-02-09 17:30:00,Ran Dell battery diagnostics which confirmed the battery health at 12% capacity. Ordered and installed a replacement battery under the ProSupport warranty. New battery holds a full charge for 6+ hours. Calibrated the battery and updated BIOS.,"Taylor, Mark",False,2,2.0,True,37.5,1.56,0.0,185.5,,5,18,Laptop battery not holding charge User's Dell laptop battery drains from 100% to 0% in under an hour. Laptop is 2 years old.
T20260217.0005,Teams calls have audio echo,Multiple users in the open office area report audio echo issues during Microsoft Teams calls.,"Hewitt Associates, Inc.",Primary Location,Complete,Medium,Email,2.0,"Taylor, Mark",IT:Technician II,IT:Level II,IT:Change,,,"Hewitt Associates, Inc. - Block Hour",IT:Premium SLA,2026-02-17 09:30:00,"Administrator, Autotask",2026-02-26 09:30:00,2026-02-24 12:30:00,2026-02-17 09:30:00,"Identified that multiple users in close proximity were using laptop speakers instead of headsets, causing audio feedback loops. Distributed USB headsets to affected users and configured Teams audio settings to default to headset output. Echo issues eliminated.","Taylor, Mark",False,2,2.0,True,216.0,9.0,0.0,171.0,45.0,5,15,Teams calls have audio echo Multiple users in the open office area report audio echo issues during Microsoft Teams calls.
T20251231.0004,Monitor flickering on docking station,User's external monitor flickers when connected via USB-C docking station. Works fine with direct HDMI connection.,"Hewitt Associates, Inc.",Primary Location,Complete,Medium,Email,2.0,"Anderson, Scott",IT:Service Manager,IT:Level I,SW:Support,,,"Hewitt Associates, Inc. - Block Hour",IT:Premium SLA,2025-12-31 02:30:00,"Administrator, Autotask",2026-01-07 09:00:00,2026-01-07 11:00:00,2025-12-31 02:30:00,Updated the docking station firmware from v1.2 to v1.8 and installed the latest DisplayLink driver. Replaced the USB-C cable with a certified Thunderbolt 3 cable. Monitor now displays stable output through the dock.,"Anderson, Scott",False,2,2.0,True,174.5,7.27,0.0,176.5,,5,16,Monitor flickering on docking station User's external monitor flickers when connected via USB-C docking station. Works fine with direct HDMI connection.
T20260302.0002,VPN connection drops intermittently,"Remote employee experiences frequent VPN disconnections throughout the day, disrupting access to internal resources.","Hewitt Associates, Inc.",Primary Location,Complete,High,Email,2.0,"Taylor, Mark",IT:Technician II,IT:Level II,IT:Applications,,,"Hewitt Associates, Inc. - Block Hour",IT:Premium SLA,2026-03-02 13:30:00,"Administrator, Autotask",2026-03-05 11:00:00,2026-03-09 16:30:00,2026-03-02 13:30:00,"Diagnosed intermittent VPN disconnections to a conflicting network adapter driver. Updated the adapter driver, disabled IPv6 on the VPN tunnel adapter, and adjusted the idle timeout setting in the GlobalProtect client. Verified stable connectivity over a 4-hour remote session with no drops.","Taylor, Mark",False,3,2.0,True,69.5,2.9,0.0,171.0,,4,14,"VPN connection drops intermittently Remote employee experiences frequent VPN disconnections throughout the day, disrupting access to internal resources."
T20260205.0005,Desk phone not receiving calls,User's VoIP desk phone rings but no audio when answered. Other phones on the same switch work fine.,"Hewitt Associates, Inc.",Primary Location,Complete,Medium,Email,2.0,"Taylor, Mark",IT:Technician II,IT:Level I,IT:Change,,,"Hewitt Associates, Inc. - Block Hour",IT:Premium SLA,2026-02-05 06:30:00,"Administrator, Autotask",2026-02-07 14:30:00,2026-02-12 11:00:00,2026-02-05 06:30:00,Found the phone's audio codec settings had been reset to a non-supported format after a firmware auto-update. Reconfigured the codec priority to G.711 and rebooted the phone. Two-way audio confirmed working on both internal and external calls.,"Taylor, Mark",False,2,2.0,True,56.0,2.33,0.0,172.5,,5,18,Desk phone not receiving calls User's VoIP desk phone rings but no audio when answered. Other phones on the same switch work fine.
T20260224.0005,Password reset request,Employee locked out of their account after multiple failed login attempts. Requesting password reset and account unlock.,"Hewitt Associates, Inc.",Primary Location,Complete,Low,Email,2.0,"Anderson, Scott",IT:Service Manager,IT:Level II,IT:Hardware,,,"Hewitt Associates, Inc. - Block Hour",IT:Premium SLA,2026-02-24 03:00:00,"Administrator, Autotask",2026-02-28 12:30:00,2026-03-03 11:00:00,2026-02-24 03:00:00,"Unlocked the AD account, reset the password, and required a password change at next login. Verified the user could sign in successfully to their workstation and email. Reminded user of the self-service password reset portal.","Anderson, Scott",False,1,2.0,True,105.5,4.4,0.0,176.0,,3,17,Password reset request Employee locked out of their account after multiple failed login attempts. Requesting password reset and account unlock.
T20260227.0007,Software license expired for Adobe Acrobat,Adobe Acrobat Pro license has expired for the Marketing department. Three users unable to edit PDFs.,"Hewitt Associates, Inc.",Primary Location,Complete,Low,Email,2.0,"Moore, James",IT:Technician II,IT:Level I,Triage,,,"Hewitt Associates, Inc. - Block Hour",IT:Premium SLA,2026-02-27 03:30:00,"Administrator, Autotask",2026-03-05 16:00:00,2026-03-06 11:00:00,2026-02-27 03:30:00,Procured three Adobe Acrobat Pro renewal licenses through the company's volume licensing agreement. Activated licenses on all three Marketing workstations and confirmed PDF editing functionality restored.,"Moore, James",False,1,2.0,True,156.5,6.52,0.0,175.5,,6,16,Software license expired for Adobe Acrobat Adobe Acrobat Pro license has expired for the Marketing department. Three users unable to edit PDFs.
T20260120.0005,Wi-Fi connectivity issues in conference room B,Staff report intermittent Wi-Fi drops in conference room B during video calls. Signal strength appears weak.,"Hewitt Associates, Inc.",Primary Location,Complete,Medium,Email,2.0,"Miller, Susan",SW:Support II,IT:Level II,Triage,,,"Hewitt Associates, Inc. - Block Hour",IT:Premium SLA,2026-01-20 12:00:00,"Administrator, Autotask",2026-01-29 06:30:00,2026-01-27 15:00:00,2026-01-20 12:00:00,"Performed a wireless site survey and identified signal interference from an adjacent microwave and a neighboring AP on the same channel. Changed the AP channel, increased transmit power, and repositioned the access point. Signal strength improved from -75dBm to -55dBm. Tested with multiple concurrent video calls successfully.","Miller, Susan",False,2,2.0,True,210.5,8.77,0.0,171.0,39.5,7,16,Wi-Fi connectivity issues in conference room B Staff report intermittent Wi-Fi drops in conference room B during video calls. Signal strength appears weak.
T20260107.0003,Keyboard and mouse not responding,User's wireless keyboard and mouse stopped working. New batteries did not fix the issue.,"Hewitt Associates, Inc.",Primary Location,Complete,Medium,Email,2.0,"Anderson, Scott",IT:Service Manager,Triage,IT:Change,,,"Hewitt Associates, Inc. - Block Hour",IT:Premium SLA,2026-01-07 14:30:00,"Administrator, Autotask",2026-01-13 10:30:00,2026-01-15 08:30:00,2026-01-07 14:30:00,"Determined the Logitech Unifying receiver had failed. Replaced the USB receiver, re-paired both the keyboard and mouse, and verified consistent input response. Provided a spare receiver to the user as backup.","Anderson, Scott",False,2,2.0,True,140.0,5.83,0.0,186.0,,5,14,Keyboard and mouse not responding User's wireless keyboard and mouse stopped working. New batteries did not fix the issue.
T20260220.0007,Suspicious phishing email reported,Employee forwarded a suspicious email claiming to be from IT asking for credentials. Needs investigation.,"Hewitt Associates, Inc.",Primary Location,Complete,High,Email,2.0,"Miller, Susan",SW:Support II,Triage,SW:Support,,,"Hewitt Associates, Inc. - Block Hour",IT:Premium SLA,2026-02-20 13:30:00,"Administrator, Autotask",2026-02-23 00:00:00,2026-02-27 16:30:00,2026-02-20 13:30:00,"Confirmed the email as a phishing attempt originating from a spoofed domain. Blocked the sender domain in the email gateway, purged the message from all mailboxes using content search, and submitted the URL to Microsoft for blacklisting. Sent a company-wide phishing awareness reminder.","Miller, Susan",False,3,2.0,True,58.5,2.44,0.0,171.0,,4,15,Suspicious phishing email reported Employee forwarded a suspicious email claiming to be from IT asking for credentials. Needs investigation.
T20260101.0004,Email bouncing back to external clients,Several external clients report emails to our sales team are bouncing back with a 550 error.,"Hewitt Associates, Inc.",Primary Location,Complete,Critical,Email,2.0,"Anderson, Scott",IT:Service Manager,IT:Level I,SW:Change,,,"Hewitt Associates, Inc. - Block Hour",IT:Premium SLA,2026-01-01 19:00:00,"Administrator, Autotask",2026-01-04 04:30:00,2026-01-09 11:00:00,2026-01-01 19:00:00,Identified an expired MX record pointing to a decommissioned mail relay. Updated DNS MX records to point to the current Exchange Online endpoints. Flushed DNS cache on the domain registrar. Confirmed external email delivery restored within 30 minutes.,"Anderson, Scott",False,4,2.0,True,57.5,2.4,0.0,184.0,,6,16,Email bouncing back to external clients Several external clients report emails to our sales team are bouncing back with a 550 error.
T20260116.0007,Request for additional monitor,Department manager requesting a second monitor for their workstation to improve productivity.,"Hewitt Associates, Inc.",Primary Location,Complete,Low,Email,2.0,"Miller, Susan",SW:Support II,IT:Level I,Triage,,,"Hewitt Associates, Inc. - Block Hour",IT:Premium SLA,2026-01-16 21:30:00,"Administrator, Autotask",2026-01-26 08:30:00,2026-01-26 11:00:00,2026-01-16 21:30:00,Deployed a 24-inch Dell monitor from inventory to the user's desk. Connected via DisplayPort through existing docking station. Configured dual-monitor extended display and adjusted resolution settings per user preference.,"Miller, Susan",False,1,2.0,True,227.0,9.46,0.0,229.5,,4,12,Request for additional monitor Department manager requesting a second monitor for their workstation to improve productivity.
T20260302.0004,New employee laptop setup,"New hire starting next Monday needs a laptop configured with standard software suite, email, and VPN access.","Hewitt Associates, Inc.",Primary Location,Complete,Low,Email,2.0,"Miller, Susan",SW:Support II,IT:Level II,SW:Defect,,,"Hewitt Associates, Inc. - Block Hour",IT:Premium SLA,2026-03-02 14:30:00,"Administrator, Autotask",2026-03-05 09:30:00,2026-03-10 08:30:00,2026-03-02 14:30:00,"Configured new Dell Latitude with Windows 11, joined to domain, installed standard software suite (Office 365, Teams, GlobalProtect VPN, Adobe Reader). Set up email profile and verified VPN connectivity. Laptop ready for new hire.","Miller, Susan",False,1,2.0,True,67.0,2.79,0.0,186.0,,4,17,"New employee laptop setup New hire starting next Monday needs a laptop configured with standard software suite, email, and VPN access."
T20251217.0005,Request to install project management software,Project lead requesting installation of Monday.com desktop app on their workstation.,"Hewitt Associates, Inc.",Primary Location,Complete,Low,Email,2.0,"Anderson, Scott",IT:Service Manager,IT:Level I,SW:Internal,,,"Hewitt Associates, Inc. - Block Hour",IT:Premium SLA,2025-12-17 08:30:00,"Administrator, Autotask",2025-12-18 21:00:00,2025-12-24 11:30:00,2025-12-17 08:30:00,"Installed Monday.com desktop application, configured SSO integration with company Azure AD credentials, and verified the user can access their project boards. Added the application to the approved software list.","Anderson, Scott",False,1,2.0,True,36.5,1.52,0.0,171.0,,6,11,Request to install project management software Project lead requesting installation of Monday.com desktop app on their workstation.
T20251216.0002,Windows update causing BSOD,Two workstations experiencing Blue Screen of Death after latest Windows cumulative update was installed.,"Hewitt Associates, Inc.",Primary Location,Complete,Critical,Email,2.0,"Moore, James",IT:Technician II,IT:Level I,IT:Applications,,,"Hewitt Associates, Inc. - Block Hour",IT:Premium SLA,2025-12-16 23:00:00,"Administrator, Autotask",2025-12-26 21:00:00,2025-12-24 11:00:00,2025-12-16 23:00:00,"Identified KB5034441 as the problematic update conflicting with the Symantec endpoint agent. Booted both machines into Safe Mode, uninstalled the update, and added it to the WSUS decline list. Both workstations stable. Coordinated with Symantec support for a compatibility fix before re-deploying the update.","Moore, James",False,4,2.0,True,238.0,9.92,0.0,180.0,58.0,4,14,Windows update causing BSOD Two workstations experiencing Blue Screen of Death after latest Windows cumulative update was installed.
T20260119.0002,VPN connection drops intermittently,"Remote employee experiences frequent VPN disconnections throughout the day, disrupting access to internal resources.","Hewitt Associates, Inc.",Primary Location,Complete,High,Email,2.0,"Anderson, Scott",IT:Service Manager,Triage,IT:Change,,,"Hewitt Associates, Inc. - Block Hour",IT:Premium SLA,2026-01-19 12:00:00,"Administrator, Autotask",2026-01-23 20:00:00,2026-01-26 15:00:00,2026-01-19 12:00:00,"Diagnosed intermittent VPN disconnections to a conflicting network adapter driver. Updated the adapter driver, disabled IPv6 on the VPN tunnel adapter, and adjusted the idle timeout setting in the GlobalProtect client. Verified stable connectivity over a 4-hour remote session with no drops.","Anderson, Scott",False,3,2.0,True,104.0,4.33,0.0,171.0,,4,14,"VPN connection drops intermittently Remote employee experiences frequent VPN disconnections throughout the day, disrupting access to internal resources."
T20251217.0006,Need access to CRM application,Sales rep needs access provisioned to the Salesforce CRM. Manager has approved the request.,"Hewitt Associates, Inc.",Primary Location,Complete,Low,Email,2.0,"Taylor, Mark",IT:Technician II,IT:Level I,IT:Applications,,,"Hewitt Associates, Inc. - Block Hour",IT:Premium SLA,2025-12-17 10:00:00,"Administrator, Autotask",2025-12-22 10:30:00,2025-12-24 13:00:00,2025-12-17 10:00:00,"Provisioned Salesforce CRM access with the Sales Rep profile, added to the appropriate role hierarchy, and configured SSO via Azure AD. Verified the user can log in and access their assigned accounts and opportunities. Sent onboarding guide to the user.","Taylor, Mark",False,1,2.0,True,120.5,5.02,0.0,171.0,,5,14,Need access to CRM application Sales rep needs access provisioned to the Salesforce CRM. Manager has approved the request.
T20260302.0005,Desk phone not receiving calls,User's VoIP desk phone rings but no audio when answered. Other phones on the same switch work fine.,"Hewitt Associates, Inc.",Primary Location,Complete,Medium,Email,2.0,"Taylor, Mark",IT:Technician II,IT:Change Requests,IT:Change,,,"Hewitt Associates, Inc. - Block Hour",IT:Premium SLA,2026-03-02 14:00:00,"Administrator, Autotask",2026-03-08 18:00:00,2026-03-09 17:00:00,2026-03-02 14:00:00,Found the phone's audio codec settings had been reset to a non-supported format after a firmware auto-update. Reconfigured the codec priority to G.711 and rebooted the phone. Two-way audio confirmed working on both internal and external calls.,"Taylor, Mark",False,2,2.0,True,148.0,6.17,0.0,171.0,,5,18,Desk phone not receiving calls User's VoIP desk phone rings but no audio when answered. Other phones on the same switch work fine.
T20251217.0007,Zoom meeting room setup,Need to configure the new conference room TV and camera system for Zoom Rooms integration.,"Hewitt Associates, Inc.",Primary Location,Complete,Low,Email,2.0,"Anderson, Scott",IT:Service Manager,Triage,IT:Change,,,"Hewitt Associates, Inc. - Block Hour",IT:Premium SLA,2025-12-17 10:00:00,"Administrator, Autotask",2025-12-19 20:30:00,2025-12-24 13:00:00,2025-12-17 10:00:00,"Mounted the Logitech Rally camera system, connected to the conference room PC, and configured Zoom Rooms with the company license. Set up one-touch join with the room calendar integration. Tested audio, video, and screen sharing with a remote participant successfully.","Anderson, Scott",False,1,2.0,True,58.5,2.44,0.0,171.0,,4,15,Zoom meeting room setup Need to configure the new conference room TV and camera system for Zoom Rooms integration.
T20251228.0002,Suspicious phishing email reported,Employee forwarded a suspicious email claiming to be from IT asking for credentials. Needs investigation.,"Hewitt Associates, Inc.",Primary Location,Complete,High,Email,2.0,"Moore, James",IT:Technician II,Triage,Triage,,,"Hewitt Associates, Inc. - Block Hour",IT:Premium SLA,2025-12-28 02:00:00,"Administrator, Autotask",2025-12-28 12:30:00,2026-01-05 11:00:00,2025-12-28 02:00:00,"Confirmed the email as a phishing attempt originating from a spoofed domain. Blocked the sender domain in the email gateway, purged the message from all mailboxes using content search, and submitted the URL to Microsoft for blacklisting. Sent a company-wide phishing awareness reminder.","Moore, James",False,3,2.0,True,10.5,0.44,0.0,201.0,,4,15,Suspicious phishing email reported Employee forwarded a suspicious email claiming to be from IT asking for credentials. Needs investigation.
T20260302.0007,Wi-Fi connectivity issues in conference room B,Staff report intermittent Wi-Fi drops in conference room B during video calls. Signal strength appears weak.,"Hewitt Associates, Inc.",Primary Location,Complete,Medium,Email,2.0,"Taylor, Mark",IT:Technician II,Triage,SW:Internal,,,"Hewitt Associates, Inc. - Block Hour",IT:Premium SLA,2026-03-02 05:30:00,"Administrator, Autotask",2026-03-11 09:30:00,2026-03-09 11:00:00,2026-03-02 05:30:00,"Performed a wireless site survey and identified signal interference from an adjacent microwave and a neighboring AP on the same channel. Changed the AP channel, increased transmit power, and repositioned the access point. Signal strength improved from -75dBm to -55dBm. Tested with multiple concurrent video calls successfully.","Taylor, Mark",False,2,2.0,True,220.0,9.17,0.0,173.5,46.5,7,16,Wi-Fi connectivity issues in conference room B Staff report intermittent Wi-Fi drops in conference room B during video calls. Signal strength appears weak.
T20260212.0006,Outlook not syncing emails,User reports Outlook on their workstation is not syncing new emails. Restarting the application did not resolve the issue.,"Hewitt Associates, Inc.",Primary Location,Complete,Medium,Email,2.0,"Anderson, Scott",IT:Service Manager,IT:Level I,SW:Defect,,,"Hewitt Associates, Inc. - Block Hour",IT:Premium SLA,2026-02-12 04:00:00,"Administrator, Autotask",2026-02-15 21:30:00,2026-02-19 11:00:00,2026-02-12 04:00:00,Rebuilt the Outlook profile and cleared the local OST cache. Re-synced the mailbox from Exchange Online. Verified all folders syncing correctly and monitored for 2 hours with no recurrence.,"Anderson, Scott",False,2,2.0,True,89.5,3.73,0.0,175.0,,4,19,Outlook not syncing emails User reports Outlook on their workstation is not syncing new emails. Restarting the application did not resolve the issue.
T20260110.0005,Keyboard and mouse not responding,User's wireless keyboard and mouse stopped working. New batteries did not fix the issue.,"Hewitt Associates, Inc.",Primary Location,Complete,Medium,Email,2.0,"Moore, James",IT:Technician II,IT:Level II,IT:Applications,,,"Hewitt Associates, Inc. - Block Hour",IT:Premium SLA,2026-01-10 00:30:00,"Administrator, Autotask",2026-01-12 20:00:00,2026-01-19 11:00:00,2026-01-10 00:30:00,"Determined the Logitech Unifying receiver had failed. Replaced the USB receiver, re-paired both the keyboard and mouse, and verified consistent input response. Provided a spare receiver to the user as backup.","Moore, James",False,2,2.0,True,67.5,2.81,0.0,226.5,,5,14,Keyboard and mouse not responding User's wireless keyboard and mouse stopped working. New batteries did not fix the issue.
T20260118.0002,Slow computer performance,User's workstation takes over 5 minutes to boot and applications are sluggish. Machine is 4 years old with HDD.,"Hewitt Associates, Inc.",Primary Location,Complete,Medium,Email,2.0,"Anderson, Scott",IT:Service Manager,IT:Change Requests,SW:Change,,,"Hewitt Associates, Inc. - Block Hour",IT:Premium SLA,2026-01-18 20:30:00,"Administrator, Autotask",2026-01-26 05:00:00,2026-01-26 11:00:00,2026-01-18 20:30:00,"Replaced the mechanical HDD with a 500GB SSD, cloned the existing OS image, and increased RAM from 8GB to 16GB. Boot time reduced from 5+ minutes to 35 seconds. User confirmed significant performance improvement across all applications.","Anderson, Scott",False,2,2.0,True,176.5,7.35,0.0,182.5,,3,19,Slow computer performance User's workstation takes over 5 minutes to boot and applications are sluggish. Machine is 4 years old with HDD.
T20251226.0006,Internet speed slow at branch office,Branch office staff reporting significantly slower internet speeds since last week. ISP says no issues on their end.,"Hewitt Associates, Inc.",Primary Location,Complete,High,Email,2.0,"Anderson, Scott",IT:Service Manager,IT:Level I,IT:Change,,,"Hewitt Associates, Inc. - Block Hour",IT:Premium SLA,2025-12-26 03:00:00,"Administrator, Autotask",2026-01-03 22:30:00,2026-01-02 11:00:00,2025-12-26 03:00:00,Traced the issue to a failing WAN interface on the branch firewall showing CRC errors. Replaced the SFP module and patch cable. Speeds returned to the provisioned 500Mbps symmetric. Monitored for 48 hours with no further degradation.,"Anderson, Scott",False,3,2.0,True,211.5,8.81,0.0,176.0,35.5,6,18,Internet speed slow at branch office Branch office staff reporting significantly slower internet speeds since last week. ISP says no issues on their end.
T20251210.0004,QuickBooks not launching after update,QuickBooks Desktop crashes immediately on launch after the latest update was applied overnight.,"Hewitt Associates, Inc.",Primary Location,Complete,Medium,Email,2.0,"Anderson, Scott",IT:Service Manager,IT:Level I,SW:Change,,,"Hewitt Associates, Inc. - Block Hour",IT:Premium SLA,2025-12-10 01:30:00,"Administrator, Autotask",2025-12-19 21:00:00,2025-12-17 11:00:00,2025-12-10 01:30:00,"Rolled back the problematic QuickBooks update (R5 to R4), repaired the company file using the QuickBooks File Doctor tool, and verified the application launches and data integrity is intact. Deferred the update pending a patch from Intuit.","Anderson, Scott",False,2,2.0,True,235.5,9.81,0.0,177.5,58.0,5,13,QuickBooks not launching after update QuickBooks Desktop crashes immediately on launch after the latest update was applied overnight.
T20260208.0007,Printer jamming on 2nd floor,The shared HP LaserJet on the 2nd floor is consistently jamming when printing duplex jobs. Paper tray has been checked.,"Hewitt Associates, Inc.",Primary Location,Complete,Medium,Email,2.0,"Taylor, Mark",IT:Technician II,Triage,IT:Applications,,,"Hewitt Associates, Inc. - Block Hour",IT:Premium SLA,2026-02-08 10:30:00,"Administrator, Autotask",2026-02-14 22:00:00,2026-02-16 11:00:00,2026-02-08 10:30:00,Cleaned the duplex unit rollers and replaced worn pickup rollers. Recalibrated the paper path and ran 50 test duplex prints with no jams. Issue resolved.,"Taylor, Mark",False,2,2.0,True,155.5,6.48,0.0,192.5,,5,20,Printer jamming on 2nd floor The shared HP LaserJet on the 2nd floor is consistently jamming when printing duplex jobs. Paper tray has been checked.
T20260131.0005,File recovery request,User accidentally deleted a folder from the shared drive and needs it restored from backup.,"Hewitt Associates, Inc.",Primary Location,Complete,Medium,Email,2.0,"Anderson, Scott",IT:Service Manager,IT:Level II,SW:Defect,,,"Hewitt Associates, Inc. - Block Hour",IT:Premium SLA,2026-01-31 10:00:00,"Administrator, Autotask",2026-01-31 11:00:00,2026-02-09 11:00:00,2026-01-31 10:00:00,Restored the deleted folder and all contents from the previous night's Veeam backup snapshot. Verified file integrity and permissions match the original. Confirmed with the user that all expected files are present and accessible.,"Anderson, Scott",False,2,2.0,True,1.0,0.04,0.0,217.0,,3,15,File recovery request User accidentally deleted a folder from the shared drive and needs it restored from backup.
T20260205.0006,Backup job failed overnight,Nightly backup job for the file server failed with a timeout error. Last successful backup was 3 days ago.,"Hewitt Associates, Inc.",Primary Location,Complete,Critical,Email,2.0,"Moore, James",IT:Technician II,Triage,IT:Change,,,"Hewitt Associates, Inc. - Block Hour",IT:Premium SLA,2026-02-05 12:00:00,"Administrator, Autotask",2026-02-10 00:30:00,2026-02-12 15:00:00,2026-02-05 12:00:00,"Identified that a runaway database process was locking files during the backup window. Rescheduled the database maintenance job to complete before the backup window. Cleared the stale lock files, restarted the backup agent, and successfully ran a full backup. Verified backup integrity with a test restore.","Moore, James",False,4,2.0,True,108.5,4.52,0.0,171.0,,4,19,Backup job failed overnight Nightly backup job for the file server failed with a timeout error. Last successful backup was 3 days ago.
T20251212.0003,Need access to CRM application,Sales rep needs access provisioned to the Salesforce CRM. Manager has approved the request.,"Hewitt Associates, Inc.",Primary Location,Complete,Low,Email,2.0,"Anderson, Scott",IT:Service Manager,Triage,IT:Hardware,,,"Hewitt Associates, Inc. - Block Hour",IT:Premium SLA,2025-12-12 05:00:00,"Administrator, Autotask",2025-12-18 23:00:00,2025-12-19 11:00:00,2025-12-12 05:00:00,"Provisioned Salesforce CRM access with the Sales Rep profile, added to the appropriate role hierarchy, and configured SSO via Azure AD. Verified the user can log in and access their assigned accounts and opportunities. Sent onboarding guide to the user.","Anderson, Scott",False,1,2.0,True,162.0,6.75,0.0,174.0,,5,14,Need access to CRM application Sales rep needs access provisioned to the Salesforce CRM. Manager has approved the request.
T20260102.0007,Suspicious phishing email reported,Employee forwarded a suspicious email claiming to be from IT asking for credentials. Needs investigation.,"Hewitt Associates, Inc.",Primary Location,Complete,High,Email,2.0,"Taylor, Mark",IT:Technician II,IT:Level II,SW:Internal,,,"Hewitt Associates, Inc. - Block Hour",IT:Premium SLA,2026-01-02 18:30:00,"Administrator, Autotask",2026-01-04 18:30:00,2026-01-12 11:00:00,2026-01-02 18:30:00,"Confirmed the email as a phishing attempt originating from a spoofed domain. Blocked the sender domain in the email gateway, purged the message from all mailboxes using content search, and submitted the URL to Microsoft for blacklisting. Sent a company-wide phishing awareness reminder.","Taylor, Mark",False,3,2.0,True,48.0,2.0,0.0,232.5,,4,15,Suspicious phishing email reported Employee forwarded a suspicious email claiming to be from IT asking for credentials. Needs investigation.
T20251216.0003,Backup job failed overnight,Nightly backup job for the file server failed with a timeout error. Last successful backup was 3 days ago.,"Hewitt Associates, Inc.",Primary Location,Complete,Critical,Email,2.0,"Anderson, Scott",IT:Service Manager,Triage,SW:Change,,,"Hewitt Associates, Inc. - Block Hour",IT:Premium SLA,2025-12-16 06:30:00,"Administrator, Autotask",2025-12-17 21:30:00,2025-12-23 11:00:00,2025-12-16 06:30:00,"Identified that a runaway database process was locking files during the backup window. Rescheduled the database maintenance job to complete before the backup window. Cleared the stale lock files, restarted the backup agent, and successfully ran a full backup. Verified backup integrity with a test restore.","Anderson, Scott",False,4,2.0,True,39.0,1.62,0.0,172.5,,4,19,Backup job failed overnight Nightly backup job for the file server failed with a timeout error. Last successful backup was 3 days ago.
T20251212.0004,Monitor flickering on docking station,User's external monitor flickers when connected via USB-C docking station. Works fine with direct HDMI connection.,"Hewitt Associates, Inc.",Primary Location,Complete,Medium,Email,2.0,"Miller, Susan",SW:Support II,IT:Level II,SW:Change,,,"Hewitt Associates, Inc. - Block Hour",IT:Premium SLA,2025-12-12 07:00:00,"Administrator, Autotask",2025-12-16 09:30:00,2025-12-19 11:00:00,2025-12-12 07:00:00,Updated the docking station firmware from v1.2 to v1.8 and installed the latest DisplayLink driver. Replaced the USB-C cable with a certified Thunderbolt 3 cable. Monitor now displays stable output through the dock.,"Miller, Susan",False,2,2.0,True,98.5,4.1,0.0,172.0,,5,16,Monitor flickering on docking station User's external monitor flickers when connected via USB-C docking station. Works fine with direct HDMI connection.
T20251225.0003,OneDrive sync errors,User getting persistent sync conflict errors in OneDrive. Several files showing duplicate versions.,"Hewitt Associates, Inc.",Primary Location,Complete,Medium,Email,2.0,"Taylor, Mark",IT:Technician II,IT:Level II,IT:Hardware,,,"Hewitt Associates, Inc. - Block Hour",IT:Premium SLA,2025-12-25 03:30:00,"Administrator, Autotask",2025-12-29 04:30:00,2026-01-01 11:00:00,2025-12-25 03:30:00,"Identified sync conflicts caused by files exceeding the 256-character path length limit. Shortened the nested folder structure, resolved the duplicate file versions by keeping the most recent copies, and reset the OneDrive sync client. Sync now running clean with no errors.","Taylor, Mark",False,2,2.0,True,97.0,4.04,0.0,175.5,,3,13,OneDrive sync errors User getting persistent sync conflict errors in OneDrive. Several files showing duplicate versions.
T20251221.0006,Desk phone not receiving calls,User's VoIP desk phone rings but no audio when answered. Other phones on the same switch work fine.,"Hewitt Associates, Inc.",Primary Location,Complete,Medium,Email,2.0,"Moore, James",IT:Technician II,IT:Change Requests,Triage,,,"Hewitt Associates, Inc. - Block Hour",IT:Premium SLA,2025-12-21 14:00:00,"Administrator, Autotask",2025-12-27 20:00:00,2025-12-29 11:00:00,2025-12-21 14:00:00,Found the phone's audio codec settings had been reset to a non-supported format after a firmware auto-update. Reconfigured the codec priority to G.711 and rebooted the phone. Two-way audio confirmed working on both internal and external calls.,"Moore, James",False,2,2.0,True,150.0,6.25,0.0,189.0,,5,18,Desk phone not receiving calls User's VoIP desk phone rings but no audio when answered. Other phones on the same switch work fine.
T20251219.0007,Laptop battery not holding charge,User's Dell laptop battery drains from 100% to 0% in under an hour. Laptop is 2 years old.,"Hewitt Associates, Inc.",Primary Location,Complete,Medium,Email,2.0,"Anderson, Scott",IT:Service Manager,IT:Level I,SW:Defect,,,"Hewitt Associates, Inc. - Block Hour",IT:Premium SLA,2025-12-19 22:30:00,"Administrator, Autotask",2025-12-21 02:00:00,2025-12-29 11:00:00,2025-12-19 22:30:00,Ran Dell battery diagnostics which confirmed the battery health at 12% capacity. Ordered and installed a replacement battery under the ProSupport warranty. New battery holds a full charge for 6+ hours. Calibrated the battery and updated BIOS.,"Anderson, Scott",False,2,2.0,True,27.5,1.15,0.0,228.5,,5,18,Laptop battery not holding charge User's Dell laptop battery drains from 100% to 0% in under an hour. Laptop is 2 years old.
T20251227.0005,New employee laptop setup,"New hire starting next Monday needs a laptop configured with standard software suite, email, and VPN access.","Hewitt Associates, Inc.",Primary Location,Complete,Low,Email,2.0,"Taylor, Mark",IT:Technician II,IT:Level II,SW:Internal,,,"Hewitt Associates, Inc. - Block Hour",IT:Premium SLA,2025-12-27 04:30:00,"Administrator, Autotask",2025-12-30 18:30:00,2026-01-05 11:00:00,2025-12-27 04:30:00,"Configured new Dell Latitude with Windows 11, joined to domain, installed standard software suite (Office 365, Teams, GlobalProtect VPN, Adobe Reader). Set up email profile and verified VPN connectivity. Laptop ready for new hire.","Taylor, Mark",False,1,2.0,True,86.0,3.58,0.0,222.5,,4,17,"New employee laptop setup New hire starting next Monday needs a laptop configured with standard software suite, email, and VPN access."
T20251226.0007,Server room temperature alert,Environmental monitoring system triggered a high-temperature alert in the server room. HVAC may be malfunctioning.,"Hewitt Associates, Inc.",Primary Location,Complete,Critical,Email,2.0,"Miller, Susan",SW:Support II,IT:Level II,SW:Defect,,,"Hewitt Associates, Inc. - Block Hour",IT:Premium SLA,2025-12-26 00:00:00,"Administrator, Autotask",2025-12-30 23:30:00,2026-01-02 11:00:00,2025-12-26 00:00:00,Responded to the alert within 15 minutes. Found the primary CRAC unit had a frozen evaporator coil. Switched to the redundant cooling unit and contacted the HVAC vendor for emergency service. Primary unit repaired and back online within 4 hours. Temperature stabilized at 68掳F.,"Miller, Susan",False,4,2.0,True,119.5,4.98,0.0,179.0,,4,15,Server room temperature alert Environmental monitoring system triggered a high-temperature alert in the server room. HVAC may be malfunctioning.
T20260220.0008,Software license expired for Adobe Acrobat,Adobe Acrobat Pro license has expired for the Marketing department. Three users unable to edit PDFs.,"Hewitt Associates, Inc.",Primary Location,Complete,Low,Email,2.0,"Taylor, Mark",IT:Technician II,IT:Level I,SW:Internal,,,"Hewitt Associates, Inc. - Block Hour",IT:Premium SLA,2026-02-20 05:30:00,"Administrator, Autotask",2026-02-24 21:30:00,2026-02-27 11:00:00,2026-02-20 05:30:00,Procured three Adobe Acrobat Pro renewal licenses through the company's volume licensing agreement. Activated licenses on all three Marketing workstations and confirmed PDF editing functionality restored.,"Taylor, Mark",False,1,2.0,True,112.0,4.67,0.0,173.5,,6,16,Software license expired for Adobe Acrobat Adobe Acrobat Pro license has expired for the Marketing department. Three users unable to edit PDFs.
T20251222.0006,Slow computer performance,User's workstation takes over 5 minutes to boot and applications are sluggish. Machine is 4 years old with HDD.,"Hewitt Associates, Inc.",Primary Location,Complete,Medium,Email,2.0,"Taylor, Mark",IT:Technician II,IT:Level II,SW:Change,,,"Hewitt Associates, Inc. - Block Hour",IT:Premium SLA,2025-12-22 14:00:00,"Administrator, Autotask",2025-12-24 18:30:00,2025-12-29 17:00:00,2025-12-22 14:00:00,"Replaced the mechanical HDD with a 500GB SSD, cloned the existing OS image, and increased RAM from 8GB to 16GB. Boot time reduced from 5+ minutes to 35 seconds. User confirmed significant performance improvement across all applications.","Taylor, Mark",False,2,2.0,True,52.5,2.19,0.0,171.0,,3,19,Slow computer performance User's workstation takes over 5 minutes to boot and applications are sluggish. Machine is 4 years old with HDD.
T20251217.0008,Teams calls have audio echo,Multiple users in the open office area report audio echo issues during Microsoft Teams calls.,"Hewitt Associates, Inc.",Primary Location,Complete,Medium,Email,2.0,"Moore, James",IT:Technician II,IT:Level II,IT:Applications,,,"Hewitt Associates, Inc. - Block Hour",IT:Premium SLA,2025-12-17 11:00:00,"Administrator, Autotask",2025-12-22 02:00:00,2025-12-24 14:00:00,2025-12-17 11:00:00,"Identified that multiple users in close proximity were using laptop speakers instead of headsets, causing audio feedback loops. Distributed USB headsets to affected users and configured Teams audio settings to default to headset output. Echo issues eliminated.","Moore, James",False,2,2.0,True,111.0,4.62,0.0,171.0,,5,15,Teams calls have audio echo Multiple users in the open office area report audio echo issues during Microsoft Teams calls.
T20260127.0005,Internet speed slow at branch office,Branch office staff reporting significantly slower internet speeds since last week. ISP says no issues on their end.,"Hewitt Associates, Inc.",Primary Location,Complete,High,Email,2.0,"Miller, Susan",SW:Support II,IT:Level II,SW:Internal,,,"Hewitt Associates, Inc. - Block Hour",IT:Premium SLA,2026-01-27 10:00:00,"Administrator, Autotask",2026-01-29 00:30:00,2026-02-03 13:00:00,2026-01-27 10:00:00,Traced the issue to a failing WAN interface on the branch firewall showing CRC errors. Replaced the SFP module and patch cable. Speeds returned to the provisioned 500Mbps symmetric. Monitored for 48 hours with no further degradation.,"Miller, Susan",False,3,2.0,True,38.5,1.6,0.0,171.0,,6,18,Internet speed slow at branch office Branch office staff reporting significantly slower internet speeds since last week. ISP says no issues on their end.
T20260106.0004,Windows update causing BSOD,Two workstations experiencing Blue Screen of Death after latest Windows cumulative update was installed.,"Hewitt Associates, Inc.",Primary Location,Complete,Critical,Email,2.0,"Miller, Susan",SW:Support II,IT:Level II,IT:Applications,,,"Hewitt Associates, Inc. - Block Hour",IT:Premium SLA,2026-01-06 15:00:00,"Administrator, Autotask",2026-01-10 03:30:00,2026-01-14 09:00:00,2026-01-06 15:00:00,"Identified KB5034441 as the problematic update conflicting with the Symantec endpoint agent. Booted both machines into Safe Mode, uninstalled the update, and added it to the WSUS decline list. Both workstations stable. Coordinated with Symantec support for a compatibility fix before re-deploying the update.","Miller, Susan",False,4,2.0,True,84.5,3.52,0.0,186.0,,4,14,Windows update causing BSOD Two workstations experiencing Blue Screen of Death after latest Windows cumulative update was installed.
T20260114.0008,File recovery request,User accidentally deleted a folder from the shared drive and needs it restored from backup.,"Hewitt Associates, Inc.",Primary Location,Complete,Medium,Email,2.0,"Taylor, Mark",IT:Technician II,IT:Change Requests,SW:Internal,,,"Hewitt Associates, Inc. - Block Hour",IT:Premium SLA,2026-01-14 07:30:00,"Administrator, Autotask",2026-01-22 03:00:00,2026-01-21 11:00:00,2026-01-14 07:30:00,Restored the deleted folder and all contents from the previous night's Veeam backup snapshot. Verified file integrity and permissions match the original. Confirmed with the user that all expected files are present and accessible.,"Taylor, Mark",False,2,2.0,True,187.5,7.81,0.0,171.5,16.0,3,15,File recovery request User accidentally deleted a folder from the shared drive and needs it restored from backup.
T20251204.0007,Network printer offline,The Ricoh copier/printer in the main office shows offline status for all users. Physical device appears powered on.,"Hewitt Associates, Inc.",Primary Location,Complete,High,Email,2.0,"Taylor, Mark",IT:Technician II,Triage,IT:Applications,,,"Hewitt Associates, Inc. - Block Hour",IT:Premium SLA,2025-12-04 18:00:00,"Administrator, Autotask",2025-12-10 04:30:00,2025-12-12 11:00:00,2025-12-04 18:00:00,"Found the printer had obtained a new DHCP IP address after a network switch reboot. Assigned a static IP reservation in DHCP, updated the printer port configuration on the print server, and redeployed the printer via GPO. All users can now print successfully.","Taylor, Mark",False,3,2.0,True,130.5,5.44,0.0,185.0,,3,18,Network printer offline The Ricoh copier/printer in the main office shows offline status for all users. Physical device appears powered on.
T20260106.0005,Outlook not syncing emails,User reports Outlook on their workstation is not syncing new emails. Restarting the application did not resolve the issue.,"Hewitt Associates, Inc.",Primary Location,Complete,Medium,Email,2.0,"Taylor, Mark",IT:Technician II,IT:Level I,SW:Internal,,,"Hewitt Associates, Inc. - Block Hour",IT:Premium SLA,2026-01-06 03:30:00,"Administrator, Autotask",2026-01-14 09:00:00,2026-01-13 11:00:00,2026-01-06 03:30:00,Rebuilt the Outlook profile and cleared the local OST cache. Re-synced the mailbox from Exchange Online. Verified all folders syncing correctly and monitored for 2 hours with no recurrence.,"Taylor, Mark",False,2,2.0,True,197.5,8.23,0.0,175.5,22.0,4,19,Outlook not syncing emails User reports Outlook on their workstation is not syncing new emails. Restarting the application did not resolve the issue.
T20260117.0004,Server room temperature alert,Environmental monitoring system triggered a high-temperature alert in the server room. HVAC may be malfunctioning.,"Hewitt Associates, Inc.",Primary Location,Complete,Critical,Email,2.0,"Taylor, Mark",IT:Technician II,IT:Change Requests,SW:Internal,,,"Hewitt Associates, Inc. - Block Hour",IT:Premium SLA,2026-01-17 02:30:00,"Administrator, Autotask",2026-01-17 08:30:00,2026-01-26 11:00:00,2026-01-17 02:30:00,Responded to the alert within 15 minutes. Found the primary CRAC unit had a frozen evaporator coil. Switched to the redundant cooling unit and contacted the HVAC vendor for emergency service. Primary unit repaired and back online within 4 hours. Temperature stabilized at 68掳F.,"Taylor, Mark",False,4,2.0,True,6.0,0.25,0.0,224.5,,4,15,Server room temperature alert Environmental monitoring system triggered a high-temperature alert in the server room. HVAC may be malfunctioning.
T20260105.0004,Backup job failed overnight,Nightly backup job for the file server failed with a timeout error. Last successful backup was 3 days ago.,"Hewitt Associates, Inc.",Primary Location,Complete,Critical,Email,2.0,"Miller, Susan",SW:Support II,IT:Change Requests,IT:Hardware,,,"Hewitt Associates, Inc. - Block Hour",IT:Premium SLA,2026-01-05 12:00:00,"Administrator, Autotask",2026-01-09 23:30:00,2026-01-12 15:00:00,2026-01-05 12:00:00,"Identified that a runaway database process was locking files during the backup window. Rescheduled the database maintenance job to complete before the backup window. Cleared the stale lock files, restarted the backup agent, and successfully ran a full backup. Verified backup integrity with a test restore.","Miller, Susan",False,4,2.0,True,107.5,4.48,0.0,171.0,,4,19,Backup job failed overnight Nightly backup job for the file server failed with a timeout error. Last successful backup was 3 days ago.
T20260220.0010,VPN connection drops intermittently,"Remote employee experiences frequent VPN disconnections throughout the day, disrupting access to internal resources.","Hewitt Associates, Inc.",Primary Location,Complete,High,Email,2.0,"Anderson, Scott",IT:Service Manager,IT:Change Requests,SW:Change,,,"Hewitt Associates, Inc. - Block Hour",IT:Premium SLA,2026-02-20 22:00:00,"Administrator, Autotask",2026-02-25 04:00:00,2026-03-02 11:00:00,2026-02-20 22:00:00,"Diagnosed intermittent VPN disconnections to a conflicting network adapter driver. Updated the adapter driver, disabled IPv6 on the VPN tunnel adapter, and adjusted the idle timeout setting in the GlobalProtect client. Verified stable connectivity over a 4-hour remote session with no drops.","Anderson, Scott",False,3,2.0,True,102.0,4.25,0.0,229.0,,4,14,"VPN connection drops intermittently Remote employee experiences frequent VPN disconnections throughout the day, disrupting access to internal resources."
T20251231.0005,Desk phone not receiving calls,User's VoIP desk phone rings but no audio when answered. Other phones on the same switch work fine.,"Hewitt Associates, Inc.",Primary Location,Complete,Medium,Email,2.0,"Moore, James",IT:Technician II,IT:Level I,Triage,,,"Hewitt Associates, Inc. - Block Hour",IT:Premium SLA,2025-12-31 02:00:00,"Administrator, Autotask",2026-01-08 17:30:00,2026-01-07 11:00:00,2025-12-31 02:00:00,Found the phone's audio codec settings had been reset to a non-supported format after a firmware auto-update. Reconfigured the codec priority to G.711 and rebooted the phone. Two-way audio confirmed working on both internal and external calls.,"Moore, James",False,2,2.0,True,207.5,8.65,0.0,177.0,30.5,5,18,Desk phone not receiving calls User's VoIP desk phone rings but no audio when answered. Other phones on the same switch work fine.
T20251223.0001,Password reset request,Employee locked out of their account after multiple failed login attempts. Requesting password reset and account unlock.,"Hewitt Associates, Inc.",Primary Location,Complete,Low,Email,2.0,"Taylor, Mark",IT:Technician II,IT:Level I,IT:Change,,,"Hewitt Associates, Inc. - Block Hour",IT:Premium SLA,2025-12-23 06:30:00,"Administrator, Autotask",2026-01-02 02:00:00,2025-12-30 11:00:00,2025-12-23 06:30:00,"Unlocked the AD account, reset the password, and required a password change at next login. Verified the user could sign in successfully to their workstation and email. Reminded user of the self-service password reset portal.","Taylor, Mark",False,1,2.0,True,235.5,9.81,0.0,172.5,63.0,3,17,Password reset request Employee locked out of their account after multiple failed login attempts. Requesting password reset and account unlock.
T20260215.0004,Suspicious phishing email reported,Employee forwarded a suspicious email claiming to be from IT asking for credentials. Needs investigation.,"Hewitt Associates, Inc.",Primary Location,Complete,High,Email,2.0,"Miller, Susan",SW:Support II,IT:Level II,IT:Applications,,,"Hewitt Associates, Inc. - Block Hour",IT:Premium SLA,2026-02-15 20:00:00,"Administrator, Autotask",2026-02-16 20:30:00,2026-02-23 11:00:00,2026-02-15 20:00:00,"Confirmed the email as a phishing attempt originating from a spoofed domain. Blocked the sender domain in the email gateway, purged the message from all mailboxes using content search, and submitted the URL to Microsoft for blacklisting. Sent a company-wide phishing awareness reminder.","Miller, Susan",False,3,2.0,True,24.5,1.02,0.0,183.0,,4,15,Suspicious phishing email reported Employee forwarded a suspicious email claiming to be from IT asking for credentials. Needs investigation.
T20260101.0005,Backup job failed overnight,Nightly backup job for the file server failed with a timeout error. Last successful backup was 3 days ago.,"Hewitt Associates, Inc.",Primary Location,Complete,Critical,Email,2.0,"Anderson, Scott",IT:Service Manager,IT:Change Requests,IT:Hardware,,,"Hewitt Associates, Inc. - Block Hour",IT:Premium SLA,2026-01-01 02:00:00,"Administrator, Autotask",2026-01-10 23:30:00,2026-01-08 11:00:00,2026-01-01 02:00:00,"Identified that a runaway database process was locking files during the backup window. Rescheduled the database maintenance job to complete before the backup window. Cleared the stale lock files, restarted the backup agent, and successfully ran a full backup. Verified backup integrity with a test restore.","Anderson, Scott",False,4,2.0,True,237.5,9.9,0.0,177.0,60.5,4,19,Backup job failed overnight Nightly backup job for the file server failed with a timeout error. Last successful backup was 3 days ago.
T20260221.0005,Internet speed slow at branch office,Branch office staff reporting significantly slower internet speeds since last week. ISP says no issues on their end.,"Hewitt Associates, Inc.",Primary Location,Complete,High,Email,2.0,"Moore, James",IT:Technician II,IT:Level II,IT:Applications,,,"Hewitt Associates, Inc. - Block Hour",IT:Premium SLA,2026-02-21 01:30:00,"Administrator, Autotask",2026-02-23 22:00:00,2026-03-02 11:00:00,2026-02-21 01:30:00,Traced the issue to a failing WAN interface on the branch firewall showing CRC errors. Replaced the SFP module and patch cable. Speeds returned to the provisioned 500Mbps symmetric. Monitored for 48 hours with no further degradation.,"Moore, James",False,3,2.0,True,68.5,2.85,0.0,225.5,,6,18,Internet speed slow at branch office Branch office staff reporting significantly slower internet speeds since last week. ISP says no issues on their end.
T20251222.0007,Software license expired for Adobe Acrobat,Adobe Acrobat Pro license has expired for the Marketing department. Three users unable to edit PDFs.,"Hewitt Associates, Inc.",Primary Location,Complete,Low,Email,2.0,"Anderson, Scott",IT:Service Manager,Triage,IT:Change,,,"Hewitt Associates, Inc. - Block Hour",IT:Premium SLA,2025-12-22 12:00:00,"Administrator, Autotask",2025-12-31 14:00:00,2025-12-29 15:00:00,2025-12-22 12:00:00,Procured three Adobe Acrobat Pro renewal licenses through the company's volume licensing agreement. Activated licenses on all three Marketing workstations and confirmed PDF editing functionality restored.,"Anderson, Scott",False,1,2.0,True,218.0,9.08,0.0,171.0,47.0,6,16,Software license expired for Adobe Acrobat Adobe Acrobat Pro license has expired for the Marketing department. Three users unable to edit PDFs.
T20260112.0001,Laptop battery not holding charge,User's Dell laptop battery drains from 100% to 0% in under an hour. Laptop is 2 years old.,"Hewitt Associates, Inc.",Primary Location,Complete,Medium,Email,2.0,"Anderson, Scott",IT:Service Manager,IT:Level II,Triage,,,"Hewitt Associates, Inc. - Block Hour",IT:Premium SLA,2026-01-12 21:00:00,"Administrator, Autotask",2026-01-21 17:00:00,2026-01-20 11:00:00,2026-01-12 21:00:00,Ran Dell battery diagnostics which confirmed the battery health at 12% capacity. Ordered and installed a replacement battery under the ProSupport warranty. New battery holds a full charge for 6+ hours. Calibrated the battery and updated BIOS.,"Anderson, Scott",False,2,2.0,True,212.0,8.83,0.0,182.0,30.0,5,18,Laptop battery not holding charge User's Dell laptop battery drains from 100% to 0% in under an hour. Laptop is 2 years old.
T20260212.0007,Need access to CRM application,Sales rep needs access provisioned to the Salesforce CRM. Manager has approved the request.,"Hewitt Associates, Inc.",Primary Location,Complete,Low,Email,2.0,"Anderson, Scott",IT:Service Manager,Triage,SW:Defect,,,"Hewitt Associates, Inc. - Block Hour",IT:Premium SLA,2026-02-12 22:00:00,"Administrator, Autotask",2026-02-22 21:00:00,2026-02-20 11:00:00,2026-02-12 22:00:00,"Provisioned Salesforce CRM access with the Sales Rep profile, added to the appropriate role hierarchy, and configured SSO via Azure AD. Verified the user can log in and access their assigned accounts and opportunities. Sent onboarding guide to the user.","Anderson, Scott",False,1,2.0,True,239.0,9.96,0.0,181.0,58.0,5,14,Need access to CRM application Sales rep needs access provisioned to the Salesforce CRM. Manager has approved the request.
T20260119.0004,Slow computer performance,User's workstation takes over 5 minutes to boot and applications are sluggish. Machine is 4 years old with HDD.,"Hewitt Associates, Inc.",Primary Location,Complete,Medium,Email,2.0,"Anderson, Scott",IT:Service Manager,IT:Level II,SW:Defect,,,"Hewitt Associates, Inc. - Block Hour",IT:Premium SLA,2026-01-19 03:30:00,"Administrator, Autotask",2026-01-28 10:00:00,2026-01-26 11:00:00,2026-01-19 03:30:00,"Replaced the mechanical HDD with a 500GB SSD, cloned the existing OS image, and increased RAM from 8GB to 16GB. Boot time reduced from 5+ minutes to 35 seconds. User confirmed significant performance improvement across all applications.","Anderson, Scott",False,2,2.0,True,222.5,9.27,0.0,175.5,47.0,3,19,Slow computer performance User's workstation takes over 5 minutes to boot and applications are sluggish. Machine is 4 years old with HDD.
T20260223.0006,Request for additional monitor,Department manager requesting a second monitor for their workstation to improve productivity.,"Hewitt Associates, Inc.",Primary Location,Complete,Low,Email,2.0,"Taylor, Mark",IT:Technician II,IT:Change Requests,IT:Applications,,,"Hewitt Associates, Inc. - Block Hour",IT:Premium SLA,2026-02-23 04:30:00,"Administrator, Autotask",2026-02-24 07:00:00,2026-03-02 11:00:00,2026-02-23 04:30:00,Deployed a 24-inch Dell monitor from inventory to the user's desk. Connected via DisplayPort through existing docking station. Configured dual-monitor extended display and adjusted resolution settings per user preference.,"Taylor, Mark",False,1,2.0,True,26.5,1.1,0.0,174.5,,4,12,Request for additional monitor Department manager requesting a second monitor for their workstation to improve productivity.
T20260118.0003,Zoom meeting room setup,Need to configure the new conference room TV and camera system for Zoom Rooms integration.,"Hewitt Associates, Inc.",Primary Location,Complete,Low,Email,2.0,"Anderson, Scott",IT:Service Manager,IT:Level II,SW:Change,,,"Hewitt Associates, Inc. - Block Hour",IT:Premium SLA,2026-01-18 04:00:00,"Administrator, Autotask",2026-01-27 22:30:00,2026-01-26 11:00:00,2026-01-18 04:00:00,"Mounted the Logitech Rally camera system, connected to the conference room PC, and configured Zoom Rooms with the company license. Set up one-touch join with the room calendar integration. Tested audio, video, and screen sharing with a remote participant successfully.","Anderson, Scott",False,1,2.0,True,234.5,9.77,0.0,199.0,35.5,4,15,Zoom meeting room setup Need to configure the new conference room TV and camera system for Zoom Rooms integration.
T20251230.0004,Printer jamming on 2nd floor,The shared HP LaserJet on the 2nd floor is consistently jamming when printing duplex jobs. Paper tray has been checked.,"Hewitt Associates, Inc.",Primary Location,Complete,Medium,Email,2.0,"Taylor, Mark",IT:Technician II,IT:Change Requests,IT:Change,,,"Hewitt Associates, Inc. - Block Hour",IT:Premium SLA,2025-12-30 00:00:00,"Administrator, Autotask",2026-01-06 19:30:00,2026-01-06 11:00:00,2025-12-30 00:00:00,Cleaned the duplex unit rollers and replaced worn pickup rollers. Recalibrated the paper path and ran 50 test duplex prints with no jams. Issue resolved.,"Taylor, Mark",False,2,2.0,True,187.5,7.81,0.0,179.0,8.5,5,20,Printer jamming on 2nd floor The shared HP LaserJet on the 2nd floor is consistently jamming when printing duplex jobs. Paper tray has been checked.
T20260101.0006,Server room temperature alert,Environmental monitoring system triggered a high-temperature alert in the server room. HVAC may be malfunctioning.,"Hewitt Associates, Inc.",Primary Location,Complete,Critical,Email,2.0,"Moore, James",IT:Technician II,IT:Level II,IT:Hardware,,,"Hewitt Associates, Inc. - Block Hour",IT:Premium SLA,2026-01-01 12:00:00,"Administrator, Autotask",2026-01-10 15:30:00,2026-01-08 15:00:00,2026-01-01 12:00:00,Responded to the alert within 15 minutes. Found the primary CRAC unit had a frozen evaporator coil. Switched to the redundant cooling unit and contacted the HVAC vendor for emergency service. Primary unit repaired and back online within 4 hours. Temperature stabilized at 68掳F.,"Moore, James",False,4,2.0,True,219.5,9.15,0.0,171.0,48.5,4,15,Server room temperature alert Environmental monitoring system triggered a high-temperature alert in the server room. HVAC may be malfunctioning.
T20260202.0005,MFA not working on mobile device,User replaced their phone and can no longer receive MFA push notifications. Needs MFA token re-enrolled.,"Hewitt Associates, Inc.",Primary Location,Complete,High,Email,2.0,"Taylor, Mark",IT:Technician II,IT:Level I,SW:Support,,,"Hewitt Associates, Inc. - Block Hour",IT:Premium SLA,2026-02-02 00:00:00,"Administrator, Autotask",2026-02-05 17:00:00,2026-02-09 11:00:00,2026-02-02 00:00:00,"Revoked the old MFA token in Azure AD, re-enrolled the user's new device with Microsoft Authenticator, and verified push notifications working. Confirmed successful MFA login from both mobile and desktop.","Taylor, Mark",False,3,2.0,True,89.0,3.71,0.0,179.0,,6,16,MFA not working on mobile device User replaced their phone and can no longer receive MFA push notifications. Needs MFA token re-enrolled.
T20260225.0002,Wi-Fi connectivity issues in conference room B,Staff report intermittent Wi-Fi drops in conference room B during video calls. Signal strength appears weak.,"Hewitt Associates, Inc.",Primary Location,Complete,Medium,Email,2.0,"Taylor, Mark",IT:Technician II,Triage,Triage,,,"Hewitt Associates, Inc. - Block Hour",IT:Premium SLA,2026-02-25 19:00:00,"Administrator, Autotask",2026-03-03 16:00:00,2026-03-05 11:00:00,2026-02-25 19:00:00,"Performed a wireless site survey and identified signal interference from an adjacent microwave and a neighboring AP on the same channel. Changed the AP channel, increased transmit power, and repositioned the access point. Signal strength improved from -75dBm to -55dBm. Tested with multiple concurrent video calls successfully.","Taylor, Mark",False,2,2.0,True,141.0,5.88,0.0,184.0,,7,16,Wi-Fi connectivity issues in conference room B Staff report intermittent Wi-Fi drops in conference room B during video calls. Signal strength appears weak.
T20260117.0005,Request to install project management software,Project lead requesting installation of Monday.com desktop app on their workstation.,"Hewitt Associates, Inc.",Primary Location,Complete,Low,Email,2.0,"Moore, James",IT:Technician II,Triage,SW:Support,,,"Hewitt Associates, Inc. - Block Hour",IT:Premium SLA,2026-01-17 09:00:00,"Administrator, Autotask",2026-01-23 17:00:00,2026-01-26 11:00:00,2026-01-17 09:00:00,"Installed Monday.com desktop application, configured SSO integration with company Azure AD credentials, and verified the user can access their project boards. Added the application to the approved software list.","Moore, James",False,1,2.0,True,152.0,6.33,0.0,218.0,,6,11,Request to install project management software Project lead requesting installation of Monday.com desktop app on their workstation.
T20251229.0006,Monitor flickering on docking station,User's external monitor flickers when connected via USB-C docking station. Works fine with direct HDMI connection.,"Hewitt Associates, Inc.",Primary Location,Complete,Medium,Email,2.0,"Miller, Susan",SW:Support II,Triage,SW:Support,,,"Hewitt Associates, Inc. - Block Hour",IT:Premium SLA,2025-12-29 20:00:00,"Administrator, Autotask",2026-01-07 10:00:00,2026-01-06 11:00:00,2025-12-29 20:00:00,Updated the docking station firmware from v1.2 to v1.8 and installed the latest DisplayLink driver. Replaced the USB-C cable with a certified Thunderbolt 3 cable. Monitor now displays stable output through the dock.,"Miller, Susan",False,2,2.0,True,206.0,8.58,0.0,183.0,23.0,5,16,Monitor flickering on docking station User's external monitor flickers when connected via USB-C docking station. Works fine with direct HDMI connection.
T20260101.0007,Network printer offline,The Ricoh copier/printer in the main office shows offline status for all users. Physical device appears powered on.,"Hewitt Associates, Inc.",Primary Location,Complete,High,Email,2.0,"Anderson, Scott",IT:Service Manager,IT:Level I,SW:Support,,,"Hewitt Associates, Inc. - Block Hour",IT:Premium SLA,2026-01-01 09:30:00,"Administrator, Autotask",2026-01-06 12:00:00,2026-01-08 12:30:00,2026-01-01 09:30:00,"Found the printer had obtained a new DHCP IP address after a network switch reboot. Assigned a static IP reservation in DHCP, updated the printer port configuration on the print server, and redeployed the printer via GPO. All users can now print successfully.","Anderson, Scott",False,3,2.0,True,122.5,5.1,0.0,171.0,,3,18,Network printer offline The Ricoh copier/printer in the main office shows offline status for all users. Physical device appears powered on.
T20260207.0006,Shared drive access denied,User in Accounting cannot access the shared S: drive. Permissions appear correct in AD but access is still denied.,"Hewitt Associates, Inc.",Primary Location,Complete,Medium,Email,2.0,"Moore, James",IT:Technician II,Triage,SW:Support,,,"Hewitt Associates, Inc. - Block Hour",IT:Premium SLA,2026-02-07 02:30:00,"Administrator, Autotask",2026-02-14 00:00:00,2026-02-16 11:00:00,2026-02-07 02:30:00,"Identified a stale cached credential causing the access denial. Cleared the Windows Credential Manager entries for the file server, remapped the S: drive, and verified full read/write access to the Accounting share.","Moore, James",False,2,2.0,True,165.5,6.9,0.0,224.5,,4,19,Shared drive access denied User in Accounting cannot access the shared S: drive. Permissions appear correct in AD but access is still denied.
T20251204.0008,Backup job failed overnight,Nightly backup job for the file server failed with a timeout error. Last successful backup was 3 days ago.,"Hewitt Associates, Inc.",Primary Location,Complete,Critical,Email,2.0,"Anderson, Scott",IT:Service Manager,IT:Level II,SW:Change,,,"Hewitt Associates, Inc. - Block Hour",IT:Premium SLA,2025-12-04 10:30:00,"Administrator, Autotask",2025-12-12 06:30:00,2025-12-11 13:30:00,2025-12-04 10:30:00,"Identified that a runaway database process was locking files during the backup window. Rescheduled the database maintenance job to complete before the backup window. Cleared the stale lock files, restarted the backup agent, and successfully ran a full backup. Verified backup integrity with a test restore.","Anderson, Scott",False,4,2.0,True,188.0,7.83,0.0,171.0,17.0,4,19,Backup job failed overnight Nightly backup job for the file server failed with a timeout error. Last successful backup was 3 days ago.
T20260131.0006,Teams calls have audio echo,Multiple users in the open office area report audio echo issues during Microsoft Teams calls.,"Hewitt Associates, Inc.",Primary Location,Complete,Medium,Email,2.0,"Taylor, Mark",IT:Technician II,IT:Level I,Triage,,,"Hewitt Associates, Inc. - Block Hour",IT:Premium SLA,2026-01-31 09:30:00,"Administrator, Autotask",2026-02-08 12:00:00,2026-02-09 11:00:00,2026-01-31 09:30:00,"Identified that multiple users in close proximity were using laptop speakers instead of headsets, causing audio feedback loops. Distributed USB headsets to affected users and configured Teams audio settings to default to headset output. Echo issues eliminated.","Taylor, Mark",False,2,2.0,True,194.5,8.1,0.0,217.5,,5,15,Teams calls have audio echo Multiple users in the open office area report audio echo issues during Microsoft Teams calls.
T20260201.0004,Laptop battery not holding charge,User's Dell laptop battery drains from 100% to 0% in under an hour. Laptop is 2 years old.,"Hewitt Associates, Inc.",Primary Location,Complete,Medium,Email,2.0,"Anderson, Scott",IT:Service Manager,IT:Level II,SW:Change,,,"Hewitt Associates, Inc. - Block Hour",IT:Premium SLA,2026-02-01 15:30:00,"Administrator, Autotask",2026-02-04 11:00:00,2026-02-09 11:00:00,2026-02-01 15:30:00,Ran Dell battery diagnostics which confirmed the battery health at 12% capacity. Ordered and installed a replacement battery under the ProSupport warranty. New battery holds a full charge for 6+ hours. Calibrated the battery and updated BIOS.,"Anderson, Scott",False,2,2.0,True,67.5,2.81,0.0,187.5,,5,18,Laptop battery not holding charge User's Dell laptop battery drains from 100% to 0% in under an hour. Laptop is 2 years old.
T20260223.0007,Request for additional monitor,Department manager requesting a second monitor for their workstation to improve productivity.,"Hewitt Associates, Inc.",Primary Location,Complete,Low,Email,2.0,"Anderson, Scott",IT:Service Manager,IT:Change Requests,SW:Defect,,,"Hewitt Associates, Inc. - Block Hour",IT:Premium SLA,2026-02-23 22:00:00,"Administrator, Autotask",2026-02-28 06:00:00,2026-03-03 11:00:00,2026-02-23 22:00:00,Deployed a 24-inch Dell monitor from inventory to the user's desk. Connected via DisplayPort through existing docking station. Configured dual-monitor extended display and adjusted resolution settings per user preference.,"Anderson, Scott",False,1,2.0,True,104.0,4.33,0.0,181.0,,4,12,Request for additional monitor Department manager requesting a second monitor for their workstation to improve productivity.
T20260227.0008,New user account creation,"HR requests new Active Directory account, email, and standard group memberships for incoming Accounting associate.","Hewitt Associates, Inc.",Primary Location,Complete,Low,Email,2.0,"Miller, Susan",SW:Support II,IT:Change Requests,SW:Internal,,,"Hewitt Associates, Inc. - Block Hour",IT:Premium SLA,2026-02-27 23:00:00,"Administrator, Autotask",2026-03-04 18:00:00,2026-03-09 11:00:00,2026-02-27 23:00:00,"Created AD account with standard naming convention, added to Accounting security and distribution groups, provisioned Exchange Online mailbox, and configured OneDrive. Sent welcome credentials to the hiring manager via secure channel.","Miller, Susan",False,1,2.0,True,115.0,4.79,0.0,228.0,,4,15,"New user account creation HR requests new Active Directory account, email, and standard group memberships for incoming Accounting associate."
T20251208.0004,Monitor flickering on docking station,User's external monitor flickers when connected via USB-C docking station. Works fine with direct HDMI connection.,"Hewitt Associates, Inc.",Primary Location,Complete,Medium,Email,2.0,"Anderson, Scott",IT:Service Manager,IT:Change Requests,SW:Support,,,"Hewitt Associates, Inc. - Block Hour",IT:Premium SLA,2025-12-08 08:30:00,"Administrator, Autotask",2025-12-10 20:30:00,2025-12-15 11:30:00,2025-12-08 08:30:00,Updated the docking station firmware from v1.2 to v1.8 and installed the latest DisplayLink driver. Replaced the USB-C cable with a certified Thunderbolt 3 cable. Monitor now displays stable output through the dock.,"Anderson, Scott",False,2,2.0,True,60.0,2.5,0.0,171.0,,5,16,Monitor flickering on docking station User's external monitor flickers when connected via USB-C docking station. Works fine with direct HDMI connection.
T20251227.0006,Software license expired for Adobe Acrobat,Adobe Acrobat Pro license has expired for the Marketing department. Three users unable to edit PDFs.,"Hewitt Associates, Inc.",Primary Location,Complete,Low,Email,2.0,"Taylor, Mark",IT:Technician II,IT:Level I,SW:Internal,,,"Hewitt Associates, Inc. - Block Hour",IT:Premium SLA,2025-12-27 22:30:00,"Administrator, Autotask",2026-01-05 19:00:00,2026-01-05 11:00:00,2025-12-27 22:30:00,Procured three Adobe Acrobat Pro renewal licenses through the company's volume licensing agreement. Activated licenses on all three Marketing workstations and confirmed PDF editing functionality restored.,"Taylor, Mark",False,1,2.0,True,212.5,8.85,0.0,204.5,8.0,6,16,Software license expired for Adobe Acrobat Adobe Acrobat Pro license has expired for the Marketing department. Three users unable to edit PDFs.
T20251211.0001,Wi-Fi connectivity issues in conference room B,Staff report intermittent Wi-Fi drops in conference room B during video calls. Signal strength appears weak.,"Hewitt Associates, Inc.",Primary Location,Complete,Medium,Email,2.0,"Taylor, Mark",IT:Technician II,IT:Change Requests,IT:Hardware,,,"Hewitt Associates, Inc. - Block Hour",IT:Premium SLA,2025-12-11 07:30:00,"Administrator, Autotask",2025-12-13 14:30:00,2025-12-18 11:00:00,2025-12-11 07:30:00,"Performed a wireless site survey and identified signal interference from an adjacent microwave and a neighboring AP on the same channel. Changed the AP channel, increased transmit power, and repositioned the access point. Signal strength improved from -75dBm to -55dBm. Tested with multiple concurrent video calls successfully.","Taylor, Mark",False,2,2.0,True,55.0,2.29,0.0,171.5,,7,16,Wi-Fi connectivity issues in conference room B Staff report intermittent Wi-Fi drops in conference room B during video calls. Signal strength appears weak.
T20260205.0007,Printer jamming on 2nd floor,The shared HP LaserJet on the 2nd floor is consistently jamming when printing duplex jobs. Paper tray has been checked.,"Hewitt Associates, Inc.",Primary Location,Complete,Medium,Email,2.0,"Moore, James",IT:Technician II,Triage,SW:Change,,,"Hewitt Associates, Inc. - Block Hour",IT:Premium SLA,2026-02-05 16:00:00,"Administrator, Autotask",2026-02-05 16:00:00,2026-02-13 10:00:00,2026-02-05 16:00:00,Cleaned the duplex unit rollers and replaced worn pickup rollers. Recalibrated the paper path and ran 50 test duplex prints with no jams. Issue resolved.,"Moore, James",False,2,2.0,True,0.0,0.0,0.0,186.0,,5,20,Printer jamming on 2nd floor The shared HP LaserJet on the 2nd floor is consistently jamming when printing duplex jobs. Paper tray has been checked.
T20260118.0004,Slow computer performance,User's workstation takes over 5 minutes to boot and applications are sluggish. Machine is 4 years old with HDD.,"Hewitt Associates, Inc.",Primary Location,Complete,Medium,Email,2.0,"Taylor, Mark",IT:Technician II,IT:Level II,IT:Applications,,,"Hewitt Associates, Inc. - Block Hour",IT:Premium SLA,2026-01-18 21:30:00,"Administrator, Autotask",2026-01-18 22:30:00,2026-01-26 11:00:00,2026-01-18 21:30:00,"Replaced the mechanical HDD with a 500GB SSD, cloned the existing OS image, and increased RAM from 8GB to 16GB. Boot time reduced from 5+ minutes to 35 seconds. User confirmed significant performance improvement across all applications.","Taylor, Mark",False,2,2.0,True,1.0,0.04,0.0,181.5,,3,19,Slow computer performance User's workstation takes over 5 minutes to boot and applications are sluggish. Machine is 4 years old with HDD.
T20251205.0006,Printer jamming on 2nd floor,The shared HP LaserJet on the 2nd floor is consistently jamming when printing duplex jobs. Paper tray has been checked.,"Hewitt Associates, Inc.",Primary Location,Complete,Medium,Email,2.0,"Taylor, Mark",IT:Technician II,IT:Change Requests,Triage,,,"Hewitt Associates, Inc. - Block Hour",IT:Premium SLA,2025-12-05 09:30:00,"Administrator, Autotask",2025-12-06 00:00:00,2025-12-12 12:30:00,2025-12-05 09:30:00,Cleaned the duplex unit rollers and replaced worn pickup rollers. Recalibrated the paper path and ran 50 test duplex prints with no jams. Issue resolved.,"Taylor, Mark",False,2,2.0,True,14.5,0.6,0.0,171.0,,5,20,Printer jamming on 2nd floor The shared HP LaserJet on the 2nd floor is consistently jamming when printing duplex jobs. Paper tray has been checked.
T20260113.0008,MFA not working on mobile device,User replaced their phone and can no longer receive MFA push notifications. Needs MFA token re-enrolled.,"Hewitt Associates, Inc.",Primary Location,Complete,High,Email,2.0,"Anderson, Scott",IT:Service Manager,IT:Level I,SW:Defect,,,"Hewitt Associates, Inc. - Block Hour",IT:Premium SLA,2026-01-13 05:00:00,"Administrator, Autotask",2026-01-18 18:00:00,2026-01-20 11:00:00,2026-01-13 05:00:00,"Revoked the old MFA token in Azure AD, re-enrolled the user's new device with Microsoft Authenticator, and verified push notifications working. Confirmed successful MFA login from both mobile and desktop.","Anderson, Scott",False,3,2.0,True,133.0,5.54,0.0,174.0,,6,16,MFA not working on mobile device User replaced their phone and can no longer receive MFA push notifications. Needs MFA token re-enrolled.
T20251230.0005,Laptop battery not holding charge,User's Dell laptop battery drains from 100% to 0% in under an hour. Laptop is 2 years old.,"Hewitt Associates, Inc.",Primary Location,Complete,Medium,Email,2.0,"Miller, Susan",SW:Support II,IT:Level II,SW:Internal,,,"Hewitt Associates, Inc. - Block Hour",IT:Premium SLA,2025-12-30 01:00:00,"Administrator, Autotask",2026-01-07 04:00:00,2026-01-06 11:00:00,2025-12-30 01:00:00,Ran Dell battery diagnostics which confirmed the battery health at 12% capacity. Ordered and installed a replacement battery under the ProSupport warranty. New battery holds a full charge for 6+ hours. Calibrated the battery and updated BIOS.,"Miller, Susan",False,2,2.0,True,195.0,8.12,0.0,178.0,17.0,5,18,Laptop battery not holding charge User's Dell laptop battery drains from 100% to 0% in under an hour. Laptop is 2 years old.
T20260102.0008,QuickBooks not launching after update,QuickBooks Desktop crashes immediately on launch after the latest update was applied overnight.,"Hewitt Associates, Inc.",Primary Location,Complete,Medium,Email,2.0,"Miller, Susan",SW:Support II,IT:Change Requests,IT:Hardware,,,"Hewitt Associates, Inc. - Block Hour",IT:Premium SLA,2026-01-02 03:30:00,"Administrator, Autotask",2026-01-05 07:30:00,2026-01-09 11:00:00,2026-01-02 03:30:00,"Rolled back the problematic QuickBooks update (R5 to R4), repaired the company file using the QuickBooks File Doctor tool, and verified the application launches and data integrity is intact. Deferred the update pending a patch from Intuit.","Miller, Susan",False,2,2.0,True,76.0,3.17,0.0,175.5,,5,13,QuickBooks not launching after update QuickBooks Desktop crashes immediately on launch after the latest update was applied overnight.
T20251204.0009,Shared drive access denied,User in Accounting cannot access the shared S: drive. Permissions appear correct in AD but access is still denied.,"Hewitt Associates, Inc.",Primary Location,Complete,Medium,Email,2.0,"Moore, James",IT:Technician II,IT:Level II,Triage,,,"Hewitt Associates, Inc. - Block Hour",IT:Premium SLA,2025-12-04 16:00:00,"Administrator, Autotask",2025-12-12 16:30:00,2025-12-12 10:00:00,2025-12-04 16:00:00,"Identified a stale cached credential causing the access denial. Cleared the Windows Credential Manager entries for the file server, remapped the S: drive, and verified full read/write access to the Accounting share.","Moore, James",False,2,2.0,True,192.5,8.02,0.0,186.0,6.5,4,19,Shared drive access denied User in Accounting cannot access the shared S: drive. Permissions appear correct in AD but access is still denied.
T20260108.0003,Windows update causing BSOD,Two workstations experiencing Blue Screen of Death after latest Windows cumulative update was installed.,"Hewitt Associates, Inc.",Primary Location,Complete,Critical,Email,2.0,"Miller, Susan",SW:Support II,Triage,SW:Defect,,,"Hewitt Associates, Inc. - Block Hour",IT:Premium SLA,2026-01-08 18:00:00,"Administrator, Autotask",2026-01-11 00:00:00,2026-01-16 11:00:00,2026-01-08 18:00:00,"Identified KB5034441 as the problematic update conflicting with the Symantec endpoint agent. Booted both machines into Safe Mode, uninstalled the update, and added it to the WSUS decline list. Both workstations stable. Coordinated with Symantec support for a compatibility fix before re-deploying the update.","Miller, Susan",False,4,2.0,True,54.0,2.25,0.0,185.0,,4,14,Windows update causing BSOD Two workstations experiencing Blue Screen of Death after latest Windows cumulative update was installed.
T20260226.0007,Server room temperature alert,Environmental monitoring system triggered a high-temperature alert in the server room. HVAC may be malfunctioning.,"Hewitt Associates, Inc.",Primary Location,Complete,Critical,Email,2.0,"Moore, James",IT:Technician II,IT:Level I,IT:Change,,,"Hewitt Associates, Inc. - Block Hour",IT:Premium SLA,2026-02-26 10:30:00,"Administrator, Autotask",2026-02-27 05:00:00,2026-03-05 13:30:00,2026-02-26 10:30:00,Responded to the alert within 15 minutes. Found the primary CRAC unit had a frozen evaporator coil. Switched to the redundant cooling unit and contacted the HVAC vendor for emergency service. Primary unit repaired and back online within 4 hours. Temperature stabilized at 68掳F.,"Moore, James",False,4,2.0,True,18.5,0.77,0.0,171.0,,4,15,Server room temperature alert Environmental monitoring system triggered a high-temperature alert in the server room. HVAC may be malfunctioning.
T20260104.0004,Zoom meeting room setup,Need to configure the new conference room TV and camera system for Zoom Rooms integration.,"Hewitt Associates, Inc.",Primary Location,Complete,Low,Email,2.0,"Miller, Susan",SW:Support II,IT:Change Requests,SW:Internal,,,"Hewitt Associates, Inc. - Block Hour",IT:Premium SLA,2026-01-04 11:00:00,"Administrator, Autotask",2026-01-06 21:30:00,2026-01-12 11:00:00,2026-01-04 11:00:00,"Mounted the Logitech Rally camera system, connected to the conference room PC, and configured Zoom Rooms with the company license. Set up one-touch join with the room calendar integration. Tested audio, video, and screen sharing with a remote participant successfully.","Miller, Susan",False,1,2.0,True,58.5,2.44,0.0,192.0,,4,15,Zoom meeting room setup Need to configure the new conference room TV and camera system for Zoom Rooms integration.
T20260124.0007,Wi-Fi connectivity issues in conference room B,Staff report intermittent Wi-Fi drops in conference room B during video calls. Signal strength appears weak.,"Hewitt Associates, Inc.",Primary Location,Complete,Medium,Email,2.0,"Anderson, Scott",IT:Service Manager,Triage,SW:Defect,,,"Hewitt Associates, Inc. - Block Hour",IT:Premium SLA,2026-01-24 01:00:00,"Administrator, Autotask",2026-01-31 10:30:00,2026-02-02 11:00:00,2026-01-24 01:00:00,"Performed a wireless site survey and identified signal interference from an adjacent microwave and a neighboring AP on the same channel. Changed the AP channel, increased transmit power, and repositioned the access point. Signal strength improved from -75dBm to -55dBm. Tested with multiple concurrent video calls successfully.","Anderson, Scott",False,2,2.0,True,177.5,7.4,0.0,226.0,,7,16,Wi-Fi connectivity issues in conference room B Staff report intermittent Wi-Fi drops in conference room B during video calls. Signal strength appears weak.
T20260115.0006,Network printer offline,The Ricoh copier/printer in the main office shows offline status for all users. Physical device appears powered on.,"Hewitt Associates, Inc.",Primary Location,Complete,High,Email,2.0,"Taylor, Mark",IT:Technician II,IT:Level II,SW:Internal,,,"Hewitt Associates, Inc. - Block Hour",IT:Premium SLA,2026-01-15 08:30:00,"Administrator, Autotask",2026-01-21 22:30:00,2026-01-22 11:30:00,2026-01-15 08:30:00,"Found the printer had obtained a new DHCP IP address after a network switch reboot. Assigned a static IP reservation in DHCP, updated the printer port configuration on the print server, and redeployed the printer via GPO. All users can now print successfully.","Taylor, Mark",False,3,2.0,True,158.0,6.58,0.0,171.0,,3,18,Network printer offline The Ricoh copier/printer in the main office shows offline status for all users. Physical device appears powered on.
T20251222.0009,New employee laptop setup,"New hire starting next Monday needs a laptop configured with standard software suite, email, and VPN access.","Hewitt Associates, Inc.",Primary Location,Complete,Low,Email,2.0,"Taylor, Mark",IT:Technician II,IT:Level I,SW:Support,,,"Hewitt Associates, Inc. - Block Hour",IT:Premium SLA,2025-12-22 05:30:00,"Administrator, Autotask",2025-12-30 11:00:00,2025-12-29 11:00:00,2025-12-22 05:30:00,"Configured new Dell Latitude with Windows 11, joined to domain, installed standard software suite (Office 365, Teams, GlobalProtect VPN, Adobe Reader). Set up email profile and verified VPN connectivity. Laptop ready for new hire.","Taylor, Mark",False,1,2.0,True,197.5,8.23,0.0,173.5,24.0,4,17,"New employee laptop setup New hire starting next Monday needs a laptop configured with standard software suite, email, and VPN access."
T20260215.0005,Outlook not syncing emails,User reports Outlook on their workstation is not syncing new emails. Restarting the application did not resolve the issue.,"Hewitt Associates, Inc.",Primary Location,Complete,Medium,Email,2.0,"Moore, James",IT:Technician II,IT:Level II,SW:Internal,,,"Hewitt Associates, Inc. - Block Hour",IT:Premium SLA,2026-02-15 14:30:00,"Administrator, Autotask",2026-02-23 22:30:00,2026-02-23 11:00:00,2026-02-15 14:30:00,Rebuilt the Outlook profile and cleared the local OST cache. Re-synced the mailbox from Exchange Online. Verified all folders syncing correctly and monitored for 2 hours with no recurrence.,"Moore, James",False,2,2.0,True,200.0,8.33,0.0,188.5,11.5,4,19,Outlook not syncing emails User reports Outlook on their workstation is not syncing new emails. Restarting the application did not resolve the issue.
T20251205.0007,VPN connection drops intermittently,"Remote employee experiences frequent VPN disconnections throughout the day, disrupting access to internal resources.","Hewitt Associates, Inc.",Primary Location,Complete,High,Email,2.0,"Moore, James",IT:Technician II,IT:Change Requests,SW:Internal,,,"Hewitt Associates, Inc. - Block Hour",IT:Premium SLA,2025-12-05 16:00:00,"Administrator, Autotask",2025-12-06 14:30:00,2025-12-15 10:00:00,2025-12-05 16:00:00,"Diagnosed intermittent VPN disconnections to a conflicting network adapter driver. Updated the adapter driver, disabled IPv6 on the VPN tunnel adapter, and adjusted the idle timeout setting in the GlobalProtect client. Verified stable connectivity over a 4-hour remote session with no drops.","Moore, James",False,3,2.0,True,22.5,0.94,0.0,234.0,,4,14,"VPN connection drops intermittently Remote employee experiences frequent VPN disconnections throughout the day, disrupting access to internal resources."
T20251230.0006,Monitor flickering on docking station,User's external monitor flickers when connected via USB-C docking station. Works fine with direct HDMI connection.,"Hewitt Associates, Inc.",Primary Location,Complete,Medium,Email,2.0,"Miller, Susan",SW:Support II,IT:Level I,SW:Change,,,"Hewitt Associates, Inc. - Block Hour",IT:Premium SLA,2025-12-30 14:00:00,"Administrator, Autotask",2025-12-31 15:00:00,2026-01-06 17:00:00,2025-12-30 14:00:00,Updated the docking station firmware from v1.2 to v1.8 and installed the latest DisplayLink driver. Replaced the USB-C cable with a certified Thunderbolt 3 cable. Monitor now displays stable output through the dock.,"Miller, Susan",False,2,2.0,True,25.0,1.04,0.0,171.0,,5,16,Monitor flickering on docking station User's external monitor flickers when connected via USB-C docking station. Works fine with direct HDMI connection.
T20260215.0006,Request for additional monitor,Department manager requesting a second monitor for their workstation to improve productivity.,"Hewitt Associates, Inc.",Primary Location,Complete,Low,Email,2.0,"Taylor, Mark",IT:Technician II,IT:Level II,SW:Change,,,"Hewitt Associates, Inc. - Block Hour",IT:Premium SLA,2026-02-15 13:00:00,"Administrator, Autotask",2026-02-21 09:30:00,2026-02-23 11:00:00,2026-02-15 13:00:00,Deployed a 24-inch Dell monitor from inventory to the user's desk. Connected via DisplayPort through existing docking station. Configured dual-monitor extended display and adjusted resolution settings per user preference.,"Taylor, Mark",False,1,2.0,True,140.5,5.85,0.0,190.0,,4,12,Request for additional monitor Department manager requesting a second monitor for their workstation to improve productivity.
T20251211.0002,OneDrive sync errors,User getting persistent sync conflict errors in OneDrive. Several files showing duplicate versions.,"Hewitt Associates, Inc.",Primary Location,Complete,Medium,Email,2.0,"Moore, James",IT:Technician II,IT:Level II,IT:Applications,,,"Hewitt Associates, Inc. - Block Hour",IT:Premium SLA,2025-12-11 15:30:00,"Administrator, Autotask",2025-12-21 01:00:00,2025-12-19 09:30:00,2025-12-11 15:30:00,"Identified sync conflicts caused by files exceeding the 256-character path length limit. Shortened the nested folder structure, resolved the duplicate file versions by keeping the most recent copies, and reset the OneDrive sync client. Sync now running clean with no errors.","Moore, James",False,2,2.0,True,225.5,9.4,0.0,186.0,39.5,3,13,OneDrive sync errors User getting persistent sync conflict errors in OneDrive. Several files showing duplicate versions.
T20260301.0003,Software license expired for Adobe Acrobat,Adobe Acrobat Pro license has expired for the Marketing department. Three users unable to edit PDFs.,"Hewitt Associates, Inc.",Primary Location,Complete,Low,Email,2.0,"Taylor, Mark",IT:Technician II,IT:Change Requests,SW:Change,,,"Hewitt Associates, Inc. - Block Hour",IT:Premium SLA,2026-03-01 02:00:00,"Administrator, Autotask",2026-03-04 03:30:00,2026-03-09 11:00:00,2026-03-01 02:00:00,Procured three Adobe Acrobat Pro renewal licenses through the company's volume licensing agreement. Activated licenses on all three Marketing workstations and confirmed PDF editing functionality restored.,"Taylor, Mark",False,1,2.0,True,73.5,3.06,0.0,201.0,,6,16,Software license expired for Adobe Acrobat Adobe Acrobat Pro license has expired for the Marketing department. Three users unable to edit PDFs.
T20260125.0006,Keyboard and mouse not responding,User's wireless keyboard and mouse stopped working. New batteries did not fix the issue.,"Hewitt Associates, Inc.",Primary Location,Complete,Medium,Email,2.0,"Moore, James",IT:Technician II,IT:Change Requests,IT:Hardware,,,"Hewitt Associates, Inc. - Block Hour",IT:Premium SLA,2026-01-25 06:30:00,"Administrator, Autotask",2026-02-01 12:00:00,2026-02-02 11:00:00,2026-01-25 06:30:00,"Determined the Logitech Unifying receiver had failed. Replaced the USB receiver, re-paired both the keyboard and mouse, and verified consistent input response. Provided a spare receiver to the user as backup.","Moore, James",False,2,2.0,True,173.5,7.23,0.0,196.5,,5,14,Keyboard and mouse not responding User's wireless keyboard and mouse stopped working. New batteries did not fix the issue.
T20260127.0006,Desk phone not receiving calls,User's VoIP desk phone rings but no audio when answered. Other phones on the same switch work fine.,"Hewitt Associates, Inc.",Primary Location,Complete,Medium,Email,2.0,"Moore, James",IT:Technician II,IT:Level I,IT:Applications,,,"Hewitt Associates, Inc. - Block Hour",IT:Premium SLA,2026-01-27 14:00:00,"Administrator, Autotask",2026-02-01 07:00:00,2026-02-03 17:00:00,2026-01-27 14:00:00,Found the phone's audio codec settings had been reset to a non-supported format after a firmware auto-update. Reconfigured the codec priority to G.711 and rebooted the phone. Two-way audio confirmed working on both internal and external calls.,"Moore, James",False,2,2.0,True,113.0,4.71,0.0,171.0,,5,18,Desk phone not receiving calls User's VoIP desk phone rings but no audio when answered. Other phones on the same switch work fine.
T20251212.0005,Backup job failed overnight,Nightly backup job for the file server failed with a timeout error. Last successful backup was 3 days ago.,"Hewitt Associates, Inc.",Primary Location,Complete,Critical,Email,2.0,"Miller, Susan",SW:Support II,IT:Change Requests,SW:Internal,,,"Hewitt Associates, Inc. - Block Hour",IT:Premium SLA,2025-12-12 04:00:00,"Administrator, Autotask",2025-12-16 10:00:00,2025-12-19 11:00:00,2025-12-12 04:00:00,"Identified that a runaway database process was locking files during the backup window. Rescheduled the database maintenance job to complete before the backup window. Cleared the stale lock files, restarted the backup agent, and successfully ran a full backup. Verified backup integrity with a test restore.","Miller, Susan",False,4,2.0,True,102.0,4.25,0.0,175.0,,4,19,Backup job failed overnight Nightly backup job for the file server failed with a timeout error. Last successful backup was 3 days ago.
T20260111.0006,Request to install project management software,Project lead requesting installation of Monday.com desktop app on their workstation.,"Hewitt Associates, Inc.",Primary Location,Complete,Low,Email,2.0,"Anderson, Scott",IT:Service Manager,IT:Level II,Triage,,,"Hewitt Associates, Inc. - Block Hour",IT:Premium SLA,2026-01-11 17:30:00,"Administrator, Autotask",2026-01-18 16:00:00,2026-01-19 11:00:00,2026-01-11 17:30:00,"Installed Monday.com desktop application, configured SSO integration with company Azure AD credentials, and verified the user can access their project boards. Added the application to the approved software list.","Anderson, Scott",False,1,2.0,True,166.5,6.94,0.0,185.5,,6,11,Request to install project management software Project lead requesting installation of Monday.com desktop app on their workstation.
T20260208.0009,Password reset request,Employee locked out of their account after multiple failed login attempts. Requesting password reset and account unlock.,"Hewitt Associates, Inc.",Primary Location,Complete,Low,Email,2.0,"Anderson, Scott",IT:Service Manager,IT:Level I,SW:Support,,,"Hewitt Associates, Inc. - Block Hour",IT:Premium SLA,2026-02-08 11:00:00,"Administrator, Autotask",2026-02-16 05:30:00,2026-02-16 11:00:00,2026-02-08 11:00:00,"Unlocked the AD account, reset the password, and required a password change at next login. Verified the user could sign in successfully to their workstation and email. Reminded user of the self-service password reset portal.","Anderson, Scott",False,1,2.0,True,186.5,7.77,0.0,192.0,,3,17,Password reset request Employee locked out of their account after multiple failed login attempts. Requesting password reset and account unlock.
T20260221.0007,Internet speed slow at branch office,Branch office staff reporting significantly slower internet speeds since last week. ISP says no issues on their end.,"Hewitt Associates, Inc.",Primary Location,Complete,High,Email,2.0,"Miller, Susan",SW:Support II,IT:Level II,SW:Support,,,"Hewitt Associates, Inc. - Block Hour",IT:Premium SLA,2026-02-21 09:30:00,"Administrator, Autotask",2026-02-23 10:00:00,2026-03-02 11:00:00,2026-02-21 09:30:00,Traced the issue to a failing WAN interface on the branch firewall showing CRC errors. Replaced the SFP module and patch cable. Speeds returned to the provisioned 500Mbps symmetric. Monitored for 48 hours with no further degradation.,"Miller, Susan",False,3,2.0,True,48.5,2.02,0.0,217.5,,6,18,Internet speed slow at branch office Branch office staff reporting significantly slower internet speeds since last week. ISP says no issues on their end.
T20260101.0009,Slow computer performance,User's workstation takes over 5 minutes to boot and applications are sluggish. Machine is 4 years old with HDD.,"Hewitt Associates, Inc.",Primary Location,Complete,Medium,Email,2.0,"Moore, James",IT:Technician II,IT:Change Requests,IT:Change,,,"Hewitt Associates, Inc. - Block Hour",IT:Premium SLA,2026-01-01 23:00:00,"Administrator, Autotask",2026-01-07 22:30:00,2026-01-09 11:00:00,2026-01-01 23:00:00,"Replaced the mechanical HDD with a 500GB SSD, cloned the existing OS image, and increased RAM from 8GB to 16GB. Boot time reduced from 5+ minutes to 35 seconds. User confirmed significant performance improvement across all applications.","Moore, James",False,2,2.0,True,143.5,5.98,0.0,180.0,,3,19,Slow computer performance User's workstation takes over 5 minutes to boot and applications are sluggish. Machine is 4 years old with HDD.
T20260123.0004,Laptop battery not holding charge,User's Dell laptop battery drains from 100% to 0% in under an hour. Laptop is 2 years old.,"Hewitt Associates, Inc.",Primary Location,Complete,Medium,Email,2.0,"Taylor, Mark",IT:Technician II,Triage,IT:Change,,,"Hewitt Associates, Inc. - Block Hour",IT:Premium SLA,2026-01-23 19:00:00,"Administrator, Autotask",2026-01-27 14:00:00,2026-02-02 11:00:00,2026-01-23 19:00:00,Ran Dell battery diagnostics which confirmed the battery health at 12% capacity. Ordered and installed a replacement battery under the ProSupport warranty. New battery holds a full charge for 6+ hours. Calibrated the battery and updated BIOS.,"Taylor, Mark",False,2,2.0,True,91.0,3.79,0.0,232.0,,5,18,Laptop battery not holding charge User's Dell laptop battery drains from 100% to 0% in under an hour. Laptop is 2 years old.
T20260209.0008,OneDrive sync errors,User getting persistent sync conflict errors in OneDrive. Several files showing duplicate versions.,"Hewitt Associates, Inc.",Primary Location,Complete,Medium,Email,2.0,"Miller, Susan",SW:Support II,IT:Change Requests,SW:Change,,,"Hewitt Associates, Inc. - Block Hour",IT:Premium SLA,2026-02-09 22:00:00,"Administrator, Autotask",2026-02-18 03:00:00,2026-02-17 11:00:00,2026-02-09 22:00:00,"Identified sync conflicts caused by files exceeding the 256-character path length limit. Shortened the nested folder structure, resolved the duplicate file versions by keeping the most recent copies, and reset the OneDrive sync client. Sync now running clean with no errors.","Miller, Susan",False,2,2.0,True,197.0,8.21,0.0,181.0,16.0,3,13,OneDrive sync errors User getting persistent sync conflict errors in OneDrive. Several files showing duplicate versions.
T20251206.0003,Network printer offline,The Ricoh copier/printer in the main office shows offline status for all users. Physical device appears powered on.,"Hewitt Associates, Inc.",Primary Location,Complete,High,Email,2.0,"Miller, Susan",SW:Support II,IT:Level II,SW:Change,,,"Hewitt Associates, Inc. - Block Hour",IT:Premium SLA,2025-12-06 01:30:00,"Administrator, Autotask",2025-12-12 11:00:00,2025-12-15 11:00:00,2025-12-06 01:30:00,"Found the printer had obtained a new DHCP IP address after a network switch reboot. Assigned a static IP reservation in DHCP, updated the printer port configuration on the print server, and redeployed the printer via GPO. All users can now print successfully.","Miller, Susan",False,3,2.0,True,153.5,6.4,0.0,225.5,,3,18,Network printer offline The Ricoh copier/printer in the main office shows offline status for all users. Physical device appears powered on.
T20260127.0007,Zoom meeting room setup,Need to configure the new conference room TV and camera system for Zoom Rooms integration.,"Hewitt Associates, Inc.",Primary Location,Complete,Low,Email,2.0,"Moore, James",IT:Technician II,IT:Level II,IT:Change,,,"Hewitt Associates, Inc. - Block Hour",IT:Premium SLA,2026-01-27 14:00:00,"Administrator, Autotask",2026-02-02 21:00:00,2026-02-03 17:00:00,2026-01-27 14:00:00,"Mounted the Logitech Rally camera system, connected to the conference room PC, and configured Zoom Rooms with the company license. Set up one-touch join with the room calendar integration. Tested audio, video, and screen sharing with a remote participant successfully.","Moore, James",False,1,2.0,True,151.0,6.29,0.0,171.0,,4,15,Zoom meeting room setup Need to configure the new conference room TV and camera system for Zoom Rooms integration.
T20251211.0003,Printer jamming on 2nd floor,The shared HP LaserJet on the 2nd floor is consistently jamming when printing duplex jobs. Paper tray has been checked.,"Hewitt Associates, Inc.",Primary Location,Complete,Medium,Email,2.0,"Moore, James",IT:Technician II,Triage,SW:Internal,,,"Hewitt Associates, Inc. - Block Hour",IT:Premium SLA,2025-12-11 06:00:00,"Administrator, Autotask",2025-12-15 10:30:00,2025-12-18 11:00:00,2025-12-11 06:00:00,Cleaned the duplex unit rollers and replaced worn pickup rollers. Recalibrated the paper path and ran 50 test duplex prints with no jams. Issue resolved.,"Moore, James",False,2,2.0,True,100.5,4.19,0.0,173.0,,5,20,Printer jamming on 2nd floor The shared HP LaserJet on the 2nd floor is consistently jamming when printing duplex jobs. Paper tray has been checked.
T20260106.0008,MFA not working on mobile device,User replaced their phone and can no longer receive MFA push notifications. Needs MFA token re-enrolled.,"Hewitt Associates, Inc.",Primary Location,Complete,High,Email,2.0,"Taylor, Mark",IT:Technician II,IT:Change Requests,SW:Change,,,"Hewitt Associates, Inc. - Block Hour",IT:Premium SLA,2026-01-06 20:00:00,"Administrator, Autotask",2026-01-13 05:00:00,2026-01-14 11:00:00,2026-01-06 20:00:00,"Revoked the old MFA token in Azure AD, re-enrolled the user's new device with Microsoft Authenticator, and verified push notifications working. Confirmed successful MFA login from both mobile and desktop.","Taylor, Mark",False,3,2.0,True,153.0,6.38,0.0,183.0,,6,16,MFA not working on mobile device User replaced their phone and can no longer receive MFA push notifications. Needs MFA token re-enrolled.
T20251206.0005,Need access to CRM application,Sales rep needs access provisioned to the Salesforce CRM. Manager has approved the request.,"Hewitt Associates, Inc.",Primary Location,Complete,Low,Email,2.0,"Anderson, Scott",IT:Service Manager,IT:Level I,SW:Support,,,"Hewitt Associates, Inc. - Block Hour",IT:Premium SLA,2025-12-06 17:30:00,"Administrator, Autotask",2025-12-15 04:30:00,2025-12-15 11:00:00,2025-12-06 17:30:00,"Provisioned Salesforce CRM access with the Sales Rep profile, added to the appropriate role hierarchy, and configured SSO via Azure AD. Verified the user can log in and access their assigned accounts and opportunities. Sent onboarding guide to the user.","Anderson, Scott",False,1,2.0,True,203.0,8.46,0.0,209.5,,5,14,Need access to CRM application Sales rep needs access provisioned to the Salesforce CRM. Manager has approved the request.
T20260225.0004,New employee laptop setup,"New hire starting next Monday needs a laptop configured with standard software suite, email, and VPN access.","Hewitt Associates, Inc.",Primary Location,Complete,Low,Email,2.0,"Miller, Susan",SW:Support II,Triage,SW:Defect,,,"Hewitt Associates, Inc. - Block Hour",IT:Premium SLA,2026-02-25 22:00:00,"Administrator, Autotask",2026-02-26 23:00:00,2026-03-05 11:00:00,2026-02-25 22:00:00,"Configured new Dell Latitude with Windows 11, joined to domain, installed standard software suite (Office 365, Teams, GlobalProtect VPN, Adobe Reader). Set up email profile and verified VPN connectivity. Laptop ready for new hire.","Miller, Susan",False,1,2.0,True,25.0,1.04,0.0,181.0,,4,17,"New employee laptop setup New hire starting next Monday needs a laptop configured with standard software suite, email, and VPN access."
T20251212.0007,Wi-Fi connectivity issues in conference room B,Staff report intermittent Wi-Fi drops in conference room B during video calls. Signal strength appears weak.,"Hewitt Associates, Inc.",Primary Location,Complete,Medium,Email,2.0,"Anderson, Scott",IT:Service Manager,IT:Level I,SW:Change,,,"Hewitt Associates, Inc. - Block Hour",IT:Premium SLA,2025-12-12 04:30:00,"Administrator, Autotask",2025-12-19 11:30:00,2025-12-19 11:00:00,2025-12-12 04:30:00,"Performed a wireless site survey and identified signal interference from an adjacent microwave and a neighboring AP on the same channel. Changed the AP channel, increased transmit power, and repositioned the access point. Signal strength improved from -75dBm to -55dBm. Tested with multiple concurrent video calls successfully.","Anderson, Scott",False,2,2.0,True,175.0,7.29,0.0,174.5,0.5,7,16,Wi-Fi connectivity issues in conference room B Staff report intermittent Wi-Fi drops in conference room B during video calls. Signal strength appears weak.
T20260112.0002,Monitor flickering on docking station,User's external monitor flickers when connected via USB-C docking station. Works fine with direct HDMI connection.,"Hewitt Associates, Inc.",Primary Location,Complete,Medium,Email,2.0,"Moore, James",IT:Technician II,IT:Change Requests,IT:Applications,,,"Hewitt Associates, Inc. - Block Hour",IT:Premium SLA,2026-01-12 07:00:00,"Administrator, Autotask",2026-01-15 13:30:00,2026-01-19 11:00:00,2026-01-12 07:00:00,Updated the docking station firmware from v1.2 to v1.8 and installed the latest DisplayLink driver. Replaced the USB-C cable with a certified Thunderbolt 3 cable. Monitor now displays stable output through the dock.,"Moore, James",False,2,2.0,True,78.5,3.27,0.0,172.0,,5,16,Monitor flickering on docking station User's external monitor flickers when connected via USB-C docking station. Works fine with direct HDMI connection.
T20260131.0008,Request to install project management software,Project lead requesting installation of Monday.com desktop app on their workstation.,"Hewitt Associates, Inc.",Primary Location,Complete,Low,Email,2.0,"Anderson, Scott",IT:Service Manager,IT:Level I,SW:Change,,,"Hewitt Associates, Inc. - Block Hour",IT:Premium SLA,2026-01-31 02:30:00,"Administrator, Autotask",2026-02-05 05:30:00,2026-02-09 11:00:00,2026-01-31 02:30:00,"Installed Monday.com desktop application, configured SSO integration with company Azure AD credentials, and verified the user can access their project boards. Added the application to the approved software list.","Anderson, Scott",False,1,2.0,True,123.0,5.12,0.0,224.5,,6,11,Request to install project management software Project lead requesting installation of Monday.com desktop app on their workstation.
T20251210.0008,Software license expired for Adobe Acrobat,Adobe Acrobat Pro license has expired for the Marketing department. Three users unable to edit PDFs.,"Hewitt Associates, Inc.",Primary Location,Complete,Low,Email,2.0,"Miller, Susan",SW:Support II,Triage,Triage,,,"Hewitt Associates, Inc. - Block Hour",IT:Premium SLA,2025-12-10 09:00:00,"Administrator, Autotask",2025-12-12 21:00:00,2025-12-17 12:00:00,2025-12-10 09:00:00,Procured three Adobe Acrobat Pro renewal licenses through the company's volume licensing agreement. Activated licenses on all three Marketing workstations and confirmed PDF editing functionality restored.,"Miller, Susan",False,1,2.0,True,60.0,2.5,0.0,171.0,,6,16,Software license expired for Adobe Acrobat Adobe Acrobat Pro license has expired for the Marketing department. Three users unable to edit PDFs.
T20260211.0006,Request to install project management software,Project lead requesting installation of Monday.com desktop app on their workstation.,"Hewitt Associates, Inc.",Primary Location,Complete,Low,Email,2.0,"Anderson, Scott",IT:Service Manager,Triage,SW:Change,,,"Hewitt Associates, Inc. - Block Hour",IT:Premium SLA,2026-02-11 21:30:00,"Administrator, Autotask",2026-02-21 04:00:00,2026-02-19 11:00:00,2026-02-11 21:30:00,"Installed Monday.com desktop application, configured SSO integration with company Azure AD credentials, and verified the user can access their project boards. Added the application to the approved software list.","Anderson, Scott",False,1,2.0,True,222.5,9.27,0.0,181.5,41.0,6,11,Request to install project management software Project lead requesting installation of Monday.com desktop app on their workstation.
T20260118.0006,Internet speed slow at branch office,Branch office staff reporting significantly slower internet speeds since last week. ISP says no issues on their end.,"Hewitt Associates, Inc.",Primary Location,Complete,High,Email,2.0,"Taylor, Mark",IT:Technician II,Triage,IT:Applications,,,"Hewitt Associates, Inc. - Block Hour",IT:Premium SLA,2026-01-18 01:00:00,"Administrator, Autotask",2026-01-18 12:30:00,2026-01-26 11:00:00,2026-01-18 01:00:00,Traced the issue to a failing WAN interface on the branch firewall showing CRC errors. Replaced the SFP module and patch cable. Speeds returned to the provisioned 500Mbps symmetric. Monitored for 48 hours with no further degradation.,"Taylor, Mark",False,3,2.0,True,11.5,0.48,0.0,202.0,,6,18,Internet speed slow at branch office Branch office staff reporting significantly slower internet speeds since last week. ISP says no issues on their end.
T20260125.0007,New employee laptop setup,"New hire starting next Monday needs a laptop configured with standard software suite, email, and VPN access.","Hewitt Associates, Inc.",Primary Location,Complete,Low,Email,2.0,"Anderson, Scott",IT:Service Manager,Triage,Triage,,,"Hewitt Associates, Inc. - Block Hour",IT:Premium SLA,2026-01-25 04:00:00,"Administrator, Autotask",2026-01-30 12:00:00,2026-02-02 11:00:00,2026-01-25 04:00:00,"Configured new Dell Latitude with Windows 11, joined to domain, installed standard software suite (Office 365, Teams, GlobalProtect VPN, Adobe Reader). Set up email profile and verified VPN connectivity. Laptop ready for new hire.","Anderson, Scott",False,1,2.0,True,128.0,5.33,0.0,199.0,,4,17,"New employee laptop setup New hire starting next Monday needs a laptop configured with standard software suite, email, and VPN access."
T20260110.0008,Teams calls have audio echo,Multiple users in the open office area report audio echo issues during Microsoft Teams calls.,"Hewitt Associates, Inc.",Primary Location,Complete,Medium,Email,2.0,"Taylor, Mark",IT:Technician II,Triage,Triage,,,"Hewitt Associates, Inc. - Block Hour",IT:Premium SLA,2026-01-10 22:30:00,"Administrator, Autotask",2026-01-20 04:00:00,2026-01-19 11:00:00,2026-01-10 22:30:00,"Identified that multiple users in close proximity were using laptop speakers instead of headsets, causing audio feedback loops. Distributed USB headsets to affected users and configured Teams audio settings to default to headset output. Echo issues eliminated.","Taylor, Mark",False,2,2.0,True,221.5,9.23,0.0,204.5,17.0,5,15,Teams calls have audio echo Multiple users in the open office area report audio echo issues during Microsoft Teams calls.
T20260113.0009,Zoom meeting room setup,Need to configure the new conference room TV and camera system for Zoom Rooms integration.,"Hewitt Associates, Inc.",Primary Location,Complete,Low,Email,2.0,"Moore, James",IT:Technician II,IT:Change Requests,SW:Internal,,,"Hewitt Associates, Inc. - Block Hour",IT:Premium SLA,2026-01-13 20:00:00,"Administrator, Autotask",2026-01-17 08:00:00,2026-01-21 11:00:00,2026-01-13 20:00:00,"Mounted the Logitech Rally camera system, connected to the conference room PC, and configured Zoom Rooms with the company license. Set up one-touch join with the room calendar integration. Tested audio, video, and screen sharing with a remote participant successfully.","Moore, James",False,1,2.0,True,84.0,3.5,0.0,183.0,,4,15,Zoom meeting room setup Need to configure the new conference room TV and camera system for Zoom Rooms integration.
T20260105.0006,Server room temperature alert,Environmental monitoring system triggered a high-temperature alert in the server room. HVAC may be malfunctioning.,"Hewitt Associates, Inc.",Primary Location,Complete,Critical,Email,2.0,"Taylor, Mark",IT:Technician II,IT:Level II,SW:Internal,,,"Hewitt Associates, Inc. - Block Hour",IT:Premium SLA,2026-01-05 04:30:00,"Administrator, Autotask",2026-01-12 13:00:00,2026-01-12 11:00:00,2026-01-05 04:30:00,Responded to the alert within 15 minutes. Found the primary CRAC unit had a frozen evaporator coil. Switched to the redundant cooling unit and contacted the HVAC vendor for emergency service. Primary unit repaired and back online within 4 hours. Temperature stabilized at 68掳F.,"Taylor, Mark",False,4,2.0,True,176.5,7.35,0.0,174.5,2.0,4,15,Server room temperature alert Environmental monitoring system triggered a high-temperature alert in the server room. HVAC may be malfunctioning.
T20260129.0002,Wi-Fi connectivity issues in conference room B,Staff report intermittent Wi-Fi drops in conference room B during video calls. Signal strength appears weak.,"Hewitt Associates, Inc.",Primary Location,Complete,Medium,Email,2.0,"Anderson, Scott",IT:Service Manager,IT:Change Requests,SW:Internal,,,"Hewitt Associates, Inc. - Block Hour",IT:Premium SLA,2026-01-29 21:00:00,"Administrator, Autotask",2026-02-07 22:30:00,2026-02-06 11:00:00,2026-01-29 21:00:00,"Performed a wireless site survey and identified signal interference from an adjacent microwave and a neighboring AP on the same channel. Changed the AP channel, increased transmit power, and repositioned the access point. Signal strength improved from -75dBm to -55dBm. Tested with multiple concurrent video calls successfully.","Anderson, Scott",False,2,2.0,True,217.5,9.06,0.0,182.0,35.5,7,16,Wi-Fi connectivity issues in conference room B Staff report intermittent Wi-Fi drops in conference room B during video calls. Signal strength appears weak.
T20251216.0005,Monitor flickering on docking station,User's external monitor flickers when connected via USB-C docking station. Works fine with direct HDMI connection.,"Hewitt Associates, Inc.",Primary Location,Complete,Medium,Email,2.0,"Taylor, Mark",IT:Technician II,Triage,IT:Hardware,,,"Hewitt Associates, Inc. - Block Hour",IT:Premium SLA,2025-12-16 01:30:00,"Administrator, Autotask",2025-12-19 04:00:00,2025-12-23 11:00:00,2025-12-16 01:30:00,Updated the docking station firmware from v1.2 to v1.8 and installed the latest DisplayLink driver. Replaced the USB-C cable with a certified Thunderbolt 3 cable. Monitor now displays stable output through the dock.,"Taylor, Mark",False,2,2.0,True,74.5,3.1,0.0,177.5,,5,16,Monitor flickering on docking station User's external monitor flickers when connected via USB-C docking station. Works fine with direct HDMI connection.
T20260212.0008,MFA not working on mobile device,User replaced their phone and can no longer receive MFA push notifications. Needs MFA token re-enrolled.,"Hewitt Associates, Inc.",Primary Location,Complete,High,Email,2.0,"Moore, James",IT:Technician II,IT:Level II,IT:Change,,,"Hewitt Associates, Inc. - Block Hour",IT:Premium SLA,2026-02-12 15:30:00,"Administrator, Autotask",2026-02-21 13:30:00,2026-02-20 09:30:00,2026-02-12 15:30:00,"Revoked the old MFA token in Azure AD, re-enrolled the user's new device with Microsoft Authenticator, and verified push notifications working. Confirmed successful MFA login from both mobile and desktop.","Moore, James",False,3,2.0,True,214.0,8.92,0.0,186.0,28.0,6,16,MFA not working on mobile device User replaced their phone and can no longer receive MFA push notifications. Needs MFA token re-enrolled.
T20260114.0009,Password reset request,Employee locked out of their account after multiple failed login attempts. Requesting password reset and account unlock.,"Hewitt Associates, Inc.",Primary Location,Complete,Low,Email,2.0,"Moore, James",IT:Technician II,IT:Level I,SW:Change,,,"Hewitt Associates, Inc. - Block Hour",IT:Premium SLA,2026-01-14 20:00:00,"Administrator, Autotask",2026-01-15 00:00:00,2026-01-22 11:00:00,2026-01-14 20:00:00,"Unlocked the AD account, reset the password, and required a password change at next login. Verified the user could sign in successfully to their workstation and email. Reminded user of the self-service password reset portal.","Moore, James",False,1,2.0,True,4.0,0.17,0.0,183.0,,3,17,Password reset request Employee locked out of their account after multiple failed login attempts. Requesting password reset and account unlock.
T20251226.0009,Suspicious phishing email reported,Employee forwarded a suspicious email claiming to be from IT asking for credentials. Needs investigation.,"Hewitt Associates, Inc.",Primary Location,Complete,High,Email,2.0,"Anderson, Scott",IT:Service Manager,IT:Level II,SW:Change,,,"Hewitt Associates, Inc. - Block Hour",IT:Premium SLA,2025-12-26 06:00:00,"Administrator, Autotask",2025-12-26 11:30:00,2026-01-02 11:00:00,2025-12-26 06:00:00,"Confirmed the email as a phishing attempt originating from a spoofed domain. Blocked the sender domain in the email gateway, purged the message from all mailboxes using content search, and submitted the URL to Microsoft for blacklisting. Sent a company-wide phishing awareness reminder.","Anderson, Scott",False,3,2.0,True,5.5,0.23,0.0,173.0,,4,15,Suspicious phishing email reported Employee forwarded a suspicious email claiming to be from IT asking for credentials. Needs investigation.
T20251220.0009,Backup job failed overnight,Nightly backup job for the file server failed with a timeout error. Last successful backup was 3 days ago.,"Hewitt Associates, Inc.",Primary Location,Complete,Critical,Email,2.0,"Anderson, Scott",IT:Service Manager,IT:Change Requests,IT:Change,,,"Hewitt Associates, Inc. - Block Hour",IT:Premium SLA,2025-12-20 04:30:00,"Administrator, Autotask",2025-12-29 06:00:00,2025-12-29 11:00:00,2025-12-20 04:30:00,"Identified that a runaway database process was locking files during the backup window. Rescheduled the database maintenance job to complete before the backup window. Cleared the stale lock files, restarted the backup agent, and successfully ran a full backup. Verified backup integrity with a test restore.","Anderson, Scott",False,4,2.0,True,217.5,9.06,0.0,222.5,,4,19,Backup job failed overnight Nightly backup job for the file server failed with a timeout error. Last successful backup was 3 days ago.
T20260112.0003,Need access to CRM application,Sales rep needs access provisioned to the Salesforce CRM. Manager has approved the request.,"Hewitt Associates, Inc.",Primary Location,Complete,Low,Email,2.0,"Miller, Susan",SW:Support II,IT:Level I,IT:Applications,,,"Hewitt Associates, Inc. - Block Hour",IT:Premium SLA,2026-01-12 13:00:00,"Administrator, Autotask",2026-01-16 11:30:00,2026-01-19 16:00:00,2026-01-12 13:00:00,"Provisioned Salesforce CRM access with the Sales Rep profile, added to the appropriate role hierarchy, and configured SSO via Azure AD. Verified the user can log in and access their assigned accounts and opportunities. Sent onboarding guide to the user.","Miller, Susan",False,1,2.0,True,94.5,3.94,0.0,171.0,,5,14,Need access to CRM application Sales rep needs access provisioned to the Salesforce CRM. Manager has approved the request.
T20260102.0009,Slow computer performance,User's workstation takes over 5 minutes to boot and applications are sluggish. Machine is 4 years old with HDD.,"Hewitt Associates, Inc.",Primary Location,Complete,Medium,Email,2.0,"Moore, James",IT:Technician II,IT:Change Requests,SW:Change,,,"Hewitt Associates, Inc. - Block Hour",IT:Premium SLA,2026-01-02 11:30:00,"Administrator, Autotask",2026-01-07 20:30:00,2026-01-09 14:30:00,2026-01-02 11:30:00,"Replaced the mechanical HDD with a 500GB SSD, cloned the existing OS image, and increased RAM from 8GB to 16GB. Boot time reduced from 5+ minutes to 35 seconds. User confirmed significant performance improvement across all applications.","Moore, James",False,2,2.0,True,129.0,5.38,0.0,171.0,,3,19,Slow computer performance User's workstation takes over 5 minutes to boot and applications are sluggish. Machine is 4 years old with HDD.
T20260215.0009,OneDrive sync errors,User getting persistent sync conflict errors in OneDrive. Several files showing duplicate versions.,"Hewitt Associates, Inc.",Primary Location,Complete,Medium,Email,2.0,"Miller, Susan",SW:Support II,IT:Level I,Triage,,,"Hewitt Associates, Inc. - Block Hour",IT:Premium SLA,2026-02-15 00:00:00,"Administrator, Autotask",2026-02-18 12:00:00,2026-02-23 11:00:00,2026-02-15 00:00:00,"Identified sync conflicts caused by files exceeding the 256-character path length limit. Shortened the nested folder structure, resolved the duplicate file versions by keeping the most recent copies, and reset the OneDrive sync client. Sync now running clean with no errors.","Miller, Susan",False,2,2.0,True,84.0,3.5,0.0,203.0,,3,13,OneDrive sync errors User getting persistent sync conflict errors in OneDrive. Several files showing duplicate versions.
T20260218.0011,MFA not working on mobile device,User replaced their phone and can no longer receive MFA push notifications. Needs MFA token re-enrolled.,"Hewitt Associates, Inc.",Primary Location,Complete,High,Email,2.0,"Taylor, Mark",IT:Technician II,IT:Level II,Triage,,,"Hewitt Associates, Inc. - Block Hour",IT:Premium SLA,2026-02-18 08:30:00,"Administrator, Autotask",2026-02-19 05:30:00,2026-02-25 11:30:00,2026-02-18 08:30:00,"Revoked the old MFA token in Azure AD, re-enrolled the user's new device with Microsoft Authenticator, and verified push notifications working. Confirmed successful MFA login from both mobile and desktop.","Taylor, Mark",False,3,2.0,True,21.0,0.88,0.0,171.0,,6,16,MFA not working on mobile device User replaced their phone and can no longer receive MFA push notifications. Needs MFA token re-enrolled.
T20260101.0010,Software license expired for Adobe Acrobat,Adobe Acrobat Pro license has expired for the Marketing department. Three users unable to edit PDFs.,"Hewitt Associates, Inc.",Primary Location,Complete,Low,Email,2.0,"Anderson, Scott",IT:Service Manager,IT:Level I,IT:Hardware,,,"Hewitt Associates, Inc. - Block Hour",IT:Premium SLA,2026-01-01 16:00:00,"Administrator, Autotask",2026-01-06 14:00:00,2026-01-09 10:00:00,2026-01-01 16:00:00,Procured three Adobe Acrobat Pro renewal licenses through the company's volume licensing agreement. Activated licenses on all three Marketing workstations and confirmed PDF editing functionality restored.,"Anderson, Scott",False,1,2.0,True,118.0,4.92,0.0,186.0,,6,16,Software license expired for Adobe Acrobat Adobe Acrobat Pro license has expired for the Marketing department. Three users unable to edit PDFs.
T20251227.0010,New user account creation,"HR requests new Active Directory account, email, and standard group memberships for incoming Accounting associate.","Hewitt Associates, Inc.",Primary Location,Complete,Low,Email,2.0,"Miller, Susan",SW:Support II,IT:Level II,SW:Defect,,,"Hewitt Associates, Inc. - Block Hour",IT:Premium SLA,2025-12-27 21:00:00,"Administrator, Autotask",2025-12-28 11:00:00,2026-01-05 11:00:00,2025-12-27 21:00:00,"Created AD account with standard naming convention, added to Accounting security and distribution groups, provisioned Exchange Online mailbox, and configured OneDrive. Sent welcome credentials to the hiring manager via secure channel.","Miller, Susan",False,1,2.0,True,14.0,0.58,0.0,206.0,,4,15,"New user account creation HR requests new Active Directory account, email, and standard group memberships for incoming Accounting associate."
T20251204.0012,Wi-Fi connectivity issues in conference room B,Staff report intermittent Wi-Fi drops in conference room B during video calls. Signal strength appears weak.,"Hewitt Associates, Inc.",Primary Location,Complete,Medium,Email,2.0,"Taylor, Mark",IT:Technician II,IT:Level II,IT:Change,,,"Hewitt Associates, Inc. - Block Hour",IT:Premium SLA,2025-12-04 16:30:00,"Administrator, Autotask",2025-12-10 02:30:00,2025-12-12 10:30:00,2025-12-04 16:30:00,"Performed a wireless site survey and identified signal interference from an adjacent microwave and a neighboring AP on the same channel. Changed the AP channel, increased transmit power, and repositioned the access point. Signal strength improved from -75dBm to -55dBm. Tested with multiple concurrent video calls successfully.","Taylor, Mark",False,2,2.0,True,130.0,5.42,0.0,186.0,,7,16,Wi-Fi connectivity issues in conference room B Staff report intermittent Wi-Fi drops in conference room B during video calls. Signal strength appears weak.
T20251203.0005,Server room temperature alert,Environmental monitoring system triggered a high-temperature alert in the server room. HVAC may be malfunctioning.,"Hewitt Associates, Inc.",Primary Location,Complete,Critical,Email,2.0,"Anderson, Scott",IT:Service Manager,IT:Change Requests,SW:Defect,,,"Hewitt Associates, Inc. - Block Hour",IT:Premium SLA,2025-12-03 13:00:00,"Administrator, Autotask",2025-12-05 14:00:00,2025-12-10 16:00:00,2025-12-03 13:00:00,Responded to the alert within 15 minutes. Found the primary CRAC unit had a frozen evaporator coil. Switched to the redundant cooling unit and contacted the HVAC vendor for emergency service. Primary unit repaired and back online within 4 hours. Temperature stabilized at 68掳F.,"Anderson, Scott",False,4,2.0,True,49.0,2.04,0.0,171.0,,4,15,Server room temperature alert Environmental monitoring system triggered a high-temperature alert in the server room. HVAC may be malfunctioning.
T20260113.0010,Need access to CRM application,Sales rep needs access provisioned to the Salesforce CRM. Manager has approved the request.,"Hewitt Associates, Inc.",Primary Location,Complete,Low,Email,2.0,"Miller, Susan",SW:Support II,IT:Level I,Triage,,,"Hewitt Associates, Inc. - Block Hour",IT:Premium SLA,2026-01-13 01:30:00,"Administrator, Autotask",2026-01-18 06:00:00,2026-01-20 11:00:00,2026-01-13 01:30:00,"Provisioned Salesforce CRM access with the Sales Rep profile, added to the appropriate role hierarchy, and configured SSO via Azure AD. Verified the user can log in and access their assigned accounts and opportunities. Sent onboarding guide to the user.","Miller, Susan",False,1,2.0,True,124.5,5.19,0.0,177.5,,5,14,Need access to CRM application Sales rep needs access provisioned to the Salesforce CRM. Manager has approved the request.
T20251221.0007,New employee laptop setup,"New hire starting next Monday needs a laptop configured with standard software suite, email, and VPN access.","Hewitt Associates, Inc.",Primary Location,Complete,Low,Email,2.0,"Moore, James",IT:Technician II,IT:Change Requests,Triage,,,"Hewitt Associates, Inc. - Block Hour",IT:Premium SLA,2025-12-21 15:00:00,"Administrator, Autotask",2025-12-27 14:30:00,2025-12-29 11:00:00,2025-12-21 15:00:00,"Configured new Dell Latitude with Windows 11, joined to domain, installed standard software suite (Office 365, Teams, GlobalProtect VPN, Adobe Reader). Set up email profile and verified VPN connectivity. Laptop ready for new hire.","Moore, James",False,1,2.0,True,143.5,5.98,0.0,188.0,,4,17,"New employee laptop setup New hire starting next Monday needs a laptop configured with standard software suite, email, and VPN access."
T20260224.0006,Laptop battery not holding charge,User's Dell laptop battery drains from 100% to 0% in under an hour. Laptop is 2 years old.,"Hewitt Associates, Inc.",Primary Location,Complete,Medium,Email,2.0,"Miller, Susan",SW:Support II,IT:Level II,SW:Change,,,"Hewitt Associates, Inc. - Block Hour",IT:Premium SLA,2026-02-24 16:30:00,"Administrator, Autotask",2026-03-06 16:30:00,2026-03-04 10:30:00,2026-02-24 16:30:00,Ran Dell battery diagnostics which confirmed the battery health at 12% capacity. Ordered and installed a replacement battery under the ProSupport warranty. New battery holds a full charge for 6+ hours. Calibrated the battery and updated BIOS.,"Miller, Susan",False,2,2.0,True,240.0,10.0,0.0,186.0,54.0,5,18,Laptop battery not holding charge User's Dell laptop battery drains from 100% to 0% in under an hour. Laptop is 2 years old.
T20260225.0006,Request for additional monitor,Department manager requesting a second monitor for their workstation to improve productivity.,"Hewitt Associates, Inc.",Primary Location,Complete,Low,Email,2.0,"Moore, James",IT:Technician II,IT:Level I,SW:Internal,,,"Hewitt Associates, Inc. - Block Hour",IT:Premium SLA,2026-02-25 22:00:00,"Administrator, Autotask",2026-03-07 21:30:00,2026-03-05 11:00:00,2026-02-25 22:00:00,Deployed a 24-inch Dell monitor from inventory to the user's desk. Connected via DisplayPort through existing docking station. Configured dual-monitor extended display and adjusted resolution settings per user preference.,"Moore, James",False,1,2.0,True,239.5,9.98,0.0,181.0,58.5,4,12,Request for additional monitor Department manager requesting a second monitor for their workstation to improve productivity.
T20260109.0002,Slow computer performance,User's workstation takes over 5 minutes to boot and applications are sluggish. Machine is 4 years old with HDD.,"Hewitt Associates, Inc.",Primary Location,Complete,Medium,Email,2.0,"Taylor, Mark",IT:Technician II,IT:Change Requests,SW:Defect,,,"Hewitt Associates, Inc. - Block Hour",IT:Premium SLA,2026-01-09 04:30:00,"Administrator, Autotask",2026-01-12 18:00:00,2026-01-16 11:00:00,2026-01-09 04:30:00,"Replaced the mechanical HDD with a 500GB SSD, cloned the existing OS image, and increased RAM from 8GB to 16GB. Boot time reduced from 5+ minutes to 35 seconds. User confirmed significant performance improvement across all applications.","Taylor, Mark",False,2,2.0,True,85.5,3.56,0.0,174.5,,3,19,Slow computer performance User's workstation takes over 5 minutes to boot and applications are sluggish. Machine is 4 years old with HDD.
T20260204.0001,Outlook not syncing emails,User reports Outlook on their workstation is not syncing new emails. Restarting the application did not resolve the issue.,"Hewitt Associates, Inc.",Primary Location,Complete,Medium,Email,2.0,"Moore, James",IT:Technician II,Triage,SW:Defect,,,"Hewitt Associates, Inc. - Block Hour",IT:Premium SLA,2026-02-04 02:30:00,"Administrator, Autotask",2026-02-12 08:30:00,2026-02-11 11:00:00,2026-02-04 02:30:00,Rebuilt the Outlook profile and cleared the local OST cache. Re-synced the mailbox from Exchange Online. Verified all folders syncing correctly and monitored for 2 hours with no recurrence.,"Moore, James",False,2,2.0,True,198.0,8.25,0.0,176.5,21.5,4,19,Outlook not syncing emails User reports Outlook on their workstation is not syncing new emails. Restarting the application did not resolve the issue.
T20251221.0008,QuickBooks not launching after update,QuickBooks Desktop crashes immediately on launch after the latest update was applied overnight.,"Hewitt Associates, Inc.",Primary Location,Complete,Medium,Email,2.0,"Anderson, Scott",IT:Service Manager,Triage,SW:Internal,,,"Hewitt Associates, Inc. - Block Hour",IT:Premium SLA,2025-12-21 15:30:00,"Administrator, Autotask",2025-12-23 22:30:00,2025-12-29 11:00:00,2025-12-21 15:30:00,"Rolled back the problematic QuickBooks update (R5 to R4), repaired the company file using the QuickBooks File Doctor tool, and verified the application launches and data integrity is intact. Deferred the update pending a patch from Intuit.","Anderson, Scott",False,2,2.0,True,55.0,2.29,0.0,187.5,,5,13,QuickBooks not launching after update QuickBooks Desktop crashes immediately on launch after the latest update was applied overnight.
T20260113.0011,Teams calls have audio echo,Multiple users in the open office area report audio echo issues during Microsoft Teams calls.,"Hewitt Associates, Inc.",Primary Location,Complete,Medium,Email,2.0,"Moore, James",IT:Technician II,Triage,Triage,,,"Hewitt Associates, Inc. - Block Hour",IT:Premium SLA,2026-01-13 13:00:00,"Administrator, Autotask",2026-01-22 11:00:00,2026-01-20 16:00:00,2026-01-13 13:00:00,"Identified that multiple users in close proximity were using laptop speakers instead of headsets, causing audio feedback loops. Distributed USB headsets to affected users and configured Teams audio settings to default to headset output. Echo issues eliminated.","Moore, James",False,2,2.0,True,214.0,8.92,0.0,171.0,43.0,5,15,Teams calls have audio echo Multiple users in the open office area report audio echo issues during Microsoft Teams calls.
T20260222.0009,OneDrive sync errors,User getting persistent sync conflict errors in OneDrive. Several files showing duplicate versions.,"Hewitt Associates, Inc.",Primary Location,Complete,Medium,Email,2.0,"Miller, Susan",SW:Support II,IT:Change Requests,SW:Defect,,,"Hewitt Associates, Inc. - Block Hour",IT:Premium SLA,2026-02-22 11:30:00,"Administrator, Autotask",2026-03-01 05:00:00,2026-03-02 11:00:00,2026-02-22 11:30:00,"Identified sync conflicts caused by files exceeding the 256-character path length limit. Shortened the nested folder structure, resolved the duplicate file versions by keeping the most recent copies, and reset the OneDrive sync client. Sync now running clean with no errors.","Miller, Susan",False,2,2.0,True,161.5,6.73,0.0,191.5,,3,13,OneDrive sync errors User getting persistent sync conflict errors in OneDrive. Several files showing duplicate versions.
T20260228.0006,Network printer offline,The Ricoh copier/printer in the main office shows offline status for all users. Physical device appears powered on.,"Hewitt Associates, Inc.",Primary Location,Complete,High,Email,2.0,"Anderson, Scott",IT:Service Manager,IT:Level II,IT:Applications,,,"Hewitt Associates, Inc. - Block Hour",IT:Premium SLA,2026-02-28 16:30:00,"Administrator, Autotask",2026-03-07 03:00:00,2026-03-09 11:00:00,2026-02-28 16:30:00,"Found the printer had obtained a new DHCP IP address after a network switch reboot. Assigned a static IP reservation in DHCP, updated the printer port configuration on the print server, and redeployed the printer via GPO. All users can now print successfully.","Anderson, Scott",False,3,2.0,True,154.5,6.44,0.0,210.5,,3,18,Network printer offline The Ricoh copier/printer in the main office shows offline status for all users. Physical device appears powered on.
T20260128.0004,OneDrive sync errors,User getting persistent sync conflict errors in OneDrive. Several files showing duplicate versions.,"Hewitt Associates, Inc.",Primary Location,Complete,Medium,Email,2.0,"Moore, James",IT:Technician II,IT:Level II,SW:Change,,,"Hewitt Associates, Inc. - Block Hour",IT:Premium SLA,2026-01-28 08:00:00,"Administrator, Autotask",2026-01-31 13:00:00,2026-02-04 11:00:00,2026-01-28 08:00:00,"Identified sync conflicts caused by files exceeding the 256-character path length limit. Shortened the nested folder structure, resolved the duplicate file versions by keeping the most recent copies, and reset the OneDrive sync client. Sync now running clean with no errors.","Moore, James",False,2,2.0,True,77.0,3.21,0.0,171.0,,3,13,OneDrive sync errors User getting persistent sync conflict errors in OneDrive. Several files showing duplicate versions.
T20260223.0008,Desk phone not receiving calls,User's VoIP desk phone rings but no audio when answered. Other phones on the same switch work fine.,"Hewitt Associates, Inc.",Primary Location,Complete,Medium,Email,2.0,"Taylor, Mark",IT:Technician II,IT:Change Requests,Triage,,,"Hewitt Associates, Inc. - Block Hour",IT:Premium SLA,2026-02-23 18:30:00,"Administrator, Autotask",2026-02-24 12:30:00,2026-03-03 11:00:00,2026-02-23 18:30:00,Found the phone's audio codec settings had been reset to a non-supported format after a firmware auto-update. Reconfigured the codec priority to G.711 and rebooted the phone. Two-way audio confirmed working on both internal and external calls.,"Taylor, Mark",False,2,2.0,True,18.0,0.75,0.0,184.5,,5,18,Desk phone not receiving calls User's VoIP desk phone rings but no audio when answered. Other phones on the same switch work fine.
T20260222.0010,Windows update causing BSOD,Two workstations experiencing Blue Screen of Death after latest Windows cumulative update was installed.,"Hewitt Associates, Inc.",Primary Location,Complete,Critical,Email,2.0,"Moore, James",IT:Technician II,IT:Change Requests,SW:Internal,,,"Hewitt Associates, Inc. - Block Hour",IT:Premium SLA,2026-02-22 21:00:00,"Administrator, Autotask",2026-03-03 23:00:00,2026-03-02 11:00:00,2026-02-22 21:00:00,"Identified KB5034441 as the problematic update conflicting with the Symantec endpoint agent. Booted both machines into Safe Mode, uninstalled the update, and added it to the WSUS decline list. Both workstations stable. Coordinated with Symantec support for a compatibility fix before re-deploying the update.","Moore, James",False,4,2.0,True,218.0,9.08,0.0,182.0,36.0,4,14,Windows update causing BSOD Two workstations experiencing Blue Screen of Death after latest Windows cumulative update was installed.
T20260302.0010,Keyboard and mouse not responding,User's wireless keyboard and mouse stopped working. New batteries did not fix the issue.,"Hewitt Associates, Inc.",Primary Location,Complete,Medium,Email,2.0,"Taylor, Mark",IT:Technician II,IT:Change Requests,Triage,,,"Hewitt Associates, Inc. - Block Hour",IT:Premium SLA,2026-03-02 05:30:00,"Administrator, Autotask",2026-03-02 09:00:00,2026-03-09 11:00:00,2026-03-02 05:30:00,"Determined the Logitech Unifying receiver had failed. Replaced the USB receiver, re-paired both the keyboard and mouse, and verified consistent input response. Provided a spare receiver to the user as backup.","Taylor, Mark",False,2,2.0,True,3.5,0.15,0.0,173.5,,5,14,Keyboard and mouse not responding User's wireless keyboard and mouse stopped working. New batteries did not fix the issue.
T20260207.0007,File recovery request,User accidentally deleted a folder from the shared drive and needs it restored from backup.,"Hewitt Associates, Inc.",Primary Location,Complete,Medium,Email,2.0,"Moore, James",IT:Technician II,IT:Change Requests,IT:Hardware,,,"Hewitt Associates, Inc. - Block Hour",IT:Premium SLA,2026-02-07 05:30:00,"Administrator, Autotask",2026-02-10 05:30:00,2026-02-16 11:00:00,2026-02-07 05:30:00,Restored the deleted folder and all contents from the previous night's Veeam backup snapshot. Verified file integrity and permissions match the original. Confirmed with the user that all expected files are present and accessible.,"Moore, James",False,2,2.0,True,72.0,3.0,0.0,221.5,,3,15,File recovery request User accidentally deleted a folder from the shared drive and needs it restored from backup.
T20260123.0005,Server room temperature alert,Environmental monitoring system triggered a high-temperature alert in the server room. HVAC may be malfunctioning.,"Hewitt Associates, Inc.",Primary Location,Complete,Critical,Email,2.0,"Taylor, Mark",IT:Technician II,Triage,SW:Support,,,"Hewitt Associates, Inc. - Block Hour",IT:Premium SLA,2026-01-23 02:30:00,"Administrator, Autotask",2026-01-31 02:30:00,2026-01-30 11:00:00,2026-01-23 02:30:00,Responded to the alert within 15 minutes. Found the primary CRAC unit had a frozen evaporator coil. Switched to the redundant cooling unit and contacted the HVAC vendor for emergency service. Primary unit repaired and back online within 4 hours. Temperature stabilized at 68掳F.,"Taylor, Mark",False,4,2.0,True,192.0,8.0,0.0,176.5,15.5,4,15,Server room temperature alert Environmental monitoring system triggered a high-temperature alert in the server room. HVAC may be malfunctioning.
T20260112.0004,Need access to CRM application,Sales rep needs access provisioned to the Salesforce CRM. Manager has approved the request.,"Hewitt Associates, Inc.",Primary Location,Complete,Low,Email,2.0,"Moore, James",IT:Technician II,IT:Level I,SW:Defect,,,"Hewitt Associates, Inc. - Block Hour",IT:Premium SLA,2026-01-12 15:30:00,"Administrator, Autotask",2026-01-21 00:30:00,2026-01-20 09:30:00,2026-01-12 15:30:00,"Provisioned Salesforce CRM access with the Sales Rep profile, added to the appropriate role hierarchy, and configured SSO via Azure AD. Verified the user can log in and access their assigned accounts and opportunities. Sent onboarding guide to the user.","Moore, James",False,1,2.0,True,201.0,8.38,0.0,186.0,15.0,5,14,Need access to CRM application Sales rep needs access provisioned to the Salesforce CRM. Manager has approved the request.
T20260220.0013,Monitor flickering on docking station,User's external monitor flickers when connected via USB-C docking station. Works fine with direct HDMI connection.,"Hewitt Associates, Inc.",Primary Location,Complete,Medium,Email,2.0,"Anderson, Scott",IT:Service Manager,Triage,IT:Hardware,,,"Hewitt Associates, Inc. - Block Hour",IT:Premium SLA,2026-02-20 16:30:00,"Administrator, Autotask",2026-02-27 21:00:00,2026-03-02 10:30:00,2026-02-20 16:30:00,Updated the docking station firmware from v1.2 to v1.8 and installed the latest DisplayLink driver. Replaced the USB-C cable with a certified Thunderbolt 3 cable. Monitor now displays stable output through the dock.,"Anderson, Scott",False,2,2.0,True,172.5,7.19,0.0,234.0,,5,16,Monitor flickering on docking station User's external monitor flickers when connected via USB-C docking station. Works fine with direct HDMI connection.
T20251215.0006,File recovery request,User accidentally deleted a folder from the shared drive and needs it restored from backup.,"Hewitt Associates, Inc.",Primary Location,Complete,Medium,Email,2.0,"Anderson, Scott",IT:Service Manager,Triage,IT:Hardware,,,"Hewitt Associates, Inc. - Block Hour",IT:Premium SLA,2025-12-15 18:30:00,"Administrator, Autotask",2025-12-19 10:30:00,2025-12-23 11:00:00,2025-12-15 18:30:00,Restored the deleted folder and all contents from the previous night's Veeam backup snapshot. Verified file integrity and permissions match the original. Confirmed with the user that all expected files are present and accessible.,"Anderson, Scott",False,2,2.0,True,88.0,3.67,0.0,184.5,,3,15,File recovery request User accidentally deleted a folder from the shared drive and needs it restored from backup.
T20251208.0006,Internet speed slow at branch office,Branch office staff reporting significantly slower internet speeds since last week. ISP says no issues on their end.,"Hewitt Associates, Inc.",Primary Location,Complete,High,Email,2.0,"Taylor, Mark",IT:Technician II,IT:Level II,IT:Applications,,,"Hewitt Associates, Inc. - Block Hour",IT:Premium SLA,2025-12-08 10:00:00,"Administrator, Autotask",2025-12-15 17:30:00,2025-12-15 13:00:00,2025-12-08 10:00:00,Traced the issue to a failing WAN interface on the branch firewall showing CRC errors. Replaced the SFP module and patch cable. Speeds returned to the provisioned 500Mbps symmetric. Monitored for 48 hours with no further degradation.,"Taylor, Mark",False,3,2.0,True,175.5,7.31,0.0,171.0,4.5,6,18,Internet speed slow at branch office Branch office staff reporting significantly slower internet speeds since last week. ISP says no issues on their end.
T20251209.0011,Email bouncing back to external clients,Several external clients report emails to our sales team are bouncing back with a 550 error.,"Hewitt Associates, Inc.",Primary Location,Complete,Critical,Email,2.0,"Miller, Susan",SW:Support II,IT:Change Requests,SW:Change,,,"Hewitt Associates, Inc. - Block Hour",IT:Premium SLA,2025-12-09 07:00:00,"Administrator, Autotask",2025-12-11 00:30:00,2025-12-16 11:00:00,2025-12-09 07:00:00,Identified an expired MX record pointing to a decommissioned mail relay. Updated DNS MX records to point to the current Exchange Online endpoints. Flushed DNS cache on the domain registrar. Confirmed external email delivery restored within 30 minutes.,"Miller, Susan",False,4,2.0,True,41.5,1.73,0.0,172.0,,6,16,Email bouncing back to external clients Several external clients report emails to our sales team are bouncing back with a 550 error.
T20251211.0005,New employee laptop setup,"New hire starting next Monday needs a laptop configured with standard software suite, email, and VPN access.","Hewitt Associates, Inc.",Primary Location,Complete,Low,Email,2.0,"Anderson, Scott",IT:Service Manager,IT:Level I,SW:Internal,,,"Hewitt Associates, Inc. - Block Hour",IT:Premium SLA,2025-12-11 18:00:00,"Administrator, Autotask",2025-12-20 13:30:00,2025-12-19 11:00:00,2025-12-11 18:00:00,"Configured new Dell Latitude with Windows 11, joined to domain, installed standard software suite (Office 365, Teams, GlobalProtect VPN, Adobe Reader). Set up email profile and verified VPN connectivity. Laptop ready for new hire.","Anderson, Scott",False,1,2.0,True,211.5,8.81,0.0,185.0,26.5,4,17,"New employee laptop setup New hire starting next Monday needs a laptop configured with standard software suite, email, and VPN access."
T20251217.0009,Wi-Fi connectivity issues in conference room B,Staff report intermittent Wi-Fi drops in conference room B during video calls. Signal strength appears weak.,"Hewitt Associates, Inc.",Primary Location,Complete,Medium,Email,2.0,"Anderson, Scott",IT:Service Manager,Triage,SW:Defect,,,"Hewitt Associates, Inc. - Block Hour",IT:Premium SLA,2025-12-17 23:00:00,"Administrator, Autotask",2025-12-24 17:00:00,2025-12-25 11:00:00,2025-12-17 23:00:00,"Performed a wireless site survey and identified signal interference from an adjacent microwave and a neighboring AP on the same channel. Changed the AP channel, increased transmit power, and repositioned the access point. Signal strength improved from -75dBm to -55dBm. Tested with multiple concurrent video calls successfully.","Anderson, Scott",False,2,2.0,True,162.0,6.75,0.0,180.0,,7,16,Wi-Fi connectivity issues in conference room B Staff report intermittent Wi-Fi drops in conference room B during video calls. Signal strength appears weak.
T20260124.0010,Zoom meeting room setup,Need to configure the new conference room TV and camera system for Zoom Rooms integration.,"Hewitt Associates, Inc.",Primary Location,Complete,Low,Email,2.0,"Moore, James",IT:Technician II,IT:Level I,Triage,,,"Hewitt Associates, Inc. - Block Hour",IT:Premium SLA,2026-01-24 20:00:00,"Administrator, Autotask",2026-01-28 01:00:00,2026-02-02 11:00:00,2026-01-24 20:00:00,"Mounted the Logitech Rally camera system, connected to the conference room PC, and configured Zoom Rooms with the company license. Set up one-touch join with the room calendar integration. Tested audio, video, and screen sharing with a remote participant successfully.","Moore, James",False,1,2.0,True,77.0,3.21,0.0,207.0,,4,15,Zoom meeting room setup Need to configure the new conference room TV and camera system for Zoom Rooms integration.
T20251223.0002,Password reset request,Employee locked out of their account after multiple failed login attempts. Requesting password reset and account unlock.,"Hewitt Associates, Inc.",Primary Location,Complete,Low,Email,2.0,"Miller, Susan",SW:Support II,IT:Level II,Triage,,,"Hewitt Associates, Inc. - Block Hour",IT:Premium SLA,2025-12-23 18:00:00,"Administrator, Autotask",2025-12-27 08:30:00,2025-12-31 11:00:00,2025-12-23 18:00:00,"Unlocked the AD account, reset the password, and required a password change at next login. Verified the user could sign in successfully to their workstation and email. Reminded user of the self-service password reset portal.","Miller, Susan",False,1,2.0,True,86.5,3.6,0.0,185.0,,3,17,Password reset request Employee locked out of their account after multiple failed login attempts. Requesting password reset and account unlock.
T20260205.0009,QuickBooks not launching after update,QuickBooks Desktop crashes immediately on launch after the latest update was applied overnight.,"Hewitt Associates, Inc.",Primary Location,Complete,Medium,Email,2.0,"Taylor, Mark",IT:Technician II,IT:Level I,Triage,,,"Hewitt Associates, Inc. - Block Hour",IT:Premium SLA,2026-02-05 20:30:00,"Administrator, Autotask",2026-02-12 00:30:00,2026-02-13 11:00:00,2026-02-05 20:30:00,"Rolled back the problematic QuickBooks update (R5 to R4), repaired the company file using the QuickBooks File Doctor tool, and verified the application launches and data integrity is intact. Deferred the update pending a patch from Intuit.","Taylor, Mark",False,2,2.0,True,148.0,6.17,0.0,182.5,,5,13,QuickBooks not launching after update QuickBooks Desktop crashes immediately on launch after the latest update was applied overnight.
T20260126.0004,Network printer offline,The Ricoh copier/printer in the main office shows offline status for all users. Physical device appears powered on.,"Hewitt Associates, Inc.",Primary Location,Complete,High,Email,2.0,"Taylor, Mark",IT:Technician II,Triage,IT:Change,,,"Hewitt Associates, Inc. - Block Hour",IT:Premium SLA,2026-01-26 14:00:00,"Administrator, Autotask",2026-01-30 13:30:00,2026-02-02 17:00:00,2026-01-26 14:00:00,"Found the printer had obtained a new DHCP IP address after a network switch reboot. Assigned a static IP reservation in DHCP, updated the printer port configuration on the print server, and redeployed the printer via GPO. All users can now print successfully.","Taylor, Mark",False,3,2.0,True,95.5,3.98,0.0,171.0,,3,18,Network printer offline The Ricoh copier/printer in the main office shows offline status for all users. Physical device appears powered on.
T20251218.0007,Monitor flickering on docking station,User's external monitor flickers when connected via USB-C docking station. Works fine with direct HDMI connection.,"Hewitt Associates, Inc.",Primary Location,Complete,Medium,Email,2.0,"Taylor, Mark",IT:Technician II,IT:Level II,SW:Internal,,,"Hewitt Associates, Inc. - Block Hour",IT:Premium SLA,2025-12-18 19:00:00,"Administrator, Autotask",2025-12-23 20:30:00,2025-12-26 11:00:00,2025-12-18 19:00:00,Updated the docking station firmware from v1.2 to v1.8 and installed the latest DisplayLink driver. Replaced the USB-C cable with a certified Thunderbolt 3 cable. Monitor now displays stable output through the dock.,"Taylor, Mark",False,2,2.0,True,121.5,5.06,0.0,184.0,,5,16,Monitor flickering on docking station User's external monitor flickers when connected via USB-C docking station. Works fine with direct HDMI connection.
T20251228.0004,Keyboard and mouse not responding,User's wireless keyboard and mouse stopped working. New batteries did not fix the issue.,"Hewitt Associates, Inc.",Primary Location,Complete,Medium,Email,2.0,"Taylor, Mark",IT:Technician II,Triage,Triage,,,"Hewitt Associates, Inc. - Block Hour",IT:Premium SLA,2025-12-28 00:30:00,"Administrator, Autotask",2026-01-05 17:00:00,2026-01-05 11:00:00,2025-12-28 00:30:00,"Determined the Logitech Unifying receiver had failed. Replaced the USB receiver, re-paired both the keyboard and mouse, and verified consistent input response. Provided a spare receiver to the user as backup.","Taylor, Mark",False,2,2.0,True,208.5,8.69,0.0,202.5,6.0,5,14,Keyboard and mouse not responding User's wireless keyboard and mouse stopped working. New batteries did not fix the issue.
T20260110.0009,Teams calls have audio echo,Multiple users in the open office area report audio echo issues during Microsoft Teams calls.,"Hewitt Associates, Inc.",Primary Location,Complete,Medium,Email,2.0,"Taylor, Mark",IT:Technician II,IT:Level II,SW:Internal,,,"Hewitt Associates, Inc. - Block Hour",IT:Premium SLA,2026-01-10 17:00:00,"Administrator, Autotask",2026-01-19 18:30:00,2026-01-19 11:00:00,2026-01-10 17:00:00,"Identified that multiple users in close proximity were using laptop speakers instead of headsets, causing audio feedback loops. Distributed USB headsets to affected users and configured Teams audio settings to default to headset output. Echo issues eliminated.","Taylor, Mark",False,2,2.0,True,217.5,9.06,0.0,210.0,7.5,5,15,Teams calls have audio echo Multiple users in the open office area report audio echo issues during Microsoft Teams calls.
T20251215.0007,Internet speed slow at branch office,Branch office staff reporting significantly slower internet speeds since last week. ISP says no issues on their end.,"Hewitt Associates, Inc.",Primary Location,Complete,High,Email,2.0,"Miller, Susan",SW:Support II,IT:Level II,IT:Applications,,,"Hewitt Associates, Inc. - Block Hour",IT:Premium SLA,2025-12-15 11:30:00,"Administrator, Autotask",2025-12-19 21:00:00,2025-12-22 14:30:00,2025-12-15 11:30:00,Traced the issue to a failing WAN interface on the branch firewall showing CRC errors. Replaced the SFP module and patch cable. Speeds returned to the provisioned 500Mbps symmetric. Monitored for 48 hours with no further degradation.,"Miller, Susan",False,3,2.0,True,105.5,4.4,0.0,171.0,,6,18,Internet speed slow at branch office Branch office staff reporting significantly slower internet speeds since last week. ISP says no issues on their end.
T20251204.0014,Slow computer performance,User's workstation takes over 5 minutes to boot and applications are sluggish. Machine is 4 years old with HDD.,"Hewitt Associates, Inc.",Primary Location,Complete,Medium,Email,2.0,"Miller, Susan",SW:Support II,IT:Change Requests,IT:Change,,,"Hewitt Associates, Inc. - Block Hour",IT:Premium SLA,2025-12-04 15:00:00,"Administrator, Autotask",2025-12-12 16:30:00,2025-12-12 09:00:00,2025-12-04 15:00:00,"Replaced the mechanical HDD with a 500GB SSD, cloned the existing OS image, and increased RAM from 8GB to 16GB. Boot time reduced from 5+ minutes to 35 seconds. User confirmed significant performance improvement across all applications.","Miller, Susan",False,2,2.0,True,193.5,8.06,0.0,186.0,7.5,3,19,Slow computer performance User's workstation takes over 5 minutes to boot and applications are sluggish. Machine is 4 years old with HDD.
T20260123.0006,MFA not working on mobile device,User replaced their phone and can no longer receive MFA push notifications. Needs MFA token re-enrolled.,"Hewitt Associates, Inc.",Primary Location,Complete,High,Email,2.0,"Anderson, Scott",IT:Service Manager,Triage,SW:Support,,,"Hewitt Associates, Inc. - Block Hour",IT:Premium SLA,2026-01-23 04:00:00,"Administrator, Autotask",2026-01-26 15:00:00,2026-01-30 11:00:00,2026-01-23 04:00:00,"Revoked the old MFA token in Azure AD, re-enrolled the user's new device with Microsoft Authenticator, and verified push notifications working. Confirmed successful MFA login from both mobile and desktop.","Anderson, Scott",False,3,2.0,True,83.0,3.46,0.0,175.0,,6,16,MFA not working on mobile device User replaced their phone and can no longer receive MFA push notifications. Needs MFA token re-enrolled.
T20260120.0008,Server room temperature alert,Environmental monitoring system triggered a high-temperature alert in the server room. HVAC may be malfunctioning.,"Hewitt Associates, Inc.",Primary Location,Complete,Critical,Email,2.0,"Anderson, Scott",IT:Service Manager,IT:Level I,Triage,,,"Hewitt Associates, Inc. - Block Hour",IT:Premium SLA,2026-01-20 03:30:00,"Administrator, Autotask",2026-01-23 19:00:00,2026-01-27 11:00:00,2026-01-20 03:30:00,Responded to the alert within 15 minutes. Found the primary CRAC unit had a frozen evaporator coil. Switched to the redundant cooling unit and contacted the HVAC vendor for emergency service. Primary unit repaired and back online within 4 hours. Temperature stabilized at 68掳F.,"Anderson, Scott",False,4,2.0,True,87.5,3.65,0.0,175.5,,4,15,Server room temperature alert Environmental monitoring system triggered a high-temperature alert in the server room. HVAC may be malfunctioning.
T20260102.0010,Zoom meeting room setup,Need to configure the new conference room TV and camera system for Zoom Rooms integration.,"Hewitt Associates, Inc.",Primary Location,Complete,Low,Email,2.0,"Taylor, Mark",IT:Technician II,IT:Level I,SW:Defect,,,"Hewitt Associates, Inc. - Block Hour",IT:Premium SLA,2026-01-02 23:30:00,"Administrator, Autotask",2026-01-12 07:30:00,2026-01-12 11:00:00,2026-01-02 23:30:00,"Mounted the Logitech Rally camera system, connected to the conference room PC, and configured Zoom Rooms with the company license. Set up one-touch join with the room calendar integration. Tested audio, video, and screen sharing with a remote participant successfully.","Taylor, Mark",False,1,2.0,True,224.0,9.33,0.0,227.5,,4,15,Zoom meeting room setup Need to configure the new conference room TV and camera system for Zoom Rooms integration.
T20260221.0008,Outlook not syncing emails,User reports Outlook on their workstation is not syncing new emails. Restarting the application did not resolve the issue.,"Hewitt Associates, Inc.",Primary Location,Complete,Medium,Email,2.0,"Taylor, Mark",IT:Technician II,IT:Level I,SW:Change,,,"Hewitt Associates, Inc. - Block Hour",IT:Premium SLA,2026-02-21 19:00:00,"Administrator, Autotask",2026-02-26 13:30:00,2026-03-02 11:00:00,2026-02-21 19:00:00,Rebuilt the Outlook profile and cleared the local OST cache. Re-synced the mailbox from Exchange Online. Verified all folders syncing correctly and monitored for 2 hours with no recurrence.,"Taylor, Mark",False,2,2.0,True,114.5,4.77,0.0,208.0,,4,19,Outlook not syncing emails User reports Outlook on their workstation is not syncing new emails. Restarting the application did not resolve the issue.
T20260206.0007,Laptop battery not holding charge,User's Dell laptop battery drains from 100% to 0% in under an hour. Laptop is 2 years old.,"Hewitt Associates, Inc.",Primary Location,Complete,Medium,Email,2.0,"Moore, James",IT:Technician II,IT:Change Requests,IT:Hardware,,,"Hewitt Associates, Inc. - Block Hour",IT:Premium SLA,2026-02-06 07:00:00,"Administrator, Autotask",2026-02-11 08:30:00,2026-02-13 11:00:00,2026-02-06 07:00:00,Ran Dell battery diagnostics which confirmed the battery health at 12% capacity. Ordered and installed a replacement battery under the ProSupport warranty. New battery holds a full charge for 6+ hours. Calibrated the battery and updated BIOS.,"Moore, James",False,2,2.0,True,121.5,5.06,0.0,172.0,,5,18,Laptop battery not holding charge User's Dell laptop battery drains from 100% to 0% in under an hour. Laptop is 2 years old.
T20251205.0010,File recovery request,User accidentally deleted a folder from the shared drive and needs it restored from backup.,"Hewitt Associates, Inc.",Primary Location,Complete,Medium,Email,2.0,"Anderson, Scott",IT:Service Manager,Triage,SW:Change,,,"Hewitt Associates, Inc. - Block Hour",IT:Premium SLA,2025-12-05 02:00:00,"Administrator, Autotask",2025-12-14 21:30:00,2025-12-12 11:00:00,2025-12-05 02:00:00,Restored the deleted folder and all contents from the previous night's Veeam backup snapshot. Verified file integrity and permissions match the original. Confirmed with the user that all expected files are present and accessible.,"Anderson, Scott",False,2,2.0,True,235.5,9.81,0.0,177.0,58.5,3,15,File recovery request User accidentally deleted a folder from the shared drive and needs it restored from backup.
T20260114.0010,Backup job failed overnight,Nightly backup job for the file server failed with a timeout error. Last successful backup was 3 days ago.,"Hewitt Associates, Inc.",Primary Location,Complete,Critical,Email,2.0,"Taylor, Mark",IT:Technician II,IT:Level II,SW:Change,,,"Hewitt Associates, Inc. - Block Hour",IT:Premium SLA,2026-01-14 22:00:00,"Administrator, Autotask",2026-01-17 21:00:00,2026-01-22 11:00:00,2026-01-14 22:00:00,"Identified that a runaway database process was locking files during the backup window. Rescheduled the database maintenance job to complete before the backup window. Cleared the stale lock files, restarted the backup agent, and successfully ran a full backup. Verified backup integrity with a test restore.","Taylor, Mark",False,4,2.0,True,71.0,2.96,0.0,181.0,,4,19,Backup job failed overnight Nightly backup job for the file server failed with a timeout error. Last successful backup was 3 days ago.
T20260208.0010,OneDrive sync errors,User getting persistent sync conflict errors in OneDrive. Several files showing duplicate versions.,"Hewitt Associates, Inc.",Primary Location,Complete,Medium,Email,2.0,"Taylor, Mark",IT:Technician II,IT:Level I,SW:Support,,,"Hewitt Associates, Inc. - Block Hour",IT:Premium SLA,2026-02-08 16:00:00,"Administrator, Autotask",2026-02-17 23:30:00,2026-02-16 11:00:00,2026-02-08 16:00:00,"Identified sync conflicts caused by files exceeding the 256-character path length limit. Shortened the nested folder structure, resolved the duplicate file versions by keeping the most recent copies, and reset the OneDrive sync client. Sync now running clean with no errors.","Taylor, Mark",False,2,2.0,True,223.5,9.31,0.0,187.0,36.5,3,13,OneDrive sync errors User getting persistent sync conflict errors in OneDrive. Several files showing duplicate versions.
T20260201.0006,Shared drive access denied,User in Accounting cannot access the shared S: drive. Permissions appear correct in AD but access is still denied.,"Hewitt Associates, Inc.",Primary Location,Complete,Medium,Email,2.0,"Miller, Susan",SW:Support II,IT:Change Requests,IT:Hardware,,,"Hewitt Associates, Inc. - Block Hour",IT:Premium SLA,2026-02-01 00:00:00,"Administrator, Autotask",2026-02-01 06:30:00,2026-02-09 11:00:00,2026-02-01 00:00:00,"Identified a stale cached credential causing the access denial. Cleared the Windows Credential Manager entries for the file server, remapped the S: drive, and verified full read/write access to the Accounting share.","Miller, Susan",False,2,2.0,True,6.5,0.27,0.0,203.0,,4,19,Shared drive access denied User in Accounting cannot access the shared S: drive. Permissions appear correct in AD but access is still denied.
T20260105.0007,Need access to CRM application,Sales rep needs access provisioned to the Salesforce CRM. Manager has approved the request.,"Hewitt Associates, Inc.",Primary Location,Complete,Low,Email,2.0,"Moore, James",IT:Technician II,IT:Change Requests,Triage,,,"Hewitt Associates, Inc. - Block Hour",IT:Premium SLA,2026-01-05 08:30:00,"Administrator, Autotask",2026-01-09 16:00:00,2026-01-12 11:30:00,2026-01-05 08:30:00,"Provisioned Salesforce CRM access with the Sales Rep profile, added to the appropriate role hierarchy, and configured SSO via Azure AD. Verified the user can log in and access their assigned accounts and opportunities. Sent onboarding guide to the user.","Moore, James",False,1,2.0,True,103.5,4.31,0.0,171.0,,5,14,Need access to CRM application Sales rep needs access provisioned to the Salesforce CRM. Manager has approved the request.
T20260215.0012,Password reset request,Employee locked out of their account after multiple failed login attempts. Requesting password reset and account unlock.,"Hewitt Associates, Inc.",Primary Location,Complete,Low,Email,2.0,"Miller, Susan",SW:Support II,IT:Change Requests,SW:Internal,,,"Hewitt Associates, Inc. - Block Hour",IT:Premium SLA,2026-02-15 12:00:00,"Administrator, Autotask",2026-02-18 05:00:00,2026-02-23 11:00:00,2026-02-15 12:00:00,"Unlocked the AD account, reset the password, and required a password change at next login. Verified the user could sign in successfully to their workstation and email. Reminded user of the self-service password reset portal.","Miller, Susan",False,1,2.0,True,65.0,2.71,0.0,191.0,,3,17,Password reset request Employee locked out of their account after multiple failed login attempts. Requesting password reset and account unlock.
T20251217.0010,New employee laptop setup,"New hire starting next Monday needs a laptop configured with standard software suite, email, and VPN access.","Hewitt Associates, Inc.",Primary Location,Complete,Low,Email,2.0,"Moore, James",IT:Technician II,IT:Change Requests,Triage,,,"Hewitt Associates, Inc. - Block Hour",IT:Premium SLA,2025-12-17 15:30:00,"Administrator, Autotask",2025-12-20 04:00:00,2025-12-25 09:30:00,2025-12-17 15:30:00,"Configured new Dell Latitude with Windows 11, joined to domain, installed standard software suite (Office 365, Teams, GlobalProtect VPN, Adobe Reader). Set up email profile and verified VPN connectivity. Laptop ready for new hire.","Moore, James",False,1,2.0,True,60.5,2.52,0.0,186.0,,4,17,"New employee laptop setup New hire starting next Monday needs a laptop configured with standard software suite, email, and VPN access."
T20251230.0009,Desk phone not receiving calls,User's VoIP desk phone rings but no audio when answered. Other phones on the same switch work fine.,"Hewitt Associates, Inc.",Primary Location,Complete,Medium,Email,2.0,"Taylor, Mark",IT:Technician II,IT:Change Requests,IT:Hardware,,,"Hewitt Associates, Inc. - Block Hour",IT:Premium SLA,2025-12-30 05:00:00,"Administrator, Autotask",2026-01-07 04:00:00,2026-01-06 11:00:00,2025-12-30 05:00:00,Found the phone's audio codec settings had been reset to a non-supported format after a firmware auto-update. Reconfigured the codec priority to G.711 and rebooted the phone. Two-way audio confirmed working on both internal and external calls.,"Taylor, Mark",False,2,2.0,True,191.0,7.96,0.0,174.0,17.0,5,18,Desk phone not receiving calls User's VoIP desk phone rings but no audio when answered. Other phones on the same switch work fine.
T20260112.0006,Network printer offline,The Ricoh copier/printer in the main office shows offline status for all users. Physical device appears powered on.,"Hewitt Associates, Inc.",Primary Location,Complete,High,Email,2.0,"Moore, James",IT:Technician II,IT:Level I,Triage,,,"Hewitt Associates, Inc. - Block Hour",IT:Premium SLA,2026-01-12 11:30:00,"Administrator, Autotask",2026-01-13 06:30:00,2026-01-19 14:30:00,2026-01-12 11:30:00,"Found the printer had obtained a new DHCP IP address after a network switch reboot. Assigned a static IP reservation in DHCP, updated the printer port configuration on the print server, and redeployed the printer via GPO. All users can now print successfully.","Moore, James",False,3,2.0,True,19.0,0.79,0.0,171.0,,3,18,Network printer offline The Ricoh copier/printer in the main office shows offline status for all users. Physical device appears powered on.
T20251204.0015,Shared drive access denied,User in Accounting cannot access the shared S: drive. Permissions appear correct in AD but access is still denied.,"Hewitt Associates, Inc.",Primary Location,Complete,Medium,Email,2.0,"Moore, James",IT:Technician II,IT:Change Requests,SW:Defect,,,"Hewitt Associates, Inc. - Block Hour",IT:Premium SLA,2025-12-04 22:30:00,"Administrator, Autotask",2025-12-08 06:00:00,2025-12-12 11:00:00,2025-12-04 22:30:00,"Identified a stale cached credential causing the access denial. Cleared the Windows Credential Manager entries for the file server, remapped the S: drive, and verified full read/write access to the Accounting share.","Moore, James",False,2,2.0,True,79.5,3.31,0.0,180.5,,4,19,Shared drive access denied User in Accounting cannot access the shared S: drive. Permissions appear correct in AD but access is still denied.
T20260203.0008,Monitor flickering on docking station,User's external monitor flickers when connected via USB-C docking station. Works fine with direct HDMI connection.,"Hewitt Associates, Inc.",Primary Location,Complete,Medium,Email,2.0,"Taylor, Mark",IT:Technician II,Triage,SW:Support,,,"Hewitt Associates, Inc. - Block Hour",IT:Premium SLA,2026-02-03 19:00:00,"Administrator, Autotask",2026-02-12 23:00:00,2026-02-11 11:00:00,2026-02-03 19:00:00,Updated the docking station firmware from v1.2 to v1.8 and installed the latest DisplayLink driver. Replaced the USB-C cable with a certified Thunderbolt 3 cable. Monitor now displays stable output through the dock.,"Taylor, Mark",False,2,2.0,True,220.0,9.17,0.0,184.0,36.0,5,16,Monitor flickering on docking station User's external monitor flickers when connected via USB-C docking station. Works fine with direct HDMI connection.
T20251225.0007,Suspicious phishing email reported,Employee forwarded a suspicious email claiming to be from IT asking for credentials. Needs investigation.,"Hewitt Associates, Inc.",Primary Location,Complete,High,Email,2.0,"Anderson, Scott",IT:Service Manager,IT:Change Requests,IT:Hardware,,,"Hewitt Associates, Inc. - Block Hour",IT:Premium SLA,2025-12-25 19:00:00,"Administrator, Autotask",2025-12-30 00:00:00,2026-01-02 11:00:00,2025-12-25 19:00:00,"Confirmed the email as a phishing attempt originating from a spoofed domain. Blocked the sender domain in the email gateway, purged the message from all mailboxes using content search, and submitted the URL to Microsoft for blacklisting. Sent a company-wide phishing awareness reminder.","Anderson, Scott",False,3,2.0,True,101.0,4.21,0.0,184.0,,4,15,Suspicious phishing email reported Employee forwarded a suspicious email claiming to be from IT asking for credentials. Needs investigation.
T20251227.0013,Request for additional monitor,Department manager requesting a second monitor for their workstation to improve productivity.,"Hewitt Associates, Inc.",Primary Location,Complete,Low,Email,2.0,"Miller, Susan",SW:Support II,IT:Change Requests,IT:Hardware,,,"Hewitt Associates, Inc. - Block Hour",IT:Premium SLA,2025-12-27 22:30:00,"Administrator, Autotask",2025-12-29 20:30:00,2026-01-05 11:00:00,2025-12-27 22:30:00,Deployed a 24-inch Dell monitor from inventory to the user's desk. Connected via DisplayPort through existing docking station. Configured dual-monitor extended display and adjusted resolution settings per user preference.,"Miller, Susan",False,1,2.0,True,46.0,1.92,0.0,204.5,,4,12,Request for additional monitor Department manager requesting a second monitor for their workstation to improve productivity.
T20251227.0014,Request to install project management software,Project lead requesting installation of Monday.com desktop app on their workstation.,"Hewitt Associates, Inc.",Primary Location,Complete,Low,Email,2.0,"Taylor, Mark",IT:Technician II,IT:Level II,Triage,,,"Hewitt Associates, Inc. - Block Hour",IT:Premium SLA,2025-12-27 14:30:00,"Administrator, Autotask",2026-01-02 21:30:00,2026-01-05 11:00:00,2025-12-27 14:30:00,"Installed Monday.com desktop application, configured SSO integration with company Azure AD credentials, and verified the user can access their project boards. Added the application to the approved software list.","Taylor, Mark",False,1,2.0,True,151.0,6.29,0.0,212.5,,6,11,Request to install project management software Project lead requesting installation of Monday.com desktop app on their workstation.
T20260107.0005,Slow computer performance,User's workstation takes over 5 minutes to boot and applications are sluggish. Machine is 4 years old with HDD.,"Hewitt Associates, Inc.",Primary Location,Complete,Medium,Email,2.0,"Miller, Susan",SW:Support II,IT:Level II,IT:Applications,,,"Hewitt Associates, Inc. - Block Hour",IT:Premium SLA,2026-01-07 05:00:00,"Administrator, Autotask",2026-01-11 20:30:00,2026-01-14 11:00:00,2026-01-07 05:00:00,"Replaced the mechanical HDD with a 500GB SSD, cloned the existing OS image, and increased RAM from 8GB to 16GB. Boot time reduced from 5+ minutes to 35 seconds. User confirmed significant performance improvement across all applications.","Miller, Susan",False,2,2.0,True,111.5,4.65,0.0,174.0,,3,19,Slow computer performance User's workstation takes over 5 minutes to boot and applications are sluggish. Machine is 4 years old with HDD.
T20251221.0010,File recovery request,User accidentally deleted a folder from the shared drive and needs it restored from backup.,"Hewitt Associates, Inc.",Primary Location,Complete,Medium,Email,2.0,"Taylor, Mark",IT:Technician II,IT:Level I,SW:Change,,,"Hewitt Associates, Inc. - Block Hour",IT:Premium SLA,2025-12-21 10:30:00,"Administrator, Autotask",2025-12-22 02:30:00,2025-12-29 11:00:00,2025-12-21 10:30:00,Restored the deleted folder and all contents from the previous night's Veeam backup snapshot. Verified file integrity and permissions match the original. Confirmed with the user that all expected files are present and accessible.,"Taylor, Mark",False,2,2.0,True,16.0,0.67,0.0,192.5,,3,15,File recovery request User accidentally deleted a folder from the shared drive and needs it restored from backup.
T20260212.0012,QuickBooks not launching after update,QuickBooks Desktop crashes immediately on launch after the latest update was applied overnight.,"Hewitt Associates, Inc.",Primary Location,Complete,Medium,Email,2.0,"Moore, James",IT:Technician II,IT:Level I,SW:Defect,,,"Hewitt Associates, Inc. - Block Hour",IT:Premium SLA,2026-02-12 16:30:00,"Administrator, Autotask",2026-02-17 04:30:00,2026-02-20 10:30:00,2026-02-12 16:30:00,"Rolled back the problematic QuickBooks update (R5 to R4), repaired the company file using the QuickBooks File Doctor tool, and verified the application launches and data integrity is intact. Deferred the update pending a patch from Intuit.","Moore, James",False,2,2.0,True,108.0,4.5,0.0,186.0,,5,13,QuickBooks not launching after update QuickBooks Desktop crashes immediately on launch after the latest update was applied overnight.
T20251230.0010,Printer jamming on 2nd floor,The shared HP LaserJet on the 2nd floor is consistently jamming when printing duplex jobs. Paper tray has been checked.,"Hewitt Associates, Inc.",Primary Location,Complete,Medium,Email,2.0,"Anderson, Scott",IT:Service Manager,Triage,IT:Hardware,,,"Hewitt Associates, Inc. - Block Hour",IT:Premium SLA,2025-12-30 13:00:00,"Administrator, Autotask",2026-01-03 14:00:00,2026-01-06 16:00:00,2025-12-30 13:00:00,Cleaned the duplex unit rollers and replaced worn pickup rollers. Recalibrated the paper path and ran 50 test duplex prints with no jams. Issue resolved.,"Anderson, Scott",False,2,2.0,True,97.0,4.04,0.0,171.0,,5,20,Printer jamming on 2nd floor The shared HP LaserJet on the 2nd floor is consistently jamming when printing duplex jobs. Paper tray has been checked.
T20251215.0008,Keyboard and mouse not responding,User's wireless keyboard and mouse stopped working. New batteries did not fix the issue.,"Hewitt Associates, Inc.",Primary Location,Complete,Medium,Email,2.0,"Anderson, Scott",IT:Service Manager,IT:Change Requests,SW:Internal,,,"Hewitt Associates, Inc. - Block Hour",IT:Premium SLA,2025-12-15 03:00:00,"Administrator, Autotask",2025-12-16 11:30:00,2025-12-22 11:00:00,2025-12-15 03:00:00,"Determined the Logitech Unifying receiver had failed. Replaced the USB receiver, re-paired both the keyboard and mouse, and verified consistent input response. Provided a spare receiver to the user as backup.","Anderson, Scott",False,2,2.0,True,32.5,1.35,0.0,176.0,,5,14,Keyboard and mouse not responding User's wireless keyboard and mouse stopped working. New batteries did not fix the issue.
T20251211.0006,OneDrive sync errors,User getting persistent sync conflict errors in OneDrive. Several files showing duplicate versions.,"Hewitt Associates, Inc.",Primary Location,Complete,Medium,Email,2.0,"Taylor, Mark",IT:Technician II,IT:Level II,IT:Applications,,,"Hewitt Associates, Inc. - Block Hour",IT:Premium SLA,2025-12-11 09:30:00,"Administrator, Autotask",2025-12-15 09:00:00,2025-12-18 12:30:00,2025-12-11 09:30:00,"Identified sync conflicts caused by files exceeding the 256-character path length limit. Shortened the nested folder structure, resolved the duplicate file versions by keeping the most recent copies, and reset the OneDrive sync client. Sync now running clean with no errors.","Taylor, Mark",False,2,2.0,True,95.5,3.98,0.0,171.0,,3,13,OneDrive sync errors User getting persistent sync conflict errors in OneDrive. Several files showing duplicate versions.
T20260130.0004,New user account creation,"HR requests new Active Directory account, email, and standard group memberships for incoming Accounting associate.","Hewitt Associates, Inc.",Primary Location,Complete,Low,Email,2.0,"Taylor, Mark",IT:Technician II,Triage,SW:Internal,,,"Hewitt Associates, Inc. - Block Hour",IT:Premium SLA,2026-01-30 12:00:00,"Administrator, Autotask",2026-02-06 08:00:00,2026-02-06 15:00:00,2026-01-30 12:00:00,"Created AD account with standard naming convention, added to Accounting security and distribution groups, provisioned Exchange Online mailbox, and configured OneDrive. Sent welcome credentials to the hiring manager via secure channel.","Taylor, Mark",False,1,2.0,True,164.0,6.83,0.0,171.0,,4,15,"New user account creation HR requests new Active Directory account, email, and standard group memberships for incoming Accounting associate."
T20251222.0012,Internet speed slow at branch office,Branch office staff reporting significantly slower internet speeds since last week. ISP says no issues on their end.,"Hewitt Associates, Inc.",Primary Location,Complete,High,Email,2.0,"Moore, James",IT:Technician II,IT:Level II,SW:Internal,,,"Hewitt Associates, Inc. - Block Hour",IT:Premium SLA,2025-12-22 23:00:00,"Administrator, Autotask",2026-01-01 02:30:00,2025-12-30 11:00:00,2025-12-22 23:00:00,Traced the issue to a failing WAN interface on the branch firewall showing CRC errors. Replaced the SFP module and patch cable. Speeds returned to the provisioned 500Mbps symmetric. Monitored for 48 hours with no further degradation.,"Moore, James",False,3,2.0,True,219.5,9.15,0.0,180.0,39.5,6,18,Internet speed slow at branch office Branch office staff reporting significantly slower internet speeds since last week. ISP says no issues on their end.
T20251210.0009,Shared drive access denied,User in Accounting cannot access the shared S: drive. Permissions appear correct in AD but access is still denied.,"Hewitt Associates, Inc.",Primary Location,Complete,Medium,Email,2.0,"Anderson, Scott",IT:Service Manager,IT:Change Requests,SW:Defect,,,"Hewitt Associates, Inc. - Block Hour",IT:Premium SLA,2025-12-10 18:00:00,"Administrator, Autotask",2025-12-20 08:00:00,2025-12-18 11:00:00,2025-12-10 18:00:00,"Identified a stale cached credential causing the access denial. Cleared the Windows Credential Manager entries for the file server, remapped the S: drive, and verified full read/write access to the Accounting share.","Anderson, Scott",False,2,2.0,True,230.0,9.58,0.0,185.0,45.0,4,19,Shared drive access denied User in Accounting cannot access the shared S: drive. Permissions appear correct in AD but access is still denied.
T20260129.0005,QuickBooks not launching after update,QuickBooks Desktop crashes immediately on launch after the latest update was applied overnight.,"Hewitt Associates, Inc.",Primary Location,Complete,Medium,Email,2.0,"Anderson, Scott",IT:Service Manager,IT:Level I,IT:Change,,,"Hewitt Associates, Inc. - Block Hour",IT:Premium SLA,2026-01-29 23:30:00,"Administrator, Autotask",2026-02-08 16:00:00,2026-02-06 11:00:00,2026-01-29 23:30:00,"Rolled back the problematic QuickBooks update (R5 to R4), repaired the company file using the QuickBooks File Doctor tool, and verified the application launches and data integrity is intact. Deferred the update pending a patch from Intuit.","Anderson, Scott",False,2,2.0,True,232.5,9.69,0.0,179.5,53.0,5,13,QuickBooks not launching after update QuickBooks Desktop crashes immediately on launch after the latest update was applied overnight.
T20251215.0009,Laptop battery not holding charge,User's Dell laptop battery drains from 100% to 0% in under an hour. Laptop is 2 years old.,"Hewitt Associates, Inc.",Primary Location,Complete,Medium,Email,2.0,"Moore, James",IT:Technician II,IT:Level I,SW:Internal,,,"Hewitt Associates, Inc. - Block Hour",IT:Premium SLA,2025-12-15 06:00:00,"Administrator, Autotask",2025-12-22 04:30:00,2025-12-22 11:00:00,2025-12-15 06:00:00,Ran Dell battery diagnostics which confirmed the battery health at 12% capacity. Ordered and installed a replacement battery under the ProSupport warranty. New battery holds a full charge for 6+ hours. Calibrated the battery and updated BIOS.,"Moore, James",False,2,2.0,True,166.5,6.94,0.0,173.0,,5,18,Laptop battery not holding charge User's Dell laptop battery drains from 100% to 0% in under an hour. Laptop is 2 years old.
T20251214.0004,Zoom meeting room setup,Need to configure the new conference room TV and camera system for Zoom Rooms integration.,"Hewitt Associates, Inc.",Primary Location,Complete,Low,Email,2.0,"Moore, James",IT:Technician II,IT:Level I,SW:Change,,,"Hewitt Associates, Inc. - Block Hour",IT:Premium SLA,2025-12-14 14:30:00,"Administrator, Autotask",2025-12-24 14:30:00,2025-12-22 11:00:00,2025-12-14 14:30:00,"Mounted the Logitech Rally camera system, connected to the conference room PC, and configured Zoom Rooms with the company license. Set up one-touch join with the room calendar integration. Tested audio, video, and screen sharing with a remote participant successfully.","Moore, James",False,1,2.0,True,240.0,10.0,0.0,188.5,51.5,4,15,Zoom meeting room setup Need to configure the new conference room TV and camera system for Zoom Rooms integration.
T20251212.0010,Internet speed slow at branch office,Branch office staff reporting significantly slower internet speeds since last week. ISP says no issues on their end.,"Hewitt Associates, Inc.",Primary Location,Complete,High,Email,2.0,"Moore, James",IT:Technician II,IT:Level II,IT:Change,,,"Hewitt Associates, Inc. - Block Hour",IT:Premium SLA,2025-12-12 16:00:00,"Administrator, Autotask",2025-12-20 14:30:00,2025-12-22 10:00:00,2025-12-12 16:00:00,Traced the issue to a failing WAN interface on the branch firewall showing CRC errors. Replaced the SFP module and patch cable. Speeds returned to the provisioned 500Mbps symmetric. Monitored for 48 hours with no further degradation.,"Moore, James",False,3,2.0,True,190.5,7.94,0.0,234.0,,6,18,Internet speed slow at branch office Branch office staff reporting significantly slower internet speeds since last week. ISP says no issues on their end.
T20251215.0010,Suspicious phishing email reported,Employee forwarded a suspicious email claiming to be from IT asking for credentials. Needs investigation.,"Hewitt Associates, Inc.",Primary Location,Complete,High,Email,2.0,"Moore, James",IT:Technician II,IT:Level II,Triage,,,"Hewitt Associates, Inc. - Block Hour",IT:Premium SLA,2025-12-15 05:00:00,"Administrator, Autotask",2025-12-21 23:00:00,2025-12-22 11:00:00,2025-12-15 05:00:00,"Confirmed the email as a phishing attempt originating from a spoofed domain. Blocked the sender domain in the email gateway, purged the message from all mailboxes using content search, and submitted the URL to Microsoft for blacklisting. Sent a company-wide phishing awareness reminder.","Moore, James",False,3,2.0,True,162.0,6.75,0.0,174.0,,4,15,Suspicious phishing email reported Employee forwarded a suspicious email claiming to be from IT asking for credentials. Needs investigation.
T20260216.0005,Shared drive access denied,User in Accounting cannot access the shared S: drive. Permissions appear correct in AD but access is still denied.,"Hewitt Associates, Inc.",Primary Location,Complete,Medium,Email,2.0,"Moore, James",IT:Technician II,IT:Level I,IT:Hardware,,,"Hewitt Associates, Inc. - Block Hour",IT:Premium SLA,2026-02-16 22:00:00,"Administrator, Autotask",2026-02-26 13:00:00,2026-02-24 11:00:00,2026-02-16 22:00:00,"Identified a stale cached credential causing the access denial. Cleared the Windows Credential Manager entries for the file server, remapped the S: drive, and verified full read/write access to the Accounting share.","Moore, James",False,2,2.0,True,231.0,9.62,0.0,181.0,50.0,4,19,Shared drive access denied User in Accounting cannot access the shared S: drive. Permissions appear correct in AD but access is still denied.
T20260123.0007,New user account creation,"HR requests new Active Directory account, email, and standard group memberships for incoming Accounting associate.","Hewitt Associates, Inc.",Primary Location,Complete,Low,Email,2.0,"Taylor, Mark",IT:Technician II,Triage,IT:Hardware,,,"Hewitt Associates, Inc. - Block Hour",IT:Premium SLA,2026-01-23 15:00:00,"Administrator, Autotask",2026-01-31 10:00:00,2026-02-02 09:00:00,2026-01-23 15:00:00,"Created AD account with standard naming convention, added to Accounting security and distribution groups, provisioned Exchange Online mailbox, and configured OneDrive. Sent welcome credentials to the hiring manager via secure channel.","Taylor, Mark",False,1,2.0,True,187.0,7.79,0.0,234.0,,4,15,"New user account creation HR requests new Active Directory account, email, and standard group memberships for incoming Accounting associate."
T20260122.0004,Request for additional monitor,Department manager requesting a second monitor for their workstation to improve productivity.,"Hewitt Associates, Inc.",Primary Location,Complete,Low,Email,2.0,"Anderson, Scott",IT:Service Manager,IT:Change Requests,IT:Change,,,"Hewitt Associates, Inc. - Block Hour",IT:Premium SLA,2026-01-22 14:30:00,"Administrator, Autotask",2026-01-28 04:00:00,2026-01-30 08:30:00,2026-01-22 14:30:00,Deployed a 24-inch Dell monitor from inventory to the user's desk. Connected via DisplayPort through existing docking station. Configured dual-monitor extended display and adjusted resolution settings per user preference.,"Anderson, Scott",False,1,2.0,True,133.5,5.56,0.0,186.0,,4,12,Request for additional monitor Department manager requesting a second monitor for their workstation to improve productivity.
T20251213.0008,Software license expired for Adobe Acrobat,Adobe Acrobat Pro license has expired for the Marketing department. Three users unable to edit PDFs.,"Hewitt Associates, Inc.",Primary Location,Complete,Low,Email,2.0,"Moore, James",IT:Technician II,IT:Change Requests,SW:Support,,,"Hewitt Associates, Inc. - Block Hour",IT:Premium SLA,2025-12-13 14:30:00,"Administrator, Autotask",2025-12-19 16:00:00,2025-12-22 11:00:00,2025-12-13 14:30:00,Procured three Adobe Acrobat Pro renewal licenses through the company's volume licensing agreement. Activated licenses on all three Marketing workstations and confirmed PDF editing functionality restored.,"Moore, James",False,1,2.0,True,145.5,6.06,0.0,212.5,,6,16,Software license expired for Adobe Acrobat Adobe Acrobat Pro license has expired for the Marketing department. Three users unable to edit PDFs.
T20251219.0012,Server room temperature alert,Environmental monitoring system triggered a high-temperature alert in the server room. HVAC may be malfunctioning.,"Hewitt Associates, Inc.",Primary Location,Complete,Critical,Email,2.0,"Anderson, Scott",IT:Service Manager,IT:Level II,IT:Applications,,,"Hewitt Associates, Inc. - Block Hour",IT:Premium SLA,2025-12-19 23:30:00,"Administrator, Autotask",2025-12-21 16:30:00,2025-12-29 11:00:00,2025-12-19 23:30:00,Responded to the alert within 15 minutes. Found the primary CRAC unit had a frozen evaporator coil. Switched to the redundant cooling unit and contacted the HVAC vendor for emergency service. Primary unit repaired and back online within 4 hours. Temperature stabilized at 68掳F.,"Anderson, Scott",False,4,2.0,True,41.0,1.71,0.0,227.5,,4,15,Server room temperature alert Environmental monitoring system triggered a high-temperature alert in the server room. HVAC may be malfunctioning.
T20260219.0003,Wi-Fi connectivity issues in conference room B,Staff report intermittent Wi-Fi drops in conference room B during video calls. Signal strength appears weak.,"Hewitt Associates, Inc.",Primary Location,Complete,Medium,Email,2.0,"Moore, James",IT:Technician II,IT:Level II,SW:Internal,,,"Hewitt Associates, Inc. - Block Hour",IT:Premium SLA,2026-02-19 03:00:00,"Administrator, Autotask",2026-02-21 01:30:00,2026-02-26 11:00:00,2026-02-19 03:00:00,"Performed a wireless site survey and identified signal interference from an adjacent microwave and a neighboring AP on the same channel. Changed the AP channel, increased transmit power, and repositioned the access point. Signal strength improved from -75dBm to -55dBm. Tested with multiple concurrent video calls successfully.","Moore, James",False,2,2.0,True,46.5,1.94,0.0,176.0,,7,16,Wi-Fi connectivity issues in conference room B Staff report intermittent Wi-Fi drops in conference room B during video calls. Signal strength appears weak.
T20260219.0004,Internet speed slow at branch office,Branch office staff reporting significantly slower internet speeds since last week. ISP says no issues on their end.,"Hewitt Associates, Inc.",Primary Location,Complete,High,Email,2.0,"Moore, James",IT:Technician II,IT:Level I,SW:Support,,,"Hewitt Associates, Inc. - Block Hour",IT:Premium SLA,2026-02-19 13:30:00,"Administrator, Autotask",2026-02-26 01:30:00,2026-02-26 16:30:00,2026-02-19 13:30:00,Traced the issue to a failing WAN interface on the branch firewall showing CRC errors. Replaced the SFP module and patch cable. Speeds returned to the provisioned 500Mbps symmetric. Monitored for 48 hours with no further degradation.,"Moore, James",False,3,2.0,True,156.0,6.5,0.0,171.0,,6,18,Internet speed slow at branch office Branch office staff reporting significantly slower internet speeds since last week. ISP says no issues on their end.
T20260211.0008,Outlook not syncing emails,User reports Outlook on their workstation is not syncing new emails. Restarting the application did not resolve the issue.,"Hewitt Associates, Inc.",Primary Location,Complete,Medium,Email,2.0,"Taylor, Mark",IT:Technician II,IT:Change Requests,Triage,,,"Hewitt Associates, Inc. - Block Hour",IT:Premium SLA,2026-02-11 22:00:00,"Administrator, Autotask",2026-02-17 12:30:00,2026-02-19 11:00:00,2026-02-11 22:00:00,Rebuilt the Outlook profile and cleared the local OST cache. Re-synced the mailbox from Exchange Online. Verified all folders syncing correctly and monitored for 2 hours with no recurrence.,"Taylor, Mark",False,2,2.0,True,134.5,5.6,0.0,181.0,,4,19,Outlook not syncing emails User reports Outlook on their workstation is not syncing new emails. Restarting the application did not resolve the issue.
T20251228.0006,Windows update causing BSOD,Two workstations experiencing Blue Screen of Death after latest Windows cumulative update was installed.,"Hewitt Associates, Inc.",Primary Location,Complete,Critical,Email,2.0,"Miller, Susan",SW:Support II,Triage,IT:Hardware,,,"Hewitt Associates, Inc. - Block Hour",IT:Premium SLA,2025-12-28 00:30:00,"Administrator, Autotask",2025-12-29 19:00:00,2026-01-05 11:00:00,2025-12-28 00:30:00,"Identified KB5034441 as the problematic update conflicting with the Symantec endpoint agent. Booted both machines into Safe Mode, uninstalled the update, and added it to the WSUS decline list. Both workstations stable. Coordinated with Symantec support for a compatibility fix before re-deploying the update.","Miller, Susan",False,4,2.0,True,42.5,1.77,0.0,202.5,,4,14,Windows update causing BSOD Two workstations experiencing Blue Screen of Death after latest Windows cumulative update was installed.
T20251207.0007,OneDrive sync errors,User getting persistent sync conflict errors in OneDrive. Several files showing duplicate versions.,"Hewitt Associates, Inc.",Primary Location,Complete,Medium,Email,2.0,"Miller, Susan",SW:Support II,Triage,SW:Defect,,,"Hewitt Associates, Inc. - Block Hour",IT:Premium SLA,2025-12-07 06:30:00,"Administrator, Autotask",2025-12-07 10:30:00,2025-12-15 11:00:00,2025-12-07 06:30:00,"Identified sync conflicts caused by files exceeding the 256-character path length limit. Shortened the nested folder structure, resolved the duplicate file versions by keeping the most recent copies, and reset the OneDrive sync client. Sync now running clean with no errors.","Miller, Susan",False,2,2.0,True,4.0,0.17,0.0,196.5,,3,13,OneDrive sync errors User getting persistent sync conflict errors in OneDrive. Several files showing duplicate versions.
T20251218.0008,Email bouncing back to external clients,Several external clients report emails to our sales team are bouncing back with a 550 error.,"Hewitt Associates, Inc.",Primary Location,Complete,Critical,Email,2.0,"Taylor, Mark",IT:Technician II,IT:Level II,IT:Applications,,,"Hewitt Associates, Inc. - Block Hour",IT:Premium SLA,2025-12-18 15:00:00,"Administrator, Autotask",2025-12-25 16:30:00,2025-12-26 09:00:00,2025-12-18 15:00:00,Identified an expired MX record pointing to a decommissioned mail relay. Updated DNS MX records to point to the current Exchange Online endpoints. Flushed DNS cache on the domain registrar. Confirmed external email delivery restored within 30 minutes.,"Taylor, Mark",False,4,2.0,True,169.5,7.06,0.0,186.0,,6,16,Email bouncing back to external clients Several external clients report emails to our sales team are bouncing back with a 550 error.
T20251219.0013,New employee laptop setup,"New hire starting next Monday needs a laptop configured with standard software suite, email, and VPN access.","Hewitt Associates, Inc.",Primary Location,Complete,Low,Email,2.0,"Anderson, Scott",IT:Service Manager,Triage,SW:Support,,,"Hewitt Associates, Inc. - Block Hour",IT:Premium SLA,2025-12-19 16:00:00,"Administrator, Autotask",2025-12-29 11:00:00,2025-12-29 10:00:00,2025-12-19 16:00:00,"Configured new Dell Latitude with Windows 11, joined to domain, installed standard software suite (Office 365, Teams, GlobalProtect VPN, Adobe Reader). Set up email profile and verified VPN connectivity. Laptop ready for new hire.","Anderson, Scott",False,1,2.0,True,235.0,9.79,0.0,234.0,1.0,4,17,"New employee laptop setup New hire starting next Monday needs a laptop configured with standard software suite, email, and VPN access."
T20260110.0010,Request to install project management software,Project lead requesting installation of Monday.com desktop app on their workstation.,"Hewitt Associates, Inc.",Primary Location,Complete,Low,Email,2.0,"Anderson, Scott",IT:Service Manager,IT:Change Requests,IT:Hardware,,,"Hewitt Associates, Inc. - Block Hour",IT:Premium SLA,2026-01-10 07:30:00,"Administrator, Autotask",2026-01-14 20:30:00,2026-01-19 11:00:00,2026-01-10 07:30:00,"Installed Monday.com desktop application, configured SSO integration with company Azure AD credentials, and verified the user can access their project boards. Added the application to the approved software list.","Anderson, Scott",False,1,2.0,True,109.0,4.54,0.0,219.5,,6,11,Request to install project management software Project lead requesting installation of Monday.com desktop app on their workstation.
T20260102.0012,Laptop battery not holding charge,User's Dell laptop battery drains from 100% to 0% in under an hour. Laptop is 2 years old.,"Hewitt Associates, Inc.",Primary Location,Complete,Medium,Email,2.0,"Miller, Susan",SW:Support II,IT:Change Requests,SW:Support,,,"Hewitt Associates, Inc. - Block Hour",IT:Premium SLA,2026-01-02 12:30:00,"Administrator, Autotask",2026-01-06 19:30:00,2026-01-09 15:30:00,2026-01-02 12:30:00,Ran Dell battery diagnostics which confirmed the battery health at 12% capacity. Ordered and installed a replacement battery under the ProSupport warranty. New battery holds a full charge for 6+ hours. Calibrated the battery and updated BIOS.,"Miller, Susan",False,2,2.0,True,103.0,4.29,0.0,171.0,,5,18,Laptop battery not holding charge User's Dell laptop battery drains from 100% to 0% in under an hour. Laptop is 2 years old.
T20260210.0004,MFA not working on mobile device,User replaced their phone and can no longer receive MFA push notifications. Needs MFA token re-enrolled.,"Hewitt Associates, Inc.",Primary Location,Complete,High,Email,2.0,"Miller, Susan",SW:Support II,Triage,IT:Hardware,,,"Hewitt Associates, Inc. - Block Hour",IT:Premium SLA,2026-02-10 22:00:00,"Administrator, Autotask",2026-02-11 08:30:00,2026-02-18 11:00:00,2026-02-10 22:00:00,"Revoked the old MFA token in Azure AD, re-enrolled the user's new device with Microsoft Authenticator, and verified push notifications working. Confirmed successful MFA login from both mobile and desktop.","Miller, Susan",False,3,2.0,True,10.5,0.44,0.0,181.0,,6,16,MFA not working on mobile device User replaced their phone and can no longer receive MFA push notifications. Needs MFA token re-enrolled.
T20251229.0007,Password reset request,Employee locked out of their account after multiple failed login attempts. Requesting password reset and account unlock.,"Hewitt Associates, Inc.",Primary Location,Complete,Low,Email,2.0,"Miller, Susan",SW:Support II,IT:Level II,SW:Change,,,"Hewitt Associates, Inc. - Block Hour",IT:Premium SLA,2025-12-29 20:30:00,"Administrator, Autotask",2026-01-01 05:00:00,2026-01-06 11:00:00,2025-12-29 20:30:00,"Unlocked the AD account, reset the password, and required a password change at next login. Verified the user could sign in successfully to their workstation and email. Reminded user of the self-service password reset portal.","Miller, Susan",False,1,2.0,True,56.5,2.35,0.0,182.5,,3,17,Password reset request Employee locked out of their account after multiple failed login attempts. Requesting password reset and account unlock.
T20251209.0012,Server room temperature alert,Environmental monitoring system triggered a high-temperature alert in the server room. HVAC may be malfunctioning.,"Hewitt Associates, Inc.",Primary Location,Complete,Critical,Email,2.0,"Anderson, Scott",IT:Service Manager,IT:Change Requests,IT:Change,,,"Hewitt Associates, Inc. - Block Hour",IT:Premium SLA,2025-12-09 23:00:00,"Administrator, Autotask",2025-12-17 01:00:00,2025-12-17 11:00:00,2025-12-09 23:00:00,Responded to the alert within 15 minutes. Found the primary CRAC unit had a frozen evaporator coil. Switched to the redundant cooling unit and contacted the HVAC vendor for emergency service. Primary unit repaired and back online within 4 hours. Temperature stabilized at 68掳F.,"Anderson, Scott",False,4,2.0,True,170.0,7.08,0.0,180.0,,4,15,Server room temperature alert Environmental monitoring system triggered a high-temperature alert in the server room. HVAC may be malfunctioning.
T20260129.0006,Software license expired for Adobe Acrobat,Adobe Acrobat Pro license has expired for the Marketing department. Three users unable to edit PDFs.,"Hewitt Associates, Inc.",Primary Location,Complete,Low,Email,2.0,"Miller, Susan",SW:Support II,IT:Change Requests,SW:Internal,,,"Hewitt Associates, Inc. - Block Hour",IT:Premium SLA,2026-01-29 10:00:00,"Administrator, Autotask",2026-02-05 11:00:00,2026-02-05 13:00:00,2026-01-29 10:00:00,Procured three Adobe Acrobat Pro renewal licenses through the company's volume licensing agreement. Activated licenses on all three Marketing workstations and confirmed PDF editing functionality restored.,"Miller, Susan",False,1,2.0,True,169.0,7.04,0.0,171.0,,6,16,Software license expired for Adobe Acrobat Adobe Acrobat Pro license has expired for the Marketing department. Three users unable to edit PDFs.
T20260216.0006,Need access to CRM application,Sales rep needs access provisioned to the Salesforce CRM. Manager has approved the request.,"Hewitt Associates, Inc.",Primary Location,Complete,Low,Email,2.0,"Anderson, Scott",IT:Service Manager,IT:Change Requests,IT:Change,,,"Hewitt Associates, Inc. - Block Hour",IT:Premium SLA,2026-02-16 21:00:00,"Administrator, Autotask",2026-02-20 21:00:00,2026-02-24 11:00:00,2026-02-16 21:00:00,"Provisioned Salesforce CRM access with the Sales Rep profile, added to the appropriate role hierarchy, and configured SSO via Azure AD. Verified the user can log in and access their assigned accounts and opportunities. Sent onboarding guide to the user.","Anderson, Scott",False,1,2.0,True,96.0,4.0,0.0,182.0,,5,14,Need access to CRM application Sales rep needs access provisioned to the Salesforce CRM. Manager has approved the request.
T20251215.0011,New user account creation,"HR requests new Active Directory account, email, and standard group memberships for incoming Accounting associate.","Hewitt Associates, Inc.",Primary Location,Complete,Low,Email,2.0,"Miller, Susan",SW:Support II,IT:Level I,Triage,,,"Hewitt Associates, Inc. - Block Hour",IT:Premium SLA,2025-12-15 21:00:00,"Administrator, Autotask",2025-12-24 21:30:00,2025-12-23 11:00:00,2025-12-15 21:00:00,"Created AD account with standard naming convention, added to Accounting security and distribution groups, provisioned Exchange Online mailbox, and configured OneDrive. Sent welcome credentials to the hiring manager via secure channel.","Miller, Susan",False,1,2.0,True,216.5,9.02,0.0,182.0,34.5,4,15,"New user account creation HR requests new Active Directory account, email, and standard group memberships for incoming Accounting associate."
T20260104.0009,Keyboard and mouse not responding,User's wireless keyboard and mouse stopped working. New batteries did not fix the issue.,"Hewitt Associates, Inc.",Primary Location,Complete,Medium,Email,2.0,"Miller, Susan",SW:Support II,IT:Change Requests,SW:Change,,,"Hewitt Associates, Inc. - Block Hour",IT:Premium SLA,2026-01-04 19:30:00,"Administrator, Autotask",2026-01-05 20:30:00,2026-01-12 11:00:00,2026-01-04 19:30:00,"Determined the Logitech Unifying receiver had failed. Replaced the USB receiver, re-paired both the keyboard and mouse, and verified consistent input response. Provided a spare receiver to the user as backup.","Miller, Susan",False,2,2.0,True,25.0,1.04,0.0,183.5,,5,14,Keyboard and mouse not responding User's wireless keyboard and mouse stopped working. New batteries did not fix the issue.
T20260213.0006,Request to install project management software,Project lead requesting installation of Monday.com desktop app on their workstation.,"Hewitt Associates, Inc.",Primary Location,Complete,Low,Email,2.0,"Anderson, Scott",IT:Service Manager,Triage,IT:Change,,,"Hewitt Associates, Inc. - Block Hour",IT:Premium SLA,2026-02-13 12:00:00,"Administrator, Autotask",2026-02-15 16:30:00,2026-02-20 15:00:00,2026-02-13 12:00:00,"Installed Monday.com desktop application, configured SSO integration with company Azure AD credentials, and verified the user can access their project boards. Added the application to the approved software list.","Anderson, Scott",False,1,2.0,True,52.5,2.19,0.0,171.0,,6,11,Request to install project management software Project lead requesting installation of Monday.com desktop app on their workstation.
T20260201.0007,Outlook not syncing emails,User reports Outlook on their workstation is not syncing new emails. Restarting the application did not resolve the issue.,"Hewitt Associates, Inc.",Primary Location,Complete,Medium,Email,2.0,"Moore, James",IT:Technician II,IT:Change Requests,SW:Change,,,"Hewitt Associates, Inc. - Block Hour",IT:Premium SLA,2026-02-01 05:30:00,"Administrator, Autotask",2026-02-01 16:00:00,2026-02-09 11:00:00,2026-02-01 05:30:00,Rebuilt the Outlook profile and cleared the local OST cache. Re-synced the mailbox from Exchange Online. Verified all folders syncing correctly and monitored for 2 hours with no recurrence.,"Moore, James",False,2,2.0,True,10.5,0.44,0.0,197.5,,4,19,Outlook not syncing emails User reports Outlook on their workstation is not syncing new emails. Restarting the application did not resolve the issue.
T20260214.0003,Laptop battery not holding charge,User's Dell laptop battery drains from 100% to 0% in under an hour. Laptop is 2 years old.,"Hewitt Associates, Inc.",Primary Location,Complete,Medium,Email,2.0,"Miller, Susan",SW:Support II,IT:Change Requests,IT:Change,,,"Hewitt Associates, Inc. - Block Hour",IT:Premium SLA,2026-02-14 05:00:00,"Administrator, Autotask",2026-02-20 05:30:00,2026-02-23 11:00:00,2026-02-14 05:00:00,Ran Dell battery diagnostics which confirmed the battery health at 12% capacity. Ordered and installed a replacement battery under the ProSupport warranty. New battery holds a full charge for 6+ hours. Calibrated the battery and updated BIOS.,"Miller, Susan",False,2,2.0,True,144.5,6.02,0.0,222.0,,5,18,Laptop battery not holding charge User's Dell laptop battery drains from 100% to 0% in under an hour. Laptop is 2 years old.
T20260115.0008,Wi-Fi connectivity issues in conference room B,Staff report intermittent Wi-Fi drops in conference room B during video calls. Signal strength appears weak.,"Hewitt Associates, Inc.",Primary Location,Complete,Medium,Email,2.0,"Moore, James",IT:Technician II,IT:Level I,Triage,,,"Hewitt Associates, Inc. - Block Hour",IT:Premium SLA,2026-01-15 04:00:00,"Administrator, Autotask",2026-01-16 08:30:00,2026-01-22 11:00:00,2026-01-15 04:00:00,"Performed a wireless site survey and identified signal interference from an adjacent microwave and a neighboring AP on the same channel. Changed the AP channel, increased transmit power, and repositioned the access point. Signal strength improved from -75dBm to -55dBm. Tested with multiple concurrent video calls successfully.","Moore, James",False,2,2.0,True,28.5,1.19,0.0,175.0,,7,16,Wi-Fi connectivity issues in conference room B Staff report intermittent Wi-Fi drops in conference room B during video calls. Signal strength appears weak.
T20260205.0010,Shared drive access denied,User in Accounting cannot access the shared S: drive. Permissions appear correct in AD but access is still denied.,"Hewitt Associates, Inc.",Primary Location,Complete,Medium,Email,2.0,"Moore, James",IT:Technician II,IT:Change Requests,SW:Support,,,"Hewitt Associates, Inc. - Block Hour",IT:Premium SLA,2026-02-05 22:00:00,"Administrator, Autotask",2026-02-14 03:30:00,2026-02-13 11:00:00,2026-02-05 22:00:00,"Identified a stale cached credential causing the access denial. Cleared the Windows Credential Manager entries for the file server, remapped the S: drive, and verified full read/write access to the Accounting share.","Moore, James",False,2,2.0,True,197.5,8.23,0.0,181.0,16.5,4,19,Shared drive access denied User in Accounting cannot access the shared S: drive. Permissions appear correct in AD but access is still denied.
T20260218.0014,Printer jamming on 2nd floor,The shared HP LaserJet on the 2nd floor is consistently jamming when printing duplex jobs. Paper tray has been checked.,"Hewitt Associates, Inc.",Primary Location,Complete,Medium,Email,2.0,"Anderson, Scott",IT:Service Manager,IT:Level I,SW:Defect,,,"Hewitt Associates, Inc. - Block Hour",IT:Premium SLA,2026-02-18 11:00:00,"Administrator, Autotask",2026-02-23 09:30:00,2026-02-25 14:00:00,2026-02-18 11:00:00,Cleaned the duplex unit rollers and replaced worn pickup rollers. Recalibrated the paper path and ran 50 test duplex prints with no jams. Issue resolved.,"Anderson, Scott",False,2,2.0,True,118.5,4.94,0.0,171.0,,5,20,Printer jamming on 2nd floor The shared HP LaserJet on the 2nd floor is consistently jamming when printing duplex jobs. Paper tray has been checked.
T20251205.0012,New employee laptop setup,"New hire starting next Monday needs a laptop configured with standard software suite, email, and VPN access.","Hewitt Associates, Inc.",Primary Location,Complete,Low,Email,2.0,"Moore, James",IT:Technician II,Triage,IT:Change,,,"Hewitt Associates, Inc. - Block Hour",IT:Premium SLA,2025-12-05 23:00:00,"Administrator, Autotask",2025-12-13 04:30:00,2025-12-15 11:00:00,2025-12-05 23:00:00,"Configured new Dell Latitude with Windows 11, joined to domain, installed standard software suite (Office 365, Teams, GlobalProtect VPN, Adobe Reader). Set up email profile and verified VPN connectivity. Laptop ready for new hire.","Moore, James",False,1,2.0,True,173.5,7.23,0.0,228.0,,4,17,"New employee laptop setup New hire starting next Monday needs a laptop configured with standard software suite, email, and VPN access."
T20260212.0014,Software license expired for Adobe Acrobat,Adobe Acrobat Pro license has expired for the Marketing department. Three users unable to edit PDFs.,"Hewitt Associates, Inc.",Primary Location,Complete,Low,Email,2.0,"Miller, Susan",SW:Support II,IT:Level II,SW:Internal,,,"Hewitt Associates, Inc. - Block Hour",IT:Premium SLA,2026-02-12 21:30:00,"Administrator, Autotask",2026-02-19 16:30:00,2026-02-20 11:00:00,2026-02-12 21:30:00,Procured three Adobe Acrobat Pro renewal licenses through the company's volume licensing agreement. Activated licenses on all three Marketing workstations and confirmed PDF editing functionality restored.,"Miller, Susan",False,1,2.0,True,163.0,6.79,0.0,181.5,,6,16,Software license expired for Adobe Acrobat Adobe Acrobat Pro license has expired for the Marketing department. Three users unable to edit PDFs.
T20260226.0008,QuickBooks not launching after update,QuickBooks Desktop crashes immediately on launch after the latest update was applied overnight.,"Hewitt Associates, Inc.",Primary Location,Complete,Medium,Email,2.0,"Anderson, Scott",IT:Service Manager,IT:Level II,Triage,,,"Hewitt Associates, Inc. - Block Hour",IT:Premium SLA,2026-02-26 00:30:00,"Administrator, Autotask",2026-03-04 12:00:00,2026-03-05 11:00:00,2026-02-26 00:30:00,"Rolled back the problematic QuickBooks update (R5 to R4), repaired the company file using the QuickBooks File Doctor tool, and verified the application launches and data integrity is intact. Deferred the update pending a patch from Intuit.","Anderson, Scott",False,2,2.0,True,155.5,6.48,0.0,178.5,,5,13,QuickBooks not launching after update QuickBooks Desktop crashes immediately on launch after the latest update was applied overnight.
T20260131.0009,VPN connection drops intermittently,"Remote employee experiences frequent VPN disconnections throughout the day, disrupting access to internal resources.","Hewitt Associates, Inc.",Primary Location,Complete,High,Email,2.0,"Moore, James",IT:Technician II,IT:Change Requests,Triage,,,"Hewitt Associates, Inc. - Block Hour",IT:Premium SLA,2026-01-31 10:00:00,"Administrator, Autotask",2026-02-06 07:30:00,2026-02-09 11:00:00,2026-01-31 10:00:00,"Diagnosed intermittent VPN disconnections to a conflicting network adapter driver. Updated the adapter driver, disabled IPv6 on the VPN tunnel adapter, and adjusted the idle timeout setting in the GlobalProtect client. Verified stable connectivity over a 4-hour remote session with no drops.","Moore, James",False,3,2.0,True,141.5,5.9,0.0,217.0,,4,14,"VPN connection drops intermittently Remote employee experiences frequent VPN disconnections throughout the day, disrupting access to internal resources."
T20260105.0011,File recovery request,User accidentally deleted a folder from the shared drive and needs it restored from backup.,"Hewitt Associates, Inc.",Primary Location,Complete,Medium,Email,2.0,"Anderson, Scott",IT:Service Manager,IT:Level I,Triage,,,"Hewitt Associates, Inc. - Block Hour",IT:Premium SLA,2026-01-05 13:00:00,"Administrator, Autotask",2026-01-13 17:00:00,2026-01-12 16:00:00,2026-01-05 13:00:00,Restored the deleted folder and all contents from the previous night's Veeam backup snapshot. Verified file integrity and permissions match the original. Confirmed with the user that all expected files are present and accessible.,"Anderson, Scott",False,2,2.0,True,196.0,8.17,0.0,171.0,25.0,3,15,File recovery request User accidentally deleted a folder from the shared drive and needs it restored from backup.
T20260216.0007,Email bouncing back to external clients,Several external clients report emails to our sales team are bouncing back with a 550 error.,"Hewitt Associates, Inc.",Primary Location,Complete,Critical,Email,2.0,"Moore, James",IT:Technician II,IT:Change Requests,IT:Hardware,,,"Hewitt Associates, Inc. - Block Hour",IT:Premium SLA,2026-02-16 08:00:00,"Administrator, Autotask",2026-02-20 08:00:00,2026-02-23 11:00:00,2026-02-16 08:00:00,Identified an expired MX record pointing to a decommissioned mail relay. Updated DNS MX records to point to the current Exchange Online endpoints. Flushed DNS cache on the domain registrar. Confirmed external email delivery restored within 30 minutes.,"Moore, James",False,4,2.0,True,96.0,4.0,0.0,171.0,,6,16,Email bouncing back to external clients Several external clients report emails to our sales team are bouncing back with a 550 error.
T20260210.0005,Need access to CRM application,Sales rep needs access provisioned to the Salesforce CRM. Manager has approved the request.,"Hewitt Associates, Inc.",Primary Location,Complete,Low,Email,2.0,"Taylor, Mark",IT:Technician II,IT:Level II,IT:Change,,,"Hewitt Associates, Inc. - Block Hour",IT:Premium SLA,2026-02-10 00:00:00,"Administrator, Autotask",2026-02-17 12:00:00,2026-02-17 11:00:00,2026-02-10 00:00:00,"Provisioned Salesforce CRM access with the Sales Rep profile, added to the appropriate role hierarchy, and configured SSO via Azure AD. Verified the user can log in and access their assigned accounts and opportunities. Sent onboarding guide to the user.","Taylor, Mark",False,1,2.0,True,180.0,7.5,0.0,179.0,1.0,5,14,Need access to CRM application Sales rep needs access provisioned to the Salesforce CRM. Manager has approved the request.
T20260222.0012,OneDrive sync errors,User getting persistent sync conflict errors in OneDrive. Several files showing duplicate versions.,"Hewitt Associates, Inc.",Primary Location,Complete,Medium,Email,2.0,"Miller, Susan",SW:Support II,IT:Level I,SW:Support,,,"Hewitt Associates, Inc. - Block Hour",IT:Premium SLA,2026-02-22 16:00:00,"Administrator, Autotask",2026-02-27 20:30:00,2026-03-02 11:00:00,2026-02-22 16:00:00,"Identified sync conflicts caused by files exceeding the 256-character path length limit. Shortened the nested folder structure, resolved the duplicate file versions by keeping the most recent copies, and reset the OneDrive sync client. Sync now running clean with no errors.","Miller, Susan",False,2,2.0,True,124.5,5.19,0.0,187.0,,3,13,OneDrive sync errors User getting persistent sync conflict errors in OneDrive. Several files showing duplicate versions.
T20251230.0011,Windows update causing BSOD,Two workstations experiencing Blue Screen of Death after latest Windows cumulative update was installed.,"Hewitt Associates, Inc.",Primary Location,Complete,Critical,Email,2.0,"Taylor, Mark",IT:Technician II,IT:Change Requests,Triage,,,"Hewitt Associates, Inc. - Block Hour",IT:Premium SLA,2025-12-30 03:00:00,"Administrator, Autotask",2025-12-31 09:00:00,2026-01-06 11:00:00,2025-12-30 03:00:00,"Identified KB5034441 as the problematic update conflicting with the Symantec endpoint agent. Booted both machines into Safe Mode, uninstalled the update, and added it to the WSUS decline list. Both workstations stable. Coordinated with Symantec support for a compatibility fix before re-deploying the update.","Taylor, Mark",False,4,2.0,True,30.0,1.25,0.0,176.0,,4,14,Windows update causing BSOD Two workstations experiencing Blue Screen of Death after latest Windows cumulative update was installed.
T20251211.0009,Request for additional monitor,Department manager requesting a second monitor for their workstation to improve productivity.,"Hewitt Associates, Inc.",Primary Location,Complete,Low,Email,2.0,"Moore, James",IT:Technician II,IT:Level II,SW:Change,,,"Hewitt Associates, Inc. - Block Hour",IT:Premium SLA,2025-12-11 01:30:00,"Administrator, Autotask",2025-12-14 13:30:00,2025-12-18 11:00:00,2025-12-11 01:30:00,Deployed a 24-inch Dell monitor from inventory to the user's desk. Connected via DisplayPort through existing docking station. Configured dual-monitor extended display and adjusted resolution settings per user preference.,"Moore, James",False,1,2.0,True,84.0,3.5,0.0,177.5,,4,12,Request for additional monitor Department manager requesting a second monitor for their workstation to improve productivity.
T20260102.0013,Keyboard and mouse not responding,User's wireless keyboard and mouse stopped working. New batteries did not fix the issue.,"Hewitt Associates, Inc.",Primary Location,Complete,Medium,Email,2.0,"Anderson, Scott",IT:Service Manager,IT:Change Requests,SW:Internal,,,"Hewitt Associates, Inc. - Block Hour",IT:Premium SLA,2026-01-02 10:30:00,"Administrator, Autotask",2026-01-12 08:00:00,2026-01-09 13:30:00,2026-01-02 10:30:00,"Determined the Logitech Unifying receiver had failed. Replaced the USB receiver, re-paired both the keyboard and mouse, and verified consistent input response. Provided a spare receiver to the user as backup.","Anderson, Scott",False,2,2.0,True,237.5,9.9,0.0,171.0,66.5,5,14,Keyboard and mouse not responding User's wireless keyboard and mouse stopped working. New batteries did not fix the issue.
T20260216.0008,Backup job failed overnight,Nightly backup job for the file server failed with a timeout error. Last successful backup was 3 days ago.,"Hewitt Associates, Inc.",Primary Location,Complete,Critical,Email,2.0,"Taylor, Mark",IT:Technician II,Triage,SW:Change,,,"Hewitt Associates, Inc. - Block Hour",IT:Premium SLA,2026-02-16 21:30:00,"Administrator, Autotask",2026-02-26 13:30:00,2026-02-24 11:00:00,2026-02-16 21:30:00,"Identified that a runaway database process was locking files during the backup window. Rescheduled the database maintenance job to complete before the backup window. Cleared the stale lock files, restarted the backup agent, and successfully ran a full backup. Verified backup integrity with a test restore.","Taylor, Mark",False,4,2.0,True,232.0,9.67,0.0,181.5,50.5,4,19,Backup job failed overnight Nightly backup job for the file server failed with a timeout error. Last successful backup was 3 days ago.
T20260216.0009,Teams calls have audio echo,Multiple users in the open office area report audio echo issues during Microsoft Teams calls.,"Hewitt Associates, Inc.",Primary Location,Complete,Medium,Email,2.0,"Miller, Susan",SW:Support II,IT:Level I,SW:Defect,,,"Hewitt Associates, Inc. - Block Hour",IT:Premium SLA,2026-02-16 11:30:00,"Administrator, Autotask",2026-02-21 01:30:00,2026-02-23 14:30:00,2026-02-16 11:30:00,"Identified that multiple users in close proximity were using laptop speakers instead of headsets, causing audio feedback loops. Distributed USB headsets to affected users and configured Teams audio settings to default to headset output. Echo issues eliminated.","Miller, Susan",False,2,2.0,True,110.0,4.58,0.0,171.0,,5,15,Teams calls have audio echo Multiple users in the open office area report audio echo issues during Microsoft Teams calls.
T20251224.0007,Slow computer performance,User's workstation takes over 5 minutes to boot and applications are sluggish. Machine is 4 years old with HDD.,"Hewitt Associates, Inc.",Primary Location,Complete,Medium,Email,2.0,"Miller, Susan",SW:Support II,IT:Level II,IT:Applications,,,"Hewitt Associates, Inc. - Block Hour",IT:Premium SLA,2025-12-24 05:30:00,"Administrator, Autotask",2026-01-01 18:00:00,2025-12-31 11:00:00,2025-12-24 05:30:00,"Replaced the mechanical HDD with a 500GB SSD, cloned the existing OS image, and increased RAM from 8GB to 16GB. Boot time reduced from 5+ minutes to 35 seconds. User confirmed significant performance improvement across all applications.","Miller, Susan",False,2,2.0,True,204.5,8.52,0.0,173.5,31.0,3,19,Slow computer performance User's workstation takes over 5 minutes to boot and applications are sluggish. Machine is 4 years old with HDD.
T20251223.0003,Shared drive access denied,User in Accounting cannot access the shared S: drive. Permissions appear correct in AD but access is still denied.,"Hewitt Associates, Inc.",Primary Location,Complete,Medium,Email,2.0,"Moore, James",IT:Technician II,IT:Level I,SW:Defect,,,"Hewitt Associates, Inc. - Block Hour",IT:Premium SLA,2025-12-23 17:30:00,"Administrator, Autotask",2026-01-01 20:00:00,2025-12-31 11:00:00,2025-12-23 17:30:00,"Identified a stale cached credential causing the access denial. Cleared the Windows Credential Manager entries for the file server, remapped the S: drive, and verified full read/write access to the Accounting share.","Moore, James",False,2,2.0,True,218.5,9.1,0.0,185.5,33.0,4,19,Shared drive access denied User in Accounting cannot access the shared S: drive. Permissions appear correct in AD but access is still denied.
T20251209.0014,Suspicious phishing email reported,Employee forwarded a suspicious email claiming to be from IT asking for credentials. Needs investigation.,"Hewitt Associates, Inc.",Primary Location,Complete,High,Email,2.0,"Moore, James",IT:Technician II,IT:Change Requests,Triage,,,"Hewitt Associates, Inc. - Block Hour",IT:Premium SLA,2025-12-09 22:00:00,"Administrator, Autotask",2025-12-10 09:30:00,2025-12-17 11:00:00,2025-12-09 22:00:00,"Confirmed the email as a phishing attempt originating from a spoofed domain. Blocked the sender domain in the email gateway, purged the message from all mailboxes using content search, and submitted the URL to Microsoft for blacklisting. Sent a company-wide phishing awareness reminder.","Moore, James",False,3,2.0,True,11.5,0.48,0.0,181.0,,4,15,Suspicious phishing email reported Employee forwarded a suspicious email claiming to be from IT asking for credentials. Needs investigation.
T20260225.0007,Internet speed slow at branch office,Branch office staff reporting significantly slower internet speeds since last week. ISP says no issues on their end.,"Hewitt Associates, Inc.",Primary Location,Complete,High,Email,2.0,"Taylor, Mark",IT:Technician II,IT:Change Requests,IT:Hardware,,,"Hewitt Associates, Inc. - Block Hour",IT:Premium SLA,2026-02-25 09:30:00,"Administrator, Autotask",2026-03-04 02:00:00,2026-03-04 12:30:00,2026-02-25 09:30:00,Traced the issue to a failing WAN interface on the branch firewall showing CRC errors. Replaced the SFP module and patch cable. Speeds returned to the provisioned 500Mbps symmetric. Monitored for 48 hours with no further degradation.,"Taylor, Mark",False,3,2.0,True,160.5,6.69,0.0,171.0,,6,18,Internet speed slow at branch office Branch office staff reporting significantly slower internet speeds since last week. ISP says no issues on their end.
T20260212.0015,Slow computer performance,User's workstation takes over 5 minutes to boot and applications are sluggish. Machine is 4 years old with HDD.,"Hewitt Associates, Inc.",Primary Location,Complete,Medium,Email,2.0,"Miller, Susan",SW:Support II,Triage,IT:Change,,,"Hewitt Associates, Inc. - Block Hour",IT:Premium SLA,2026-02-12 08:30:00,"Administrator, Autotask",2026-02-14 09:00:00,2026-02-19 11:30:00,2026-02-12 08:30:00,"Replaced the mechanical HDD with a 500GB SSD, cloned the existing OS image, and increased RAM from 8GB to 16GB. Boot time reduced from 5+ minutes to 35 seconds. User confirmed significant performance improvement across all applications.","Miller, Susan",False,2,2.0,True,48.5,2.02,0.0,171.0,,3,19,Slow computer performance User's workstation takes over 5 minutes to boot and applications are sluggish. Machine is 4 years old with HDD.
T20260122.0005,OneDrive sync errors,User getting persistent sync conflict errors in OneDrive. Several files showing duplicate versions.,"Hewitt Associates, Inc.",Primary Location,Complete,Medium,Email,2.0,"Miller, Susan",SW:Support II,IT:Level II,SW:Support,,,"Hewitt Associates, Inc. - Block Hour",IT:Premium SLA,2026-01-22 13:30:00,"Administrator, Autotask",2026-01-30 23:00:00,2026-01-29 16:30:00,2026-01-22 13:30:00,"Identified sync conflicts caused by files exceeding the 256-character path length limit. Shortened the nested folder structure, resolved the duplicate file versions by keeping the most recent copies, and reset the OneDrive sync client. Sync now running clean with no errors.","Miller, Susan",False,2,2.0,True,201.5,8.4,0.0,171.0,30.5,3,13,OneDrive sync errors User getting persistent sync conflict errors in OneDrive. Several files showing duplicate versions.
T20251204.0017,Backup job failed overnight,Nightly backup job for the file server failed with a timeout error. Last successful backup was 3 days ago.,"Hewitt Associates, Inc.",Primary Location,Complete,Critical,Email,2.0,"Taylor, Mark",IT:Technician II,Triage,IT:Applications,,,"Hewitt Associates, Inc. - Block Hour",IT:Premium SLA,2025-12-04 03:30:00,"Administrator, Autotask",2025-12-05 17:00:00,2025-12-11 11:00:00,2025-12-04 03:30:00,"Identified that a runaway database process was locking files during the backup window. Rescheduled the database maintenance job to complete before the backup window. Cleared the stale lock files, restarted the backup agent, and successfully ran a full backup. Verified backup integrity with a test restore.","Taylor, Mark",False,4,2.0,True,37.5,1.56,0.0,175.5,,4,19,Backup job failed overnight Nightly backup job for the file server failed with a timeout error. Last successful backup was 3 days ago.
T20251218.0010,Teams calls have audio echo,Multiple users in the open office area report audio echo issues during Microsoft Teams calls.,"Hewitt Associates, Inc.",Primary Location,Complete,Medium,Email,2.0,"Anderson, Scott",IT:Service Manager,IT:Change Requests,IT:Applications,,,"Hewitt Associates, Inc. - Block Hour",IT:Premium SLA,2025-12-18 19:00:00,"Administrator, Autotask",2025-12-23 01:30:00,2025-12-26 11:00:00,2025-12-18 19:00:00,"Identified that multiple users in close proximity were using laptop speakers instead of headsets, causing audio feedback loops. Distributed USB headsets to affected users and configured Teams audio settings to default to headset output. Echo issues eliminated.","Anderson, Scott",False,2,2.0,True,102.5,4.27,0.0,184.0,,5,15,Teams calls have audio echo Multiple users in the open office area report audio echo issues during Microsoft Teams calls.
T20251204.0018,VPN connection drops intermittently,"Remote employee experiences frequent VPN disconnections throughout the day, disrupting access to internal resources.","Hewitt Associates, Inc.",Primary Location,Complete,High,Email,2.0,"Anderson, Scott",IT:Service Manager,Triage,SW:Internal,,,"Hewitt Associates, Inc. - Block Hour",IT:Premium SLA,2025-12-04 18:00:00,"Administrator, Autotask",2025-12-14 11:30:00,2025-12-12 11:00:00,2025-12-04 18:00:00,"Diagnosed intermittent VPN disconnections to a conflicting network adapter driver. Updated the adapter driver, disabled IPv6 on the VPN tunnel adapter, and adjusted the idle timeout setting in the GlobalProtect client. Verified stable connectivity over a 4-hour remote session with no drops.","Anderson, Scott",False,3,2.0,True,233.5,9.73,0.0,185.0,48.5,4,14,"VPN connection drops intermittently Remote employee experiences frequent VPN disconnections throughout the day, disrupting access to internal resources."
T20260128.0005,New employee laptop setup,"New hire starting next Monday needs a laptop configured with standard software suite, email, and VPN access.","Hewitt Associates, Inc.",Primary Location,Complete,Low,Email,2.0,"Moore, James",IT:Technician II,IT:Level I,SW:Defect,,,"Hewitt Associates, Inc. - Block Hour",IT:Premium SLA,2026-01-28 19:00:00,"Administrator, Autotask",2026-01-30 06:30:00,2026-02-05 11:00:00,2026-01-28 19:00:00,"Configured new Dell Latitude with Windows 11, joined to domain, installed standard software suite (Office 365, Teams, GlobalProtect VPN, Adobe Reader). Set up email profile and verified VPN connectivity. Laptop ready for new hire.","Moore, James",False,1,2.0,True,35.5,1.48,0.0,184.0,,4,17,"New employee laptop setup New hire starting next Monday needs a laptop configured with standard software suite, email, and VPN access."
T20260219.0006,Request to install project management software,Project lead requesting installation of Monday.com desktop app on their workstation.,"Hewitt Associates, Inc.",Primary Location,Complete,Low,Email,2.0,"Taylor, Mark",IT:Technician II,IT:Level II,IT:Applications,,,"Hewitt Associates, Inc. - Block Hour",IT:Premium SLA,2026-02-19 21:00:00,"Administrator, Autotask",2026-02-26 15:30:00,2026-02-27 11:00:00,2026-02-19 21:00:00,"Installed Monday.com desktop application, configured SSO integration with company Azure AD credentials, and verified the user can access their project boards. Added the application to the approved software list.","Taylor, Mark",False,1,2.0,True,162.5,6.77,0.0,182.0,,6,11,Request to install project management software Project lead requesting installation of Monday.com desktop app on their workstation.
T20260210.0006,Printer jamming on 2nd floor,The shared HP LaserJet on the 2nd floor is consistently jamming when printing duplex jobs. Paper tray has been checked.,"Hewitt Associates, Inc.",Primary Location,Complete,Medium,Email,2.0,"Taylor, Mark",IT:Technician II,IT:Level I,SW:Support,,,"Hewitt Associates, Inc. - Block Hour",IT:Premium SLA,2026-02-10 22:30:00,"Administrator, Autotask",2026-02-19 02:30:00,2026-02-18 11:00:00,2026-02-10 22:30:00,Cleaned the duplex unit rollers and replaced worn pickup rollers. Recalibrated the paper path and ran 50 test duplex prints with no jams. Issue resolved.,"Taylor, Mark",False,2,2.0,True,196.0,8.17,0.0,180.5,15.5,5,20,Printer jamming on 2nd floor The shared HP LaserJet on the 2nd floor is consistently jamming when printing duplex jobs. Paper tray has been checked.
T20251207.0008,New employee laptop setup,"New hire starting next Monday needs a laptop configured with standard software suite, email, and VPN access.","Hewitt Associates, Inc.",Primary Location,Complete,Low,Email,2.0,"Miller, Susan",SW:Support II,Triage,SW:Change,,,"Hewitt Associates, Inc. - Block Hour",IT:Premium SLA,2025-12-07 17:30:00,"Administrator, Autotask",2025-12-10 19:30:00,2025-12-15 11:00:00,2025-12-07 17:30:00,"Configured new Dell Latitude with Windows 11, joined to domain, installed standard software suite (Office 365, Teams, GlobalProtect VPN, Adobe Reader). Set up email profile and verified VPN connectivity. Laptop ready for new hire.","Miller, Susan",False,1,2.0,True,74.0,3.08,0.0,185.5,,4,17,"New employee laptop setup New hire starting next Monday needs a laptop configured with standard software suite, email, and VPN access."
T20260217.0006,Shared drive access denied,User in Accounting cannot access the shared S: drive. Permissions appear correct in AD but access is still denied.,"Hewitt Associates, Inc.",Primary Location,Complete,Medium,Email,2.0,"Taylor, Mark",IT:Technician II,IT:Level I,IT:Change,,,"Hewitt Associates, Inc. - Block Hour",IT:Premium SLA,2026-02-17 15:00:00,"Administrator, Autotask",2026-02-24 17:00:00,2026-02-25 09:00:00,2026-02-17 15:00:00,"Identified a stale cached credential causing the access denial. Cleared the Windows Credential Manager entries for the file server, remapped the S: drive, and verified full read/write access to the Accounting share.","Taylor, Mark",False,2,2.0,True,170.0,7.08,0.0,186.0,,4,19,Shared drive access denied User in Accounting cannot access the shared S: drive. Permissions appear correct in AD but access is still denied.
T20260117.0007,New user account creation,"HR requests new Active Directory account, email, and standard group memberships for incoming Accounting associate.","Hewitt Associates, Inc.",Primary Location,Complete,Low,Email,2.0,"Taylor, Mark",IT:Technician II,IT:Change Requests,SW:Defect,,,"Hewitt Associates, Inc. - Block Hour",IT:Premium SLA,2026-01-17 06:00:00,"Administrator, Autotask",2026-01-27 02:00:00,2026-01-26 11:00:00,2026-01-17 06:00:00,"Created AD account with standard naming convention, added to Accounting security and distribution groups, provisioned Exchange Online mailbox, and configured OneDrive. Sent welcome credentials to the hiring manager via secure channel.","Taylor, Mark",False,1,2.0,True,236.0,9.83,0.0,221.0,15.0,4,15,"New user account creation HR requests new Active Directory account, email, and standard group memberships for incoming Accounting associate."
T20251211.0010,Backup job failed overnight,Nightly backup job for the file server failed with a timeout error. Last successful backup was 3 days ago.,"Hewitt Associates, Inc.",Primary Location,Complete,Critical,Email,2.0,"Miller, Susan",SW:Support II,IT:Level I,IT:Applications,,,"Hewitt Associates, Inc. - Block Hour",IT:Premium SLA,2025-12-11 03:30:00,"Administrator, Autotask",2025-12-17 23:30:00,2025-12-18 11:00:00,2025-12-11 03:30:00,"Identified that a runaway database process was locking files during the backup window. Rescheduled the database maintenance job to complete before the backup window. Cleared the stale lock files, restarted the backup agent, and successfully ran a full backup. Verified backup integrity with a test restore.","Miller, Susan",False,4,2.0,True,164.0,6.83,0.0,175.5,,4,19,Backup job failed overnight Nightly backup job for the file server failed with a timeout error. Last successful backup was 3 days ago.
T20251205.0013,Network printer offline,The Ricoh copier/printer in the main office shows offline status for all users. Physical device appears powered on.,"Hewitt Associates, Inc.",Primary Location,Complete,High,Email,2.0,"Taylor, Mark",IT:Technician II,IT:Level I,SW:Internal,,,"Hewitt Associates, Inc. - Block Hour",IT:Premium SLA,2025-12-05 23:30:00,"Administrator, Autotask",2025-12-08 11:00:00,2025-12-15 11:00:00,2025-12-05 23:30:00,"Found the printer had obtained a new DHCP IP address after a network switch reboot. Assigned a static IP reservation in DHCP, updated the printer port configuration on the print server, and redeployed the printer via GPO. All users can now print successfully.","Taylor, Mark",False,3,2.0,True,59.5,2.48,0.0,227.5,,3,18,Network printer offline The Ricoh copier/printer in the main office shows offline status for all users. Physical device appears powered on.
T20260124.0014,Laptop battery not holding charge,User's Dell laptop battery drains from 100% to 0% in under an hour. Laptop is 2 years old.,"Hewitt Associates, Inc.",Primary Location,Complete,Medium,Email,2.0,"Moore, James",IT:Technician II,IT:Change Requests,SW:Support,,,"Hewitt Associates, Inc. - Block Hour",IT:Premium SLA,2026-01-24 22:30:00,"Administrator, Autotask",2026-01-26 22:00:00,2026-02-02 11:00:00,2026-01-24 22:30:00,Ran Dell battery diagnostics which confirmed the battery health at 12% capacity. Ordered and installed a replacement battery under the ProSupport warranty. New battery holds a full charge for 6+ hours. Calibrated the battery and updated BIOS.,"Moore, James",False,2,2.0,True,47.5,1.98,0.0,204.5,,5,18,Laptop battery not holding charge User's Dell laptop battery drains from 100% to 0% in under an hour. Laptop is 2 years old.
T20251220.0011,Keyboard and mouse not responding,User's wireless keyboard and mouse stopped working. New batteries did not fix the issue.,"Hewitt Associates, Inc.",Primary Location,Complete,Medium,Email,2.0,"Moore, James",IT:Technician II,Triage,IT:Change,,,"Hewitt Associates, Inc. - Block Hour",IT:Premium SLA,2025-12-20 21:00:00,"Administrator, Autotask",2025-12-27 20:30:00,2025-12-29 11:00:00,2025-12-20 21:00:00,"Determined the Logitech Unifying receiver had failed. Replaced the USB receiver, re-paired both the keyboard and mouse, and verified consistent input response. Provided a spare receiver to the user as backup.","Moore, James",False,2,2.0,True,167.5,6.98,0.0,206.0,,5,14,Keyboard and mouse not responding User's wireless keyboard and mouse stopped working. New batteries did not fix the issue.
T20251203.0007,Internet speed slow at branch office,Branch office staff reporting significantly slower internet speeds since last week. ISP says no issues on their end.,"Hewitt Associates, Inc.",Primary Location,Complete,High,Email,2.0,"Miller, Susan",SW:Support II,IT:Level I,IT:Change,,,"Hewitt Associates, Inc. - Block Hour",IT:Premium SLA,2025-12-03 23:30:00,"Administrator, Autotask",2025-12-06 19:00:00,2025-12-11 11:00:00,2025-12-03 23:30:00,Traced the issue to a failing WAN interface on the branch firewall showing CRC errors. Replaced the SFP module and patch cable. Speeds returned to the provisioned 500Mbps symmetric. Monitored for 48 hours with no further degradation.,"Miller, Susan",False,3,2.0,True,67.5,2.81,0.0,179.5,,6,18,Internet speed slow at branch office Branch office staff reporting significantly slower internet speeds since last week. ISP says no issues on their end.
T20260104.0010,Suspicious phishing email reported,Employee forwarded a suspicious email claiming to be from IT asking for credentials. Needs investigation.,"Hewitt Associates, Inc.",Primary Location,Complete,High,Email,2.0,"Anderson, Scott",IT:Service Manager,IT:Change Requests,SW:Defect,,,"Hewitt Associates, Inc. - Block Hour",IT:Premium SLA,2026-01-04 19:30:00,"Administrator, Autotask",2026-01-04 20:00:00,2026-01-12 11:00:00,2026-01-04 19:30:00,"Confirmed the email as a phishing attempt originating from a spoofed domain. Blocked the sender domain in the email gateway, purged the message from all mailboxes using content search, and submitted the URL to Microsoft for blacklisting. Sent a company-wide phishing awareness reminder.","Anderson, Scott",False,3,2.0,True,0.5,0.02,0.0,183.5,,4,15,Suspicious phishing email reported Employee forwarded a suspicious email claiming to be from IT asking for credentials. Needs investigation.
T20260208.0011,Software license expired for Adobe Acrobat,Adobe Acrobat Pro license has expired for the Marketing department. Three users unable to edit PDFs.,"Hewitt Associates, Inc.",Primary Location,Complete,Low,Email,2.0,"Miller, Susan",SW:Support II,IT:Level II,SW:Change,,,"Hewitt Associates, Inc. - Block Hour",IT:Premium SLA,2026-02-08 04:30:00,"Administrator, Autotask",2026-02-17 02:00:00,2026-02-16 11:00:00,2026-02-08 04:30:00,Procured three Adobe Acrobat Pro renewal licenses through the company's volume licensing agreement. Activated licenses on all three Marketing workstations and confirmed PDF editing functionality restored.,"Miller, Susan",False,1,2.0,True,213.5,8.9,0.0,198.5,15.0,6,16,Software license expired for Adobe Acrobat Adobe Acrobat Pro license has expired for the Marketing department. Three users unable to edit PDFs.
T20260119.0011,Server room temperature alert,Environmental monitoring system triggered a high-temperature alert in the server room. HVAC may be malfunctioning.,"Hewitt Associates, Inc.",Primary Location,Complete,Critical,Email,2.0,"Moore, James",IT:Technician II,Triage,IT:Hardware,,,"Hewitt Associates, Inc. - Block Hour",IT:Premium SLA,2026-01-19 06:00:00,"Administrator, Autotask",2026-01-27 22:30:00,2026-01-26 11:00:00,2026-01-19 06:00:00,Responded to the alert within 15 minutes. Found the primary CRAC unit had a frozen evaporator coil. Switched to the redundant cooling unit and contacted the HVAC vendor for emergency service. Primary unit repaired and back online within 4 hours. Temperature stabilized at 68掳F.,"Moore, James",False,4,2.0,True,208.5,8.69,0.0,173.0,35.5,4,15,Server room temperature alert Environmental monitoring system triggered a high-temperature alert in the server room. HVAC may be malfunctioning.
T20251220.0013,VPN connection drops intermittently,"Remote employee experiences frequent VPN disconnections throughout the day, disrupting access to internal resources.","Hewitt Associates, Inc.",Primary Location,Complete,High,Email,2.0,"Anderson, Scott",IT:Service Manager,IT:Level I,Triage,,,"Hewitt Associates, Inc. - Block Hour",IT:Premium SLA,2025-12-20 15:30:00,"Administrator, Autotask",2025-12-23 02:30:00,2025-12-29 11:00:00,2025-12-20 15:30:00,"Diagnosed intermittent VPN disconnections to a conflicting network adapter driver. Updated the adapter driver, disabled IPv6 on the VPN tunnel adapter, and adjusted the idle timeout setting in the GlobalProtect client. Verified stable connectivity over a 4-hour remote session with no drops.","Anderson, Scott",False,3,2.0,True,59.0,2.46,0.0,211.5,,4,14,"VPN connection drops intermittently Remote employee experiences frequent VPN disconnections throughout the day, disrupting access to internal resources."
T20251214.0006,Wi-Fi connectivity issues in conference room B,Staff report intermittent Wi-Fi drops in conference room B during video calls. Signal strength appears weak.,"Hewitt Associates, Inc.",Primary Location,Complete,Medium,Email,2.0,"Anderson, Scott",IT:Service Manager,Triage,Triage,,,"Hewitt Associates, Inc. - Block Hour",IT:Premium SLA,2025-12-14 04:30:00,"Administrator, Autotask",2025-12-17 14:30:00,2025-12-22 11:00:00,2025-12-14 04:30:00,"Performed a wireless site survey and identified signal interference from an adjacent microwave and a neighboring AP on the same channel. Changed the AP channel, increased transmit power, and repositioned the access point. Signal strength improved from -75dBm to -55dBm. Tested with multiple concurrent video calls successfully.","Anderson, Scott",False,2,2.0,True,82.0,3.42,0.0,198.5,,7,16,Wi-Fi connectivity issues in conference room B Staff report intermittent Wi-Fi drops in conference room B during video calls. Signal strength appears weak.
T20260129.0007,Request to install project management software,Project lead requesting installation of Monday.com desktop app on their workstation.,"Hewitt Associates, Inc.",Primary Location,Complete,Low,Email,2.0,"Taylor, Mark",IT:Technician II,IT:Level I,Triage,,,"Hewitt Associates, Inc. - Block Hour",IT:Premium SLA,2026-01-29 01:30:00,"Administrator, Autotask",2026-02-07 02:00:00,2026-02-05 11:00:00,2026-01-29 01:30:00,"Installed Monday.com desktop application, configured SSO integration with company Azure AD credentials, and verified the user can access their project boards. Added the application to the approved software list.","Taylor, Mark",False,1,2.0,True,216.5,9.02,0.0,177.5,39.0,6,11,Request to install project management software Project lead requesting installation of Monday.com desktop app on their workstation.
T20260221.0009,MFA not working on mobile device,User replaced their phone and can no longer receive MFA push notifications. Needs MFA token re-enrolled.,"Hewitt Associates, Inc.",Primary Location,Complete,High,Email,2.0,"Taylor, Mark",IT:Technician II,IT:Change Requests,IT:Hardware,,,"Hewitt Associates, Inc. - Block Hour",IT:Premium SLA,2026-02-21 12:30:00,"Administrator, Autotask",2026-03-02 10:30:00,2026-03-02 11:00:00,2026-02-21 12:30:00,"Revoked the old MFA token in Azure AD, re-enrolled the user's new device with Microsoft Authenticator, and verified push notifications working. Confirmed successful MFA login from both mobile and desktop.","Taylor, Mark",False,3,2.0,True,214.0,8.92,0.0,214.5,,6,16,MFA not working on mobile device User replaced their phone and can no longer receive MFA push notifications. Needs MFA token re-enrolled.
T20260226.0011,Zoom meeting room setup,Need to configure the new conference room TV and camera system for Zoom Rooms integration.,"Hewitt Associates, Inc.",Primary Location,Complete,Low,Email,2.0,"Taylor, Mark",IT:Technician II,Triage,IT:Hardware,,,"Hewitt Associates, Inc. - Block Hour",IT:Premium SLA,2026-02-26 08:00:00,"Administrator, Autotask",2026-02-27 03:30:00,2026-03-05 11:00:00,2026-02-26 08:00:00,"Mounted the Logitech Rally camera system, connected to the conference room PC, and configured Zoom Rooms with the company license. Set up one-touch join with the room calendar integration. Tested audio, video, and screen sharing with a remote participant successfully.","Taylor, Mark",False,1,2.0,True,19.5,0.81,0.0,171.0,,4,15,Zoom meeting room setup Need to configure the new conference room TV and camera system for Zoom Rooms integration.
T20260201.0009,File recovery request,User accidentally deleted a folder from the shared drive and needs it restored from backup.,"Hewitt Associates, Inc.",Primary Location,Complete,Medium,Email,2.0,"Miller, Susan",SW:Support II,IT:Level I,IT:Applications,,,"Hewitt Associates, Inc. - Block Hour",IT:Premium SLA,2026-02-01 03:30:00,"Administrator, Autotask",2026-02-04 17:00:00,2026-02-09 11:00:00,2026-02-01 03:30:00,Restored the deleted folder and all contents from the previous night's Veeam backup snapshot. Verified file integrity and permissions match the original. Confirmed with the user that all expected files are present and accessible.,"Miller, Susan",False,2,2.0,True,85.5,3.56,0.0,199.5,,3,15,File recovery request User accidentally deleted a folder from the shared drive and needs it restored from backup.
T20260109.0004,Server room temperature alert,Environmental monitoring system triggered a high-temperature alert in the server room. HVAC may be malfunctioning.,"Hewitt Associates, Inc.",Primary Location,Complete,Critical,Email,2.0,"Taylor, Mark",IT:Technician II,Triage,IT:Change,,,"Hewitt Associates, Inc. - Block Hour",IT:Premium SLA,2026-01-09 23:00:00,"Administrator, Autotask",2026-01-16 05:00:00,2026-01-19 11:00:00,2026-01-09 23:00:00,Responded to the alert within 15 minutes. Found the primary CRAC unit had a frozen evaporator coil. Switched to the redundant cooling unit and contacted the HVAC vendor for emergency service. Primary unit repaired and back online within 4 hours. Temperature stabilized at 68掳F.,"Taylor, Mark",False,4,2.0,True,150.0,6.25,0.0,228.0,,4,15,Server room temperature alert Environmental monitoring system triggered a high-temperature alert in the server room. HVAC may be malfunctioning.
T20251205.0014,QuickBooks not launching after update,QuickBooks Desktop crashes immediately on launch after the latest update was applied overnight.,"Hewitt Associates, Inc.",Primary Location,Complete,Medium,Email,2.0,"Moore, James",IT:Technician II,Triage,SW:Internal,,,"Hewitt Associates, Inc. - Block Hour",IT:Premium SLA,2025-12-05 02:30:00,"Administrator, Autotask",2025-12-12 11:30:00,2025-12-12 11:00:00,2025-12-05 02:30:00,"Rolled back the problematic QuickBooks update (R5 to R4), repaired the company file using the QuickBooks File Doctor tool, and verified the application launches and data integrity is intact. Deferred the update pending a patch from Intuit.","Moore, James",False,2,2.0,True,177.0,7.38,0.0,176.5,0.5,5,13,QuickBooks not launching after update QuickBooks Desktop crashes immediately on launch after the latest update was applied overnight.
T20260209.0011,Network printer offline,The Ricoh copier/printer in the main office shows offline status for all users. Physical device appears powered on.,"Hewitt Associates, Inc.",Primary Location,Complete,High,Email,2.0,"Anderson, Scott",IT:Service Manager,IT:Level I,IT:Applications,,,"Hewitt Associates, Inc. - Block Hour",IT:Premium SLA,2026-02-09 09:00:00,"Administrator, Autotask",2026-02-18 04:00:00,2026-02-16 12:00:00,2026-02-09 09:00:00,"Found the printer had obtained a new DHCP IP address after a network switch reboot. Assigned a static IP reservation in DHCP, updated the printer port configuration on the print server, and redeployed the printer via GPO. All users can now print successfully.","Anderson, Scott",False,3,2.0,True,211.0,8.79,0.0,171.0,40.0,3,18,Network printer offline The Ricoh copier/printer in the main office shows offline status for all users. Physical device appears powered on.
T20260301.0005,Suspicious phishing email reported,Employee forwarded a suspicious email claiming to be from IT asking for credentials. Needs investigation.,"Hewitt Associates, Inc.",Primary Location,Complete,High,Email,2.0,"Miller, Susan",SW:Support II,IT:Level II,SW:Internal,,,"Hewitt Associates, Inc. - Block Hour",IT:Premium SLA,2026-03-01 23:00:00,"Administrator, Autotask",2026-03-09 10:30:00,2026-03-09 11:00:00,2026-03-01 23:00:00,"Confirmed the email as a phishing attempt originating from a spoofed domain. Blocked the sender domain in the email gateway, purged the message from all mailboxes using content search, and submitted the URL to Microsoft for blacklisting. Sent a company-wide phishing awareness reminder.","Miller, Susan",False,3,2.0,True,179.5,7.48,0.0,180.0,,4,15,Suspicious phishing email reported Employee forwarded a suspicious email claiming to be from IT asking for credentials. Needs investigation.
T20260130.0007,Windows update causing BSOD,Two workstations experiencing Blue Screen of Death after latest Windows cumulative update was installed.,"Hewitt Associates, Inc.",Primary Location,Complete,Critical,Email,2.0,"Miller, Susan",SW:Support II,Triage,SW:Change,,,"Hewitt Associates, Inc. - Block Hour",IT:Premium SLA,2026-01-30 10:00:00,"Administrator, Autotask",2026-02-07 19:00:00,2026-02-06 13:00:00,2026-01-30 10:00:00,"Identified KB5034441 as the problematic update conflicting with the Symantec endpoint agent. Booted both machines into Safe Mode, uninstalled the update, and added it to the WSUS decline list. Both workstations stable. Coordinated with Symantec support for a compatibility fix before re-deploying the update.","Miller, Susan",False,4,2.0,True,201.0,8.38,0.0,171.0,30.0,4,14,Windows update causing BSOD Two workstations experiencing Blue Screen of Death after latest Windows cumulative update was installed.
T20260102.0014,New user account creation,"HR requests new Active Directory account, email, and standard group memberships for incoming Accounting associate.","Hewitt Associates, Inc.",Primary Location,Complete,Low,Email,2.0,"Taylor, Mark",IT:Technician II,IT:Change Requests,IT:Hardware,,,"Hewitt Associates, Inc. - Block Hour",IT:Premium SLA,2026-01-02 21:30:00,"Administrator, Autotask",2026-01-05 05:00:00,2026-01-12 11:00:00,2026-01-02 21:30:00,"Created AD account with standard naming convention, added to Accounting security and distribution groups, provisioned Exchange Online mailbox, and configured OneDrive. Sent welcome credentials to the hiring manager via secure channel.","Taylor, Mark",False,1,2.0,True,55.5,2.31,0.0,229.5,,4,15,"New user account creation HR requests new Active Directory account, email, and standard group memberships for incoming Accounting associate."
T20260124.0015,Software license expired for Adobe Acrobat,Adobe Acrobat Pro license has expired for the Marketing department. Three users unable to edit PDFs.,"Hewitt Associates, Inc.",Primary Location,Complete,Low,Email,2.0,"Taylor, Mark",IT:Technician II,Triage,IT:Applications,,,"Hewitt Associates, Inc. - Block Hour",IT:Premium SLA,2026-01-24 02:00:00,"Administrator, Autotask",2026-01-30 17:00:00,2026-02-02 11:00:00,2026-01-24 02:00:00,Procured three Adobe Acrobat Pro renewal licenses through the company's volume licensing agreement. Activated licenses on all three Marketing workstations and confirmed PDF editing functionality restored.,"Taylor, Mark",False,1,2.0,True,159.0,6.62,0.0,225.0,,6,16,Software license expired for Adobe Acrobat Adobe Acrobat Pro license has expired for the Marketing department. Three users unable to edit PDFs.
T20260102.0015,Teams calls have audio echo,Multiple users in the open office area report audio echo issues during Microsoft Teams calls.,"Hewitt Associates, Inc.",Primary Location,Complete,Medium,Email,2.0,"Moore, James",IT:Technician II,Triage,IT:Hardware,,,"Hewitt Associates, Inc. - Block Hour",IT:Premium SLA,2026-01-02 23:30:00,"Administrator, Autotask",2026-01-12 08:00:00,2026-01-12 11:00:00,2026-01-02 23:30:00,"Identified that multiple users in close proximity were using laptop speakers instead of headsets, causing audio feedback loops. Distributed USB headsets to affected users and configured Teams audio settings to default to headset output. Echo issues eliminated.","Moore, James",False,2,2.0,True,224.5,9.35,0.0,227.5,,5,15,Teams calls have audio echo Multiple users in the open office area report audio echo issues during Microsoft Teams calls.
T20260125.0010,Request for additional monitor,Department manager requesting a second monitor for their workstation to improve productivity.,"Hewitt Associates, Inc.",Primary Location,Complete,Low,Email,2.0,"Moore, James",IT:Technician II,IT:Level II,SW:Change,,,"Hewitt Associates, Inc. - Block Hour",IT:Premium SLA,2026-01-25 20:00:00,"Administrator, Autotask",2026-02-03 09:30:00,2026-02-02 11:00:00,2026-01-25 20:00:00,Deployed a 24-inch Dell monitor from inventory to the user's desk. Connected via DisplayPort through existing docking station. Configured dual-monitor extended display and adjusted resolution settings per user preference.,"Moore, James",False,1,2.0,True,205.5,8.56,0.0,183.0,22.5,4,12,Request for additional monitor Department manager requesting a second monitor for their workstation to improve productivity.
T20260110.0011,Desk phone not receiving calls,User's VoIP desk phone rings but no audio when answered. Other phones on the same switch work fine.,"Hewitt Associates, Inc.",Primary Location,Complete,Medium,Email,2.0,"Taylor, Mark",IT:Technician II,IT:Level I,SW:Defect,,,"Hewitt Associates, Inc. - Block Hour",IT:Premium SLA,2026-01-10 10:30:00,"Administrator, Autotask",2026-01-16 05:00:00,2026-01-19 11:00:00,2026-01-10 10:30:00,Found the phone's audio codec settings had been reset to a non-supported format after a firmware auto-update. Reconfigured the codec priority to G.711 and rebooted the phone. Two-way audio confirmed working on both internal and external calls.,"Taylor, Mark",False,2,2.0,True,138.5,5.77,0.0,216.5,,5,18,Desk phone not receiving calls User's VoIP desk phone rings but no audio when answered. Other phones on the same switch work fine.
T20260218.0016,Keyboard and mouse not responding,User's wireless keyboard and mouse stopped working. New batteries did not fix the issue.,"Hewitt Associates, Inc.",Primary Location,Complete,Medium,Email,2.0,"Anderson, Scott",IT:Service Manager,IT:Level I,SW:Internal,,,"Hewitt Associates, Inc. - Block Hour",IT:Premium SLA,2026-02-18 10:00:00,"Administrator, Autotask",2026-02-23 18:00:00,2026-02-25 13:00:00,2026-02-18 10:00:00,"Determined the Logitech Unifying receiver had failed. Replaced the USB receiver, re-paired both the keyboard and mouse, and verified consistent input response. Provided a spare receiver to the user as backup.","Anderson, Scott",False,2,2.0,True,128.0,5.33,0.0,171.0,,5,14,Keyboard and mouse not responding User's wireless keyboard and mouse stopped working. New batteries did not fix the issue.
T20251203.0008,Printer jamming on 2nd floor,The shared HP LaserJet on the 2nd floor is consistently jamming when printing duplex jobs. Paper tray has been checked.,"Hewitt Associates, Inc.",Primary Location,Complete,Medium,Email,2.0,"Moore, James",IT:Technician II,IT:Level I,SW:Defect,,,"Hewitt Associates, Inc. - Block Hour",IT:Premium SLA,2025-12-03 10:30:00,"Administrator, Autotask",2025-12-12 16:30:00,2025-12-10 13:30:00,2025-12-03 10:30:00,Cleaned the duplex unit rollers and replaced worn pickup rollers. Recalibrated the paper path and ran 50 test duplex prints with no jams. Issue resolved.,"Moore, James",False,2,2.0,True,222.0,9.25,0.0,171.0,51.0,5,20,Printer jamming on 2nd floor The shared HP LaserJet on the 2nd floor is consistently jamming when printing duplex jobs. Paper tray has been checked.
T20251210.0010,Need access to CRM application,Sales rep needs access provisioned to the Salesforce CRM. Manager has approved the request.,"Hewitt Associates, Inc.",Primary Location,Complete,Low,Email,2.0,"Miller, Susan",SW:Support II,Triage,IT:Hardware,,,"Hewitt Associates, Inc. - Block Hour",IT:Premium SLA,2025-12-10 00:00:00,"Administrator, Autotask",2025-12-18 08:00:00,2025-12-17 11:00:00,2025-12-10 00:00:00,"Provisioned Salesforce CRM access with the Sales Rep profile, added to the appropriate role hierarchy, and configured SSO via Azure AD. Verified the user can log in and access their assigned accounts and opportunities. Sent onboarding guide to the user.","Miller, Susan",False,1,2.0,True,200.0,8.33,0.0,179.0,21.0,5,14,Need access to CRM application Sales rep needs access provisioned to the Salesforce CRM. Manager has approved the request.
T20260108.0007,Server room temperature alert,Environmental monitoring system triggered a high-temperature alert in the server room. HVAC may be malfunctioning.,"Hewitt Associates, Inc.",Primary Location,Complete,Critical,Email,2.0,"Taylor, Mark",IT:Technician II,Triage,SW:Defect,,,"Hewitt Associates, Inc. - Block Hour",IT:Premium SLA,2026-01-08 21:00:00,"Administrator, Autotask",2026-01-17 15:00:00,2026-01-16 11:00:00,2026-01-08 21:00:00,Responded to the alert within 15 minutes. Found the primary CRAC unit had a frozen evaporator coil. Switched to the redundant cooling unit and contacted the HVAC vendor for emergency service. Primary unit repaired and back online within 4 hours. Temperature stabilized at 68掳F.,"Taylor, Mark",False,4,2.0,True,210.0,8.75,0.0,182.0,28.0,4,15,Server room temperature alert Environmental monitoring system triggered a high-temperature alert in the server room. HVAC may be malfunctioning.
T20260203.0009,File recovery request,User accidentally deleted a folder from the shared drive and needs it restored from backup.,"Hewitt Associates, Inc.",Primary Location,Complete,Medium,Email,2.0,"Anderson, Scott",IT:Service Manager,Triage,SW:Defect,,,"Hewitt Associates, Inc. - Block Hour",IT:Premium SLA,2026-02-03 00:00:00,"Administrator, Autotask",2026-02-08 21:30:00,2026-02-10 11:00:00,2026-02-03 00:00:00,Restored the deleted folder and all contents from the previous night's Veeam backup snapshot. Verified file integrity and permissions match the original. Confirmed with the user that all expected files are present and accessible.,"Anderson, Scott",False,2,2.0,True,141.5,5.9,0.0,179.0,,3,15,File recovery request User accidentally deleted a folder from the shared drive and needs it restored from backup.
T20251211.0011,MFA not working on mobile device,User replaced their phone and can no longer receive MFA push notifications. Needs MFA token re-enrolled.,"Hewitt Associates, Inc.",Primary Location,Complete,High,Email,2.0,"Miller, Susan",SW:Support II,Triage,SW:Change,,,"Hewitt Associates, Inc. - Block Hour",IT:Premium SLA,2025-12-11 00:00:00,"Administrator, Autotask",2025-12-11 15:30:00,2025-12-18 11:00:00,2025-12-11 00:00:00,"Revoked the old MFA token in Azure AD, re-enrolled the user's new device with Microsoft Authenticator, and verified push notifications working. Confirmed successful MFA login from both mobile and desktop.","Miller, Susan",False,3,2.0,True,15.5,0.65,0.0,179.0,,6,16,MFA not working on mobile device User replaced their phone and can no longer receive MFA push notifications. Needs MFA token re-enrolled.
T20260113.0012,QuickBooks not launching after update,QuickBooks Desktop crashes immediately on launch after the latest update was applied overnight.,"Hewitt Associates, Inc.",Primary Location,Complete,Medium,Email,2.0,"Moore, James",IT:Technician II,IT:Level I,SW:Defect,,,"Hewitt Associates, Inc. - Block Hour",IT:Premium SLA,2026-01-13 09:00:00,"Administrator, Autotask",2026-01-16 21:00:00,2026-01-20 12:00:00,2026-01-13 09:00:00,"Rolled back the problematic QuickBooks update (R5 to R4), repaired the company file using the QuickBooks File Doctor tool, and verified the application launches and data integrity is intact. Deferred the update pending a patch from Intuit.","Moore, James",False,2,2.0,True,84.0,3.5,0.0,171.0,,5,13,QuickBooks not launching after update QuickBooks Desktop crashes immediately on launch after the latest update was applied overnight.
T20260101.0014,New employee laptop setup,"New hire starting next Monday needs a laptop configured with standard software suite, email, and VPN access.","Hewitt Associates, Inc.",Primary Location,Complete,Low,Email,2.0,"Miller, Susan",SW:Support II,IT:Change Requests,Triage,,,"Hewitt Associates, Inc. - Block Hour",IT:Premium SLA,2026-01-01 07:00:00,"Administrator, Autotask",2026-01-07 06:30:00,2026-01-08 11:00:00,2026-01-01 07:00:00,"Configured new Dell Latitude with Windows 11, joined to domain, installed standard software suite (Office 365, Teams, GlobalProtect VPN, Adobe Reader). Set up email profile and verified VPN connectivity. Laptop ready for new hire.","Miller, Susan",False,1,2.0,True,143.5,5.98,0.0,172.0,,4,17,"New employee laptop setup New hire starting next Monday needs a laptop configured with standard software suite, email, and VPN access."
T20251206.0007,Suspicious phishing email reported,Employee forwarded a suspicious email claiming to be from IT asking for credentials. Needs investigation.,"Hewitt Associates, Inc.",Primary Location,Complete,High,Email,2.0,"Miller, Susan",SW:Support II,Triage,SW:Support,,,"Hewitt Associates, Inc. - Block Hour",IT:Premium SLA,2025-12-06 19:00:00,"Administrator, Autotask",2025-12-11 14:30:00,2025-12-15 11:00:00,2025-12-06 19:00:00,"Confirmed the email as a phishing attempt originating from a spoofed domain. Blocked the sender domain in the email gateway, purged the message from all mailboxes using content search, and submitted the URL to Microsoft for blacklisting. Sent a company-wide phishing awareness reminder.","Miller, Susan",False,3,2.0,True,115.5,4.81,0.0,208.0,,4,15,Suspicious phishing email reported Employee forwarded a suspicious email claiming to be from IT asking for credentials. Needs investigation.
T20260209.0012,Wi-Fi connectivity issues in conference room B,Staff report intermittent Wi-Fi drops in conference room B during video calls. Signal strength appears weak.,"Hewitt Associates, Inc.",Primary Location,Complete,Medium,Email,2.0,"Anderson, Scott",IT:Service Manager,IT:Level I,SW:Internal,,,"Hewitt Associates, Inc. - Block Hour",IT:Premium SLA,2026-02-09 03:00:00,"Administrator, Autotask",2026-02-15 20:30:00,2026-02-16 11:00:00,2026-02-09 03:00:00,"Performed a wireless site survey and identified signal interference from an adjacent microwave and a neighboring AP on the same channel. Changed the AP channel, increased transmit power, and repositioned the access point. Signal strength improved from -75dBm to -55dBm. Tested with multiple concurrent video calls successfully.","Anderson, Scott",False,2,2.0,True,161.5,6.73,0.0,176.0,,7,16,Wi-Fi connectivity issues in conference room B Staff report intermittent Wi-Fi drops in conference room B during video calls. Signal strength appears weak.
T20251225.0009,Internet speed slow at branch office,Branch office staff reporting significantly slower internet speeds since last week. ISP says no issues on their end.,"Hewitt Associates, Inc.",Primary Location,Complete,High,Email,2.0,"Taylor, Mark",IT:Technician II,IT:Level I,SW:Internal,,,"Hewitt Associates, Inc. - Block Hour",IT:Premium SLA,2025-12-25 05:30:00,"Administrator, Autotask",2025-12-26 03:30:00,2026-01-01 11:00:00,2025-12-25 05:30:00,Traced the issue to a failing WAN interface on the branch firewall showing CRC errors. Replaced the SFP module and patch cable. Speeds returned to the provisioned 500Mbps symmetric. Monitored for 48 hours with no further degradation.,"Taylor, Mark",False,3,2.0,True,22.0,0.92,0.0,173.5,,6,18,Internet speed slow at branch office Branch office staff reporting significantly slower internet speeds since last week. ISP says no issues on their end.
T20251217.0013,Monitor flickering on docking station,User's external monitor flickers when connected via USB-C docking station. Works fine with direct HDMI connection.,"Hewitt Associates, Inc.",Primary Location,Complete,Medium,Email,2.0,"Taylor, Mark",IT:Technician II,Triage,IT:Change,,,"Hewitt Associates, Inc. - Block Hour",IT:Premium SLA,2025-12-17 05:30:00,"Administrator, Autotask",2025-12-23 07:30:00,2025-12-24 11:00:00,2025-12-17 05:30:00,Updated the docking station firmware from v1.2 to v1.8 and installed the latest DisplayLink driver. Replaced the USB-C cable with a certified Thunderbolt 3 cable. Monitor now displays stable output through the dock.,"Taylor, Mark",False,2,2.0,True,146.0,6.08,0.0,173.5,,5,16,Monitor flickering on docking station User's external monitor flickers when connected via USB-C docking station. Works fine with direct HDMI connection.
T20260116.0013,Software license expired for Adobe Acrobat,Adobe Acrobat Pro license has expired for the Marketing department. Three users unable to edit PDFs.,"Hewitt Associates, Inc.",Primary Location,Complete,Low,Email,2.0,"Moore, James",IT:Technician II,IT:Level I,IT:Applications,,,"Hewitt Associates, Inc. - Block Hour",IT:Premium SLA,2026-01-16 13:00:00,"Administrator, Autotask",2026-01-18 06:00:00,2026-01-23 16:00:00,2026-01-16 13:00:00,Procured three Adobe Acrobat Pro renewal licenses through the company's volume licensing agreement. Activated licenses on all three Marketing workstations and confirmed PDF editing functionality restored.,"Moore, James",False,1,2.0,True,41.0,1.71,0.0,171.0,,6,16,Software license expired for Adobe Acrobat Adobe Acrobat Pro license has expired for the Marketing department. Three users unable to edit PDFs.
T20260214.0004,New user account creation,"HR requests new Active Directory account, email, and standard group memberships for incoming Accounting associate.","Hewitt Associates, Inc.",Primary Location,Complete,Low,Email,2.0,"Miller, Susan",SW:Support II,Triage,SW:Support,,,"Hewitt Associates, Inc. - Block Hour",IT:Premium SLA,2026-02-14 03:00:00,"Administrator, Autotask",2026-02-20 01:30:00,2026-02-23 11:00:00,2026-02-14 03:00:00,"Created AD account with standard naming convention, added to Accounting security and distribution groups, provisioned Exchange Online mailbox, and configured OneDrive. Sent welcome credentials to the hiring manager via secure channel.","Miller, Susan",False,1,2.0,True,142.5,5.94,0.0,224.0,,4,15,"New user account creation HR requests new Active Directory account, email, and standard group memberships for incoming Accounting associate."
T20260209.0013,Shared drive access denied,User in Accounting cannot access the shared S: drive. Permissions appear correct in AD but access is still denied.,"Hewitt Associates, Inc.",Primary Location,Complete,Medium,Email,2.0,"Taylor, Mark",IT:Technician II,Triage,SW:Internal,,,"Hewitt Associates, Inc. - Block Hour",IT:Premium SLA,2026-02-09 22:30:00,"Administrator, Autotask",2026-02-12 06:00:00,2026-02-17 11:00:00,2026-02-09 22:30:00,"Identified a stale cached credential causing the access denial. Cleared the Windows Credential Manager entries for the file server, remapped the S: drive, and verified full read/write access to the Accounting share.","Taylor, Mark",False,2,2.0,True,55.5,2.31,0.0,180.5,,4,19,Shared drive access denied User in Accounting cannot access the shared S: drive. Permissions appear correct in AD but access is still denied.
T20251204.0020,Printer jamming on 2nd floor,The shared HP LaserJet on the 2nd floor is consistently jamming when printing duplex jobs. Paper tray has been checked.,"Hewitt Associates, Inc.",Primary Location,Complete,Medium,Email,2.0,"Miller, Susan",SW:Support II,IT:Level II,IT:Change,,,"Hewitt Associates, Inc. - Block Hour",IT:Premium SLA,2025-12-04 13:00:00,"Administrator, Autotask",2025-12-09 08:30:00,2025-12-11 16:00:00,2025-12-04 13:00:00,Cleaned the duplex unit rollers and replaced worn pickup rollers. Recalibrated the paper path and ran 50 test duplex prints with no jams. Issue resolved.,"Miller, Susan",False,2,2.0,True,115.5,4.81,0.0,171.0,,5,20,Printer jamming on 2nd floor The shared HP LaserJet on the 2nd floor is consistently jamming when printing duplex jobs. Paper tray has been checked.
T20260107.0008,Desk phone not receiving calls,User's VoIP desk phone rings but no audio when answered. Other phones on the same switch work fine.,"Hewitt Associates, Inc.",Primary Location,Complete,Medium,Email,2.0,"Taylor, Mark",IT:Technician II,IT:Level I,Triage,,,"Hewitt Associates, Inc. - Block Hour",IT:Premium SLA,2026-01-07 08:30:00,"Administrator, Autotask",2026-01-09 04:00:00,2026-01-14 11:30:00,2026-01-07 08:30:00,Found the phone's audio codec settings had been reset to a non-supported format after a firmware auto-update. Reconfigured the codec priority to G.711 and rebooted the phone. Two-way audio confirmed working on both internal and external calls.,"Taylor, Mark",False,2,2.0,True,43.5,1.81,0.0,171.0,,5,18,Desk phone not receiving calls User's VoIP desk phone rings but no audio when answered. Other phones on the same switch work fine.
T20260224.0010,Shared drive access denied,User in Accounting cannot access the shared S: drive. Permissions appear correct in AD but access is still denied.,"Hewitt Associates, Inc.",Primary Location,Complete,Medium,Email,2.0,"Moore, James",IT:Technician II,IT:Level I,SW:Internal,,,"Hewitt Associates, Inc. - Block Hour",IT:Premium SLA,2026-02-24 10:30:00,"Administrator, Autotask",2026-03-02 00:30:00,2026-03-03 13:30:00,2026-02-24 10:30:00,"Identified a stale cached credential causing the access denial. Cleared the Windows Credential Manager entries for the file server, remapped the S: drive, and verified full read/write access to the Accounting share.","Moore, James",False,2,2.0,True,134.0,5.58,0.0,171.0,,4,19,Shared drive access denied User in Accounting cannot access the shared S: drive. Permissions appear correct in AD but access is still denied.
T20251213.0011,Outlook not syncing emails,User reports Outlook on their workstation is not syncing new emails. Restarting the application did not resolve the issue.,"Hewitt Associates, Inc.",Primary Location,Complete,Medium,Email,2.0,"Anderson, Scott",IT:Service Manager,IT:Level II,IT:Hardware,,,"Hewitt Associates, Inc. - Block Hour",IT:Premium SLA,2025-12-13 19:00:00,"Administrator, Autotask",2025-12-14 07:30:00,2025-12-22 11:00:00,2025-12-13 19:00:00,Rebuilt the Outlook profile and cleared the local OST cache. Re-synced the mailbox from Exchange Online. Verified all folders syncing correctly and monitored for 2 hours with no recurrence.,"Anderson, Scott",False,2,2.0,True,12.5,0.52,0.0,208.0,,4,19,Outlook not syncing emails User reports Outlook on their workstation is not syncing new emails. Restarting the application did not resolve the issue.
T20260116.0014,Internet speed slow at branch office,Branch office staff reporting significantly slower internet speeds since last week. ISP says no issues on their end.,"Hewitt Associates, Inc.",Primary Location,Complete,High,Email,2.0,"Moore, James",IT:Technician II,IT:Change Requests,IT:Change,,,"Hewitt Associates, Inc. - Block Hour",IT:Premium SLA,2026-01-16 09:00:00,"Administrator, Autotask",2026-01-17 09:30:00,2026-01-23 12:00:00,2026-01-16 09:00:00,Traced the issue to a failing WAN interface on the branch firewall showing CRC errors. Replaced the SFP module and patch cable. Speeds returned to the provisioned 500Mbps symmetric. Monitored for 48 hours with no further degradation.,"Moore, James",False,3,2.0,True,24.5,1.02,0.0,171.0,,6,18,Internet speed slow at branch office Branch office staff reporting significantly slower internet speeds since last week. ISP says no issues on their end.
T20251231.0009,Email bouncing back to external clients,Several external clients report emails to our sales team are bouncing back with a 550 error.,"Hewitt Associates, Inc.",Primary Location,Complete,Critical,Email,2.0,"Moore, James",IT:Technician II,IT:Change Requests,SW:Change,,,"Hewitt Associates, Inc. - Block Hour",IT:Premium SLA,2025-12-31 06:30:00,"Administrator, Autotask",2026-01-07 02:00:00,2026-01-07 11:00:00,2025-12-31 06:30:00,Identified an expired MX record pointing to a decommissioned mail relay. Updated DNS MX records to point to the current Exchange Online endpoints. Flushed DNS cache on the domain registrar. Confirmed external email delivery restored within 30 minutes.,"Moore, James",False,4,2.0,True,163.5,6.81,0.0,172.5,,6,16,Email bouncing back to external clients Several external clients report emails to our sales team are bouncing back with a 550 error.
T20251210.0011,Email bouncing back to external clients,Several external clients report emails to our sales team are bouncing back with a 550 error.,"Hewitt Associates, Inc.",Primary Location,Complete,Critical,Email,2.0,"Moore, James",IT:Technician II,IT:Level II,IT:Applications,,,"Hewitt Associates, Inc. - Block Hour",IT:Premium SLA,2025-12-10 16:30:00,"Administrator, Autotask",2025-12-13 21:30:00,2025-12-18 10:30:00,2025-12-10 16:30:00,Identified an expired MX record pointing to a decommissioned mail relay. Updated DNS MX records to point to the current Exchange Online endpoints. Flushed DNS cache on the domain registrar. Confirmed external email delivery restored within 30 minutes.,"Moore, James",False,4,2.0,True,77.0,3.21,0.0,186.0,,6,16,Email bouncing back to external clients Several external clients report emails to our sales team are bouncing back with a 550 error.
T20251207.0009,Network printer offline,The Ricoh copier/printer in the main office shows offline status for all users. Physical device appears powered on.,"Hewitt Associates, Inc.",Primary Location,Complete,High,Email,2.0,"Taylor, Mark",IT:Technician II,Triage,Triage,,,"Hewitt Associates, Inc. - Block Hour",IT:Premium SLA,2025-12-07 07:00:00,"Administrator, Autotask",2025-12-17 05:00:00,2025-12-15 11:00:00,2025-12-07 07:00:00,"Found the printer had obtained a new DHCP IP address after a network switch reboot. Assigned a static IP reservation in DHCP, updated the printer port configuration on the print server, and redeployed the printer via GPO. All users can now print successfully.","Taylor, Mark",False,3,2.0,True,238.0,9.92,0.0,196.0,42.0,3,18,Network printer offline The Ricoh copier/printer in the main office shows offline status for all users. Physical device appears powered on.
T20260207.0011,QuickBooks not launching after update,QuickBooks Desktop crashes immediately on launch after the latest update was applied overnight.,"Hewitt Associates, Inc.",Primary Location,Complete,Medium,Email,2.0,"Anderson, Scott",IT:Service Manager,IT:Change Requests,IT:Change,,,"Hewitt Associates, Inc. - Block Hour",IT:Premium SLA,2026-02-07 13:00:00,"Administrator, Autotask",2026-02-12 23:30:00,2026-02-16 11:00:00,2026-02-07 13:00:00,"Rolled back the problematic QuickBooks update (R5 to R4), repaired the company file using the QuickBooks File Doctor tool, and verified the application launches and data integrity is intact. Deferred the update pending a patch from Intuit.","Anderson, Scott",False,2,2.0,True,130.5,5.44,0.0,214.0,,5,13,QuickBooks not launching after update QuickBooks Desktop crashes immediately on launch after the latest update was applied overnight.
T20260110.0012,Zoom meeting room setup,Need to configure the new conference room TV and camera system for Zoom Rooms integration.,"Hewitt Associates, Inc.",Primary Location,Complete,Low,Email,2.0,"Moore, James",IT:Technician II,Triage,SW:Internal,,,"Hewitt Associates, Inc. - Block Hour",IT:Premium SLA,2026-01-10 13:30:00,"Administrator, Autotask",2026-01-13 22:30:00,2026-01-19 11:00:00,2026-01-10 13:30:00,"Mounted the Logitech Rally camera system, connected to the conference room PC, and configured Zoom Rooms with the company license. Set up one-touch join with the room calendar integration. Tested audio, video, and screen sharing with a remote participant successfully.","Moore, James",False,1,2.0,True,81.0,3.38,0.0,213.5,,4,15,Zoom meeting room setup Need to configure the new conference room TV and camera system for Zoom Rooms integration.
T20251223.0007,New employee laptop setup,"New hire starting next Monday needs a laptop configured with standard software suite, email, and VPN access.","Hewitt Associates, Inc.",Primary Location,Complete,Low,Email,2.0,"Moore, James",IT:Technician II,IT:Change Requests,SW:Defect,,,"Hewitt Associates, Inc. - Block Hour",IT:Premium SLA,2025-12-23 09:00:00,"Administrator, Autotask",2025-12-30 09:30:00,2025-12-30 12:00:00,2025-12-23 09:00:00,"Configured new Dell Latitude with Windows 11, joined to domain, installed standard software suite (Office 365, Teams, GlobalProtect VPN, Adobe Reader). Set up email profile and verified VPN connectivity. Laptop ready for new hire.","Moore, James",False,1,2.0,True,168.5,7.02,0.0,171.0,,4,17,"New employee laptop setup New hire starting next Monday needs a laptop configured with standard software suite, email, and VPN access."
T20251214.0007,OneDrive sync errors,User getting persistent sync conflict errors in OneDrive. Several files showing duplicate versions.,"Hewitt Associates, Inc.",Primary Location,Complete,Medium,Email,2.0,"Miller, Susan",SW:Support II,Triage,IT:Hardware,,,"Hewitt Associates, Inc. - Block Hour",IT:Premium SLA,2025-12-14 22:00:00,"Administrator, Autotask",2025-12-16 21:00:00,2025-12-22 11:00:00,2025-12-14 22:00:00,"Identified sync conflicts caused by files exceeding the 256-character path length limit. Shortened the nested folder structure, resolved the duplicate file versions by keeping the most recent copies, and reset the OneDrive sync client. Sync now running clean with no errors.","Miller, Susan",False,2,2.0,True,47.0,1.96,0.0,181.0,,3,13,OneDrive sync errors User getting persistent sync conflict errors in OneDrive. Several files showing duplicate versions.
T20260207.0012,Request to install project management software,Project lead requesting installation of Monday.com desktop app on their workstation.,"Hewitt Associates, Inc.",Primary Location,Complete,Low,Email,2.0,"Taylor, Mark",IT:Technician II,IT:Level I,IT:Hardware,,,"Hewitt Associates, Inc. - Block Hour",IT:Premium SLA,2026-02-07 16:00:00,"Administrator, Autotask",2026-02-12 20:30:00,2026-02-16 11:00:00,2026-02-07 16:00:00,"Installed Monday.com desktop application, configured SSO integration with company Azure AD credentials, and verified the user can access their project boards. Added the application to the approved software list.","Taylor, Mark",False,1,2.0,True,124.5,5.19,0.0,211.0,,6,11,Request to install project management software Project lead requesting installation of Monday.com desktop app on their workstation.
T20260116.0015,New user account creation,"HR requests new Active Directory account, email, and standard group memberships for incoming Accounting associate.","Hewitt Associates, Inc.",Primary Location,Complete,Low,Email,2.0,"Taylor, Mark",IT:Technician II,IT:Change Requests,SW:Defect,,,"Hewitt Associates, Inc. - Block Hour",IT:Premium SLA,2026-01-16 07:30:00,"Administrator, Autotask",2026-01-25 05:00:00,2026-01-23 11:00:00,2026-01-16 07:30:00,"Created AD account with standard naming convention, added to Accounting security and distribution groups, provisioned Exchange Online mailbox, and configured OneDrive. Sent welcome credentials to the hiring manager via secure channel.","Taylor, Mark",False,1,2.0,True,213.5,8.9,0.0,171.5,42.0,4,15,"New user account creation HR requests new Active Directory account, email, and standard group memberships for incoming Accounting associate."
T20260101.0016,Backup job failed overnight,Nightly backup job for the file server failed with a timeout error. Last successful backup was 3 days ago.,"Hewitt Associates, Inc.",Primary Location,Complete,Critical,Email,2.0,"Moore, James",IT:Technician II,IT:Change Requests,IT:Hardware,,,"Hewitt Associates, Inc. - Block Hour",IT:Premium SLA,2026-01-01 12:30:00,"Administrator, Autotask",2026-01-10 07:30:00,2026-01-08 15:30:00,2026-01-01 12:30:00,"Identified that a runaway database process was locking files during the backup window. Rescheduled the database maintenance job to complete before the backup window. Cleared the stale lock files, restarted the backup agent, and successfully ran a full backup. Verified backup integrity with a test restore.","Moore, James",False,4,2.0,True,211.0,8.79,0.0,171.0,40.0,4,19,Backup job failed overnight Nightly backup job for the file server failed with a timeout error. Last successful backup was 3 days ago.
T20251210.0013,Password reset request,Employee locked out of their account after multiple failed login attempts. Requesting password reset and account unlock.,"Hewitt Associates, Inc.",Primary Location,Complete,Low,Email,2.0,"Taylor, Mark",IT:Technician II,IT:Level I,IT:Hardware,,,"Hewitt Associates, Inc. - Block Hour",IT:Premium SLA,2025-12-10 07:30:00,"Administrator, Autotask",2025-12-18 06:00:00,2025-12-17 11:00:00,2025-12-10 07:30:00,"Unlocked the AD account, reset the password, and required a password change at next login. Verified the user could sign in successfully to their workstation and email. Reminded user of the self-service password reset portal.","Taylor, Mark",False,1,2.0,True,190.5,7.94,0.0,171.5,19.0,3,17,Password reset request Employee locked out of their account after multiple failed login attempts. Requesting password reset and account unlock.
T20260107.0009,Shared drive access denied,User in Accounting cannot access the shared S: drive. Permissions appear correct in AD but access is still denied.,"Hewitt Associates, Inc.",Primary Location,Complete,Medium,Email,2.0,"Moore, James",IT:Technician II,IT:Level II,SW:Defect,,,"Hewitt Associates, Inc. - Block Hour",IT:Premium SLA,2026-01-07 08:00:00,"Administrator, Autotask",2026-01-14 13:00:00,2026-01-14 11:00:00,2026-01-07 08:00:00,"Identified a stale cached credential causing the access denial. Cleared the Windows Credential Manager entries for the file server, remapped the S: drive, and verified full read/write access to the Accounting share.","Moore, James",False,2,2.0,True,173.0,7.21,0.0,171.0,2.0,4,19,Shared drive access denied User in Accounting cannot access the shared S: drive. Permissions appear correct in AD but access is still denied.
T20260204.0006,Software license expired for Adobe Acrobat,Adobe Acrobat Pro license has expired for the Marketing department. Three users unable to edit PDFs.,"Hewitt Associates, Inc.",Primary Location,Complete,Low,Email,2.0,"Moore, James",IT:Technician II,Triage,IT:Applications,,,"Hewitt Associates, Inc. - Block Hour",IT:Premium SLA,2026-02-04 07:30:00,"Administrator, Autotask",2026-02-04 08:30:00,2026-02-11 11:00:00,2026-02-04 07:30:00,Procured three Adobe Acrobat Pro renewal licenses through the company's volume licensing agreement. Activated licenses on all three Marketing workstations and confirmed PDF editing functionality restored.,"Moore, James",False,1,2.0,True,1.0,0.04,0.0,171.5,,6,16,Software license expired for Adobe Acrobat Adobe Acrobat Pro license has expired for the Marketing department. Three users unable to edit PDFs.
T20260301.0006,Windows update causing BSOD,Two workstations experiencing Blue Screen of Death after latest Windows cumulative update was installed.,"Hewitt Associates, Inc.",Primary Location,Complete,Critical,Email,2.0,"Taylor, Mark",IT:Technician II,IT:Level II,IT:Change,,,"Hewitt Associates, Inc. - Block Hour",IT:Premium SLA,2026-03-01 01:00:00,"Administrator, Autotask",2026-03-09 18:30:00,2026-03-09 11:00:00,2026-03-01 01:00:00,"Identified KB5034441 as the problematic update conflicting with the Symantec endpoint agent. Booted both machines into Safe Mode, uninstalled the update, and added it to the WSUS decline list. Both workstations stable. Coordinated with Symantec support for a compatibility fix before re-deploying the update.","Taylor, Mark",False,4,2.0,True,209.5,8.73,0.0,202.0,7.5,4,14,Windows update causing BSOD Two workstations experiencing Blue Screen of Death after latest Windows cumulative update was installed.
T20251228.0007,File recovery request,User accidentally deleted a folder from the shared drive and needs it restored from backup.,"Hewitt Associates, Inc.",Primary Location,Complete,Medium,Email,2.0,"Taylor, Mark",IT:Technician II,Triage,IT:Applications,,,"Hewitt Associates, Inc. - Block Hour",IT:Premium SLA,2025-12-28 14:00:00,"Administrator, Autotask",2026-01-02 07:00:00,2026-01-05 11:00:00,2025-12-28 14:00:00,Restored the deleted folder and all contents from the previous night's Veeam backup snapshot. Verified file integrity and permissions match the original. Confirmed with the user that all expected files are present and accessible.,"Taylor, Mark",False,2,2.0,True,113.0,4.71,0.0,189.0,,3,15,File recovery request User accidentally deleted a folder from the shared drive and needs it restored from backup.
T20251205.0015,Teams calls have audio echo,Multiple users in the open office area report audio echo issues during Microsoft Teams calls.,"Hewitt Associates, Inc.",Primary Location,Complete,Medium,Email,2.0,"Moore, James",IT:Technician II,IT:Level I,IT:Hardware,,,"Hewitt Associates, Inc. - Block Hour",IT:Premium SLA,2025-12-05 14:00:00,"Administrator, Autotask",2025-12-06 01:30:00,2025-12-12 17:00:00,2025-12-05 14:00:00,"Identified that multiple users in close proximity were using laptop speakers instead of headsets, causing audio feedback loops. Distributed USB headsets to affected users and configured Teams audio settings to default to headset output. Echo issues eliminated.","Moore, James",False,2,2.0,True,11.5,0.48,0.0,171.0,,5,15,Teams calls have audio echo Multiple users in the open office area report audio echo issues during Microsoft Teams calls.
T20260226.0012,Server room temperature alert,Environmental monitoring system triggered a high-temperature alert in the server room. HVAC may be malfunctioning.,"Hewitt Associates, Inc.",Primary Location,Complete,Critical,Email,2.0,"Taylor, Mark",IT:Technician II,IT:Change Requests,IT:Change,,,"Hewitt Associates, Inc. - Block Hour",IT:Premium SLA,2026-02-26 04:30:00,"Administrator, Autotask",2026-03-02 12:00:00,2026-03-05 11:00:00,2026-02-26 04:30:00,Responded to the alert within 15 minutes. Found the primary CRAC unit had a frozen evaporator coil. Switched to the redundant cooling unit and contacted the HVAC vendor for emergency service. Primary unit repaired and back online within 4 hours. Temperature stabilized at 68掳F.,"Taylor, Mark",False,4,2.0,True,103.5,4.31,0.0,174.5,,4,15,Server room temperature alert Environmental monitoring system triggered a high-temperature alert in the server room. HVAC may be malfunctioning.
T20260128.0006,Wi-Fi connectivity issues in conference room B,Staff report intermittent Wi-Fi drops in conference room B during video calls. Signal strength appears weak.,"Hewitt Associates, Inc.",Primary Location,Complete,Medium,Email,2.0,"Anderson, Scott",IT:Service Manager,Triage,SW:Change,,,"Hewitt Associates, Inc. - Block Hour",IT:Premium SLA,2026-01-28 01:30:00,"Administrator, Autotask",2026-02-02 02:30:00,2026-02-04 11:00:00,2026-01-28 01:30:00,"Performed a wireless site survey and identified signal interference from an adjacent microwave and a neighboring AP on the same channel. Changed the AP channel, increased transmit power, and repositioned the access point. Signal strength improved from -75dBm to -55dBm. Tested with multiple concurrent video calls successfully.","Anderson, Scott",False,2,2.0,True,121.0,5.04,0.0,177.5,,7,16,Wi-Fi connectivity issues in conference room B Staff report intermittent Wi-Fi drops in conference room B during video calls. Signal strength appears weak.
T20260301.0007,Need access to CRM application,Sales rep needs access provisioned to the Salesforce CRM. Manager has approved the request.,"Hewitt Associates, Inc.",Primary Location,Complete,Low,Email,2.0,"Moore, James",IT:Technician II,IT:Level I,IT:Hardware,,,"Hewitt Associates, Inc. - Block Hour",IT:Premium SLA,2026-03-01 14:30:00,"Administrator, Autotask",2026-03-11 07:30:00,2026-03-09 11:00:00,2026-03-01 14:30:00,"Provisioned Salesforce CRM access with the Sales Rep profile, added to the appropriate role hierarchy, and configured SSO via Azure AD. Verified the user can log in and access their assigned accounts and opportunities. Sent onboarding guide to the user.","Moore, James",False,1,2.0,True,233.0,9.71,0.0,188.5,44.5,5,14,Need access to CRM application Sales rep needs access provisioned to the Salesforce CRM. Manager has approved the request.
T20260101.0017,Request for additional monitor,Department manager requesting a second monitor for their workstation to improve productivity.,"Hewitt Associates, Inc.",Primary Location,Complete,Low,Email,2.0,"Anderson, Scott",IT:Service Manager,IT:Level II,IT:Hardware,,,"Hewitt Associates, Inc. - Block Hour",IT:Premium SLA,2026-01-01 10:00:00,"Administrator, Autotask",2026-01-01 23:30:00,2026-01-08 13:00:00,2026-01-01 10:00:00,Deployed a 24-inch Dell monitor from inventory to the user's desk. Connected via DisplayPort through existing docking station. Configured dual-monitor extended display and adjusted resolution settings per user preference.,"Anderson, Scott",False,1,2.0,True,13.5,0.56,0.0,171.0,,4,12,Request for additional monitor Department manager requesting a second monitor for their workstation to improve productivity.
T20260227.0015,Outlook not syncing emails,User reports Outlook on their workstation is not syncing new emails. Restarting the application did not resolve the issue.,"Hewitt Associates, Inc.",Primary Location,Complete,Medium,Email,2.0,"Anderson, Scott",IT:Service Manager,IT:Change Requests,SW:Support,,,"Hewitt Associates, Inc. - Block Hour",IT:Premium SLA,2026-02-27 18:30:00,"Administrator, Autotask",2026-03-02 09:30:00,2026-03-09 11:00:00,2026-02-27 18:30:00,Rebuilt the Outlook profile and cleared the local OST cache. Re-synced the mailbox from Exchange Online. Verified all folders syncing correctly and monitored for 2 hours with no recurrence.,"Anderson, Scott",False,2,2.0,True,63.0,2.62,0.0,232.5,,4,19,Outlook not syncing emails User reports Outlook on their workstation is not syncing new emails. Restarting the application did not resolve the issue.
T20260119.0014,Zoom meeting room setup,Need to configure the new conference room TV and camera system for Zoom Rooms integration.,"Hewitt Associates, Inc.",Primary Location,Complete,Low,Email,2.0,"Taylor, Mark",IT:Technician II,IT:Level II,IT:Change,,,"Hewitt Associates, Inc. - Block Hour",IT:Premium SLA,2026-01-19 09:00:00,"Administrator, Autotask",2026-01-21 18:00:00,2026-01-26 12:00:00,2026-01-19 09:00:00,"Mounted the Logitech Rally camera system, connected to the conference room PC, and configured Zoom Rooms with the company license. Set up one-touch join with the room calendar integration. Tested audio, video, and screen sharing with a remote participant successfully.","Taylor, Mark",False,1,2.0,True,57.0,2.38,0.0,171.0,,4,15,Zoom meeting room setup Need to configure the new conference room TV and camera system for Zoom Rooms integration.
T20260214.0005,Laptop battery not holding charge,User's Dell laptop battery drains from 100% to 0% in under an hour. Laptop is 2 years old.,"Hewitt Associates, Inc.",Primary Location,Complete,Medium,Email,2.0,"Miller, Susan",SW:Support II,IT:Change Requests,IT:Applications,,,"Hewitt Associates, Inc. - Block Hour",IT:Premium SLA,2026-02-14 05:30:00,"Administrator, Autotask",2026-02-23 11:30:00,2026-02-23 11:00:00,2026-02-14 05:30:00,Ran Dell battery diagnostics which confirmed the battery health at 12% capacity. Ordered and installed a replacement battery under the ProSupport warranty. New battery holds a full charge for 6+ hours. Calibrated the battery and updated BIOS.,"Miller, Susan",False,2,2.0,True,222.0,9.25,0.0,221.5,0.5,5,18,Laptop battery not holding charge User's Dell laptop battery drains from 100% to 0% in under an hour. Laptop is 2 years old.
T20260205.0011,Printer jamming on 2nd floor,The shared HP LaserJet on the 2nd floor is consistently jamming when printing duplex jobs. Paper tray has been checked.,"Hewitt Associates, Inc.",Primary Location,Complete,Medium,Email,2.0,"Anderson, Scott",IT:Service Manager,IT:Level II,SW:Defect,,,"Hewitt Associates, Inc. - Block Hour",IT:Premium SLA,2026-02-05 08:00:00,"Administrator, Autotask",2026-02-07 08:30:00,2026-02-12 11:00:00,2026-02-05 08:00:00,Cleaned the duplex unit rollers and replaced worn pickup rollers. Recalibrated the paper path and ran 50 test duplex prints with no jams. Issue resolved.,"Anderson, Scott",False,2,2.0,True,48.5,2.02,0.0,171.0,,5,20,Printer jamming on 2nd floor The shared HP LaserJet on the 2nd floor is consistently jamming when printing duplex jobs. Paper tray has been checked.
T20260204.0007,VPN connection drops intermittently,"Remote employee experiences frequent VPN disconnections throughout the day, disrupting access to internal resources.","Hewitt Associates, Inc.",Primary Location,Complete,High,Email,2.0,"Miller, Susan",SW:Support II,IT:Level I,IT:Change,,,"Hewitt Associates, Inc. - Block Hour",IT:Premium SLA,2026-02-04 18:00:00,"Administrator, Autotask",2026-02-11 14:00:00,2026-02-12 11:00:00,2026-02-04 18:00:00,"Diagnosed intermittent VPN disconnections to a conflicting network adapter driver. Updated the adapter driver, disabled IPv6 on the VPN tunnel adapter, and adjusted the idle timeout setting in the GlobalProtect client. Verified stable connectivity over a 4-hour remote session with no drops.","Miller, Susan",False,3,2.0,True,164.0,6.83,0.0,185.0,,4,14,"VPN connection drops intermittently Remote employee experiences frequent VPN disconnections throughout the day, disrupting access to internal resources."
T20260208.0014,QuickBooks not launching after update,QuickBooks Desktop crashes immediately on launch after the latest update was applied overnight.,"Hewitt Associates, Inc.",Primary Location,Complete,Medium,Email,2.0,"Miller, Susan",SW:Support II,IT:Level II,SW:Defect,,,"Hewitt Associates, Inc. - Block Hour",IT:Premium SLA,2026-02-08 14:30:00,"Administrator, Autotask",2026-02-17 07:00:00,2026-02-16 11:00:00,2026-02-08 14:30:00,"Rolled back the problematic QuickBooks update (R5 to R4), repaired the company file using the QuickBooks File Doctor tool, and verified the application launches and data integrity is intact. Deferred the update pending a patch from Intuit.","Miller, Susan",False,2,2.0,True,208.5,8.69,0.0,188.5,20.0,5,13,QuickBooks not launching after update QuickBooks Desktop crashes immediately on launch after the latest update was applied overnight.
T20260207.0014,OneDrive sync errors,User getting persistent sync conflict errors in OneDrive. Several files showing duplicate versions.,"Hewitt Associates, Inc.",Primary Location,Complete,Medium,Email,2.0,"Anderson, Scott",IT:Service Manager,Triage,IT:Change,,,"Hewitt Associates, Inc. - Block Hour",IT:Premium SLA,2026-02-07 08:00:00,"Administrator, Autotask",2026-02-11 22:00:00,2026-02-16 11:00:00,2026-02-07 08:00:00,"Identified sync conflicts caused by files exceeding the 256-character path length limit. Shortened the nested folder structure, resolved the duplicate file versions by keeping the most recent copies, and reset the OneDrive sync client. Sync now running clean with no errors.","Anderson, Scott",False,2,2.0,True,110.0,4.58,0.0,219.0,,3,13,OneDrive sync errors User getting persistent sync conflict errors in OneDrive. Several files showing duplicate versions.
T20251226.0016,Keyboard and mouse not responding,User's wireless keyboard and mouse stopped working. New batteries did not fix the issue.,"Hewitt Associates, Inc.",Primary Location,Complete,Medium,Email,2.0,"Anderson, Scott",IT:Service Manager,IT:Level II,IT:Hardware,,,"Hewitt Associates, Inc. - Block Hour",IT:Premium SLA,2025-12-26 07:30:00,"Administrator, Autotask",2025-12-27 22:30:00,2026-01-02 11:00:00,2025-12-26 07:30:00,"Determined the Logitech Unifying receiver had failed. Replaced the USB receiver, re-paired both the keyboard and mouse, and verified consistent input response. Provided a spare receiver to the user as backup.","Anderson, Scott",False,2,2.0,True,39.0,1.62,0.0,171.5,,5,14,Keyboard and mouse not responding User's wireless keyboard and mouse stopped working. New batteries did not fix the issue.
T20251207.0010,Shared drive access denied,User in Accounting cannot access the shared S: drive. Permissions appear correct in AD but access is still denied.,"Hewitt Associates, Inc.",Primary Location,Complete,Medium,Email,2.0,"Moore, James",IT:Technician II,IT:Change Requests,SW:Change,,,"Hewitt Associates, Inc. - Block Hour",IT:Premium SLA,2025-12-07 03:00:00,"Administrator, Autotask",2025-12-14 11:30:00,2025-12-15 11:00:00,2025-12-07 03:00:00,"Identified a stale cached credential causing the access denial. Cleared the Windows Credential Manager entries for the file server, remapped the S: drive, and verified full read/write access to the Accounting share.","Moore, James",False,2,2.0,True,176.5,7.35,0.0,200.0,,4,19,Shared drive access denied User in Accounting cannot access the shared S: drive. Permissions appear correct in AD but access is still denied.
T20260212.0017,Desk phone not receiving calls,User's VoIP desk phone rings but no audio when answered. Other phones on the same switch work fine.,"Hewitt Associates, Inc.",Primary Location,Complete,Medium,Email,2.0,"Anderson, Scott",IT:Service Manager,IT:Level II,IT:Applications,,,"Hewitt Associates, Inc. - Block Hour",IT:Premium SLA,2026-02-12 17:30:00,"Administrator, Autotask",2026-02-22 10:00:00,2026-02-20 11:00:00,2026-02-12 17:30:00,Found the phone's audio codec settings had been reset to a non-supported format after a firmware auto-update. Reconfigured the codec priority to G.711 and rebooted the phone. Two-way audio confirmed working on both internal and external calls.,"Anderson, Scott",False,2,2.0,True,232.5,9.69,0.0,185.5,47.0,5,18,Desk phone not receiving calls User's VoIP desk phone rings but no audio when answered. Other phones on the same switch work fine.
T20260116.0016,Request for additional monitor,Department manager requesting a second monitor for their workstation to improve productivity.,"Hewitt Associates, Inc.",Primary Location,Complete,Low,Email,2.0,"Anderson, Scott",IT:Service Manager,IT:Level I,SW:Internal,,,"Hewitt Associates, Inc. - Block Hour",IT:Premium SLA,2026-01-16 05:30:00,"Administrator, Autotask",2026-01-23 11:30:00,2026-01-23 11:00:00,2026-01-16 05:30:00,Deployed a 24-inch Dell monitor from inventory to the user's desk. Connected via DisplayPort through existing docking station. Configured dual-monitor extended display and adjusted resolution settings per user preference.,"Anderson, Scott",False,1,2.0,True,174.0,7.25,0.0,173.5,0.5,4,12,Request for additional monitor Department manager requesting a second monitor for their workstation to improve productivity.
T20260125.0011,Network printer offline,The Ricoh copier/printer in the main office shows offline status for all users. Physical device appears powered on.,"Hewitt Associates, Inc.",Primary Location,Complete,High,Email,2.0,"Taylor, Mark",IT:Technician II,IT:Level I,IT:Change,,,"Hewitt Associates, Inc. - Block Hour",IT:Premium SLA,2026-01-25 10:30:00,"Administrator, Autotask",2026-01-28 11:30:00,2026-02-02 11:00:00,2026-01-25 10:30:00,"Found the printer had obtained a new DHCP IP address after a network switch reboot. Assigned a static IP reservation in DHCP, updated the printer port configuration on the print server, and redeployed the printer via GPO. All users can now print successfully.","Taylor, Mark",False,3,2.0,True,73.0,3.04,0.0,192.5,,3,18,Network printer offline The Ricoh copier/printer in the main office shows offline status for all users. Physical device appears powered on.
T20260119.0015,New user account creation,"HR requests new Active Directory account, email, and standard group memberships for incoming Accounting associate.","Hewitt Associates, Inc.",Primary Location,Complete,Low,Email,2.0,"Taylor, Mark",IT:Technician II,IT:Level II,SW:Defect,,,"Hewitt Associates, Inc. - Block Hour",IT:Premium SLA,2026-01-19 10:30:00,"Administrator, Autotask",2026-01-28 18:00:00,2026-01-26 13:30:00,2026-01-19 10:30:00,"Created AD account with standard naming convention, added to Accounting security and distribution groups, provisioned Exchange Online mailbox, and configured OneDrive. Sent welcome credentials to the hiring manager via secure channel.","Taylor, Mark",False,1,2.0,True,223.5,9.31,0.0,171.0,52.5,4,15,"New user account creation HR requests new Active Directory account, email, and standard group memberships for incoming Accounting associate."
T20260216.0012,Request to install project management software,Project lead requesting installation of Monday.com desktop app on their workstation.,"Hewitt Associates, Inc.",Primary Location,Complete,Low,Email,2.0,"Anderson, Scott",IT:Service Manager,IT:Level II,IT:Hardware,,,"Hewitt Associates, Inc. - Block Hour",IT:Premium SLA,2026-02-16 21:30:00,"Administrator, Autotask",2026-02-21 21:30:00,2026-02-24 11:00:00,2026-02-16 21:30:00,"Installed Monday.com desktop application, configured SSO integration with company Azure AD credentials, and verified the user can access their project boards. Added the application to the approved software list.","Anderson, Scott",False,1,2.0,True,120.0,5.0,0.0,181.5,,6,11,Request to install project management software Project lead requesting installation of Monday.com desktop app on their workstation.
T20251220.0014,QuickBooks not launching after update,QuickBooks Desktop crashes immediately on launch after the latest update was applied overnight.,"Hewitt Associates, Inc.",Primary Location,Complete,Medium,Email,2.0,"Miller, Susan",SW:Support II,IT:Change Requests,Triage,,,"Hewitt Associates, Inc. - Block Hour",IT:Premium SLA,2025-12-20 20:00:00,"Administrator, Autotask",2025-12-23 16:00:00,2025-12-29 11:00:00,2025-12-20 20:00:00,"Rolled back the problematic QuickBooks update (R5 to R4), repaired the company file using the QuickBooks File Doctor tool, and verified the application launches and data integrity is intact. Deferred the update pending a patch from Intuit.","Miller, Susan",False,2,2.0,True,68.0,2.83,0.0,207.0,,5,13,QuickBooks not launching after update QuickBooks Desktop crashes immediately on launch after the latest update was applied overnight.
T20251206.0008,Monitor flickering on docking station,User's external monitor flickers when connected via USB-C docking station. Works fine with direct HDMI connection.,"Hewitt Associates, Inc.",Primary Location,Complete,Medium,Email,2.0,"Taylor, Mark",IT:Technician II,IT:Level I,SW:Change,,,"Hewitt Associates, Inc. - Block Hour",IT:Premium SLA,2025-12-06 23:00:00,"Administrator, Autotask",2025-12-13 17:00:00,2025-12-15 11:00:00,2025-12-06 23:00:00,Updated the docking station firmware from v1.2 to v1.8 and installed the latest DisplayLink driver. Replaced the USB-C cable with a certified Thunderbolt 3 cable. Monitor now displays stable output through the dock.,"Taylor, Mark",False,2,2.0,True,162.0,6.75,0.0,204.0,,5,16,Monitor flickering on docking station User's external monitor flickers when connected via USB-C docking station. Works fine with direct HDMI connection.
T20251221.0013,Software license expired for Adobe Acrobat,Adobe Acrobat Pro license has expired for the Marketing department. Three users unable to edit PDFs.,"Hewitt Associates, Inc.",Primary Location,Complete,Low,Email,2.0,"Miller, Susan",SW:Support II,Triage,IT:Hardware,,,"Hewitt Associates, Inc. - Block Hour",IT:Premium SLA,2025-12-21 21:00:00,"Administrator, Autotask",2025-12-27 19:00:00,2025-12-29 11:00:00,2025-12-21 21:00:00,Procured three Adobe Acrobat Pro renewal licenses through the company's volume licensing agreement. Activated licenses on all three Marketing workstations and confirmed PDF editing functionality restored.,"Miller, Susan",False,1,2.0,True,142.0,5.92,0.0,182.0,,6,16,Software license expired for Adobe Acrobat Adobe Acrobat Pro license has expired for the Marketing department. Three users unable to edit PDFs.
T20260127.0013,File recovery request,User accidentally deleted a folder from the shared drive and needs it restored from backup.,"Hewitt Associates, Inc.",Primary Location,Complete,Medium,Email,2.0,"Anderson, Scott",IT:Service Manager,IT:Change Requests,IT:Change,,,"Hewitt Associates, Inc. - Block Hour",IT:Premium SLA,2026-01-27 19:00:00,"Administrator, Autotask",2026-02-04 15:30:00,2026-02-04 11:00:00,2026-01-27 19:00:00,Restored the deleted folder and all contents from the previous night's Veeam backup snapshot. Verified file integrity and permissions match the original. Confirmed with the user that all expected files are present and accessible.,"Anderson, Scott",False,2,2.0,True,188.5,7.85,0.0,184.0,4.5,3,15,File recovery request User accidentally deleted a folder from the shared drive and needs it restored from backup.
T20260101.0019,Suspicious phishing email reported,Employee forwarded a suspicious email claiming to be from IT asking for credentials. Needs investigation.,"Hewitt Associates, Inc.",Primary Location,Complete,High,Email,2.0,"Anderson, Scott",IT:Service Manager,IT:Level I,IT:Applications,,,"Hewitt Associates, Inc. - Block Hour",IT:Premium SLA,2026-01-01 03:00:00,"Administrator, Autotask",2026-01-05 13:30:00,2026-01-08 11:00:00,2026-01-01 03:00:00,"Confirmed the email as a phishing attempt originating from a spoofed domain. Blocked the sender domain in the email gateway, purged the message from all mailboxes using content search, and submitted the URL to Microsoft for blacklisting. Sent a company-wide phishing awareness reminder.","Anderson, Scott",False,3,2.0,True,106.5,4.44,0.0,176.0,,4,15,Suspicious phishing email reported Employee forwarded a suspicious email claiming to be from IT asking for credentials. Needs investigation.
T20251204.0021,Teams calls have audio echo,Multiple users in the open office area report audio echo issues during Microsoft Teams calls.,"Hewitt Associates, Inc.",Primary Location,Complete,Medium,Email,2.0,"Taylor, Mark",IT:Technician II,IT:Level II,SW:Support,,,"Hewitt Associates, Inc. - Block Hour",IT:Premium SLA,2025-12-04 03:30:00,"Administrator, Autotask",2025-12-06 13:30:00,2025-12-11 11:00:00,2025-12-04 03:30:00,"Identified that multiple users in close proximity were using laptop speakers instead of headsets, causing audio feedback loops. Distributed USB headsets to affected users and configured Teams audio settings to default to headset output. Echo issues eliminated.","Taylor, Mark",False,2,2.0,True,58.0,2.42,0.0,175.5,,5,15,Teams calls have audio echo Multiple users in the open office area report audio echo issues during Microsoft Teams calls.
T20260222.0013,OneDrive sync errors,User getting persistent sync conflict errors in OneDrive. Several files showing duplicate versions.,"Hewitt Associates, Inc.",Primary Location,Complete,Medium,Email,2.0,"Miller, Susan",SW:Support II,IT:Level II,SW:Defect,,,"Hewitt Associates, Inc. - Block Hour",IT:Premium SLA,2026-02-22 06:00:00,"Administrator, Autotask",2026-02-22 20:00:00,2026-03-02 11:00:00,2026-02-22 06:00:00,"Identified sync conflicts caused by files exceeding the 256-character path length limit. Shortened the nested folder structure, resolved the duplicate file versions by keeping the most recent copies, and reset the OneDrive sync client. Sync now running clean with no errors.","Miller, Susan",False,2,2.0,True,14.0,0.58,0.0,197.0,,3,13,OneDrive sync errors User getting persistent sync conflict errors in OneDrive. Several files showing duplicate versions.
T20260110.0013,Wi-Fi connectivity issues in conference room B,Staff report intermittent Wi-Fi drops in conference room B during video calls. Signal strength appears weak.,"Hewitt Associates, Inc.",Primary Location,Complete,Medium,Email,2.0,"Anderson, Scott",IT:Service Manager,IT:Level I,Triage,,,"Hewitt Associates, Inc. - Block Hour",IT:Premium SLA,2026-01-10 02:30:00,"Administrator, Autotask",2026-01-16 18:30:00,2026-01-19 11:00:00,2026-01-10 02:30:00,"Performed a wireless site survey and identified signal interference from an adjacent microwave and a neighboring AP on the same channel. Changed the AP channel, increased transmit power, and repositioned the access point. Signal strength improved from -75dBm to -55dBm. Tested with multiple concurrent video calls successfully.","Anderson, Scott",False,2,2.0,True,160.0,6.67,0.0,224.5,,7,16,Wi-Fi connectivity issues in conference room B Staff report intermittent Wi-Fi drops in conference room B during video calls. Signal strength appears weak.
T20260115.0013,Outlook not syncing emails,User reports Outlook on their workstation is not syncing new emails. Restarting the application did not resolve the issue.,"Hewitt Associates, Inc.",Primary Location,Complete,Medium,Email,2.0,"Moore, James",IT:Technician II,Triage,SW:Internal,,,"Hewitt Associates, Inc. - Block Hour",IT:Premium SLA,2026-01-15 14:00:00,"Administrator, Autotask",2026-01-17 09:00:00,2026-01-22 17:00:00,2026-01-15 14:00:00,Rebuilt the Outlook profile and cleared the local OST cache. Re-synced the mailbox from Exchange Online. Verified all folders syncing correctly and monitored for 2 hours with no recurrence.,"Moore, James",False,2,2.0,True,43.0,1.79,0.0,171.0,,4,19,Outlook not syncing emails User reports Outlook on their workstation is not syncing new emails. Restarting the application did not resolve the issue.
T20260102.0017,Printer jamming on 2nd floor,The shared HP LaserJet on the 2nd floor is consistently jamming when printing duplex jobs. Paper tray has been checked.,"Hewitt Associates, Inc.",Primary Location,Complete,Medium,Email,2.0,"Taylor, Mark",IT:Technician II,IT:Level II,SW:Change,,,"Hewitt Associates, Inc. - Block Hour",IT:Premium SLA,2026-01-02 18:30:00,"Administrator, Autotask",2026-01-08 09:00:00,2026-01-12 11:00:00,2026-01-02 18:30:00,Cleaned the duplex unit rollers and replaced worn pickup rollers. Recalibrated the paper path and ran 50 test duplex prints with no jams. Issue resolved.,"Taylor, Mark",False,2,2.0,True,134.5,5.6,0.0,232.5,,5,20,Printer jamming on 2nd floor The shared HP LaserJet on the 2nd floor is consistently jamming when printing duplex jobs. Paper tray has been checked.
T20260109.0005,Backup job failed overnight,Nightly backup job for the file server failed with a timeout error. Last successful backup was 3 days ago.,"Hewitt Associates, Inc.",Primary Location,Complete,Critical,Email,2.0,"Miller, Susan",SW:Support II,IT:Level I,IT:Applications,,,"Hewitt Associates, Inc. - Block Hour",IT:Premium SLA,2026-01-09 01:00:00,"Administrator, Autotask",2026-01-11 16:00:00,2026-01-16 11:00:00,2026-01-09 01:00:00,"Identified that a runaway database process was locking files during the backup window. Rescheduled the database maintenance job to complete before the backup window. Cleared the stale lock files, restarted the backup agent, and successfully ran a full backup. Verified backup integrity with a test restore.","Miller, Susan",False,4,2.0,True,63.0,2.62,0.0,178.0,,4,19,Backup job failed overnight Nightly backup job for the file server failed with a timeout error. Last successful backup was 3 days ago.
T20251212.0011,Zoom meeting room setup,Need to configure the new conference room TV and camera system for Zoom Rooms integration.,"Hewitt Associates, Inc.",Primary Location,Complete,Low,Email,2.0,"Anderson, Scott",IT:Service Manager,Triage,SW:Change,,,"Hewitt Associates, Inc. - Block Hour",IT:Premium SLA,2025-12-12 11:30:00,"Administrator, Autotask",2025-12-14 12:00:00,2025-12-19 14:30:00,2025-12-12 11:30:00,"Mounted the Logitech Rally camera system, connected to the conference room PC, and configured Zoom Rooms with the company license. Set up one-touch join with the room calendar integration. Tested audio, video, and screen sharing with a remote participant successfully.","Anderson, Scott",False,1,2.0,True,48.5,2.02,0.0,171.0,,4,15,Zoom meeting room setup Need to configure the new conference room TV and camera system for Zoom Rooms integration.
T20260126.0007,VPN connection drops intermittently,"Remote employee experiences frequent VPN disconnections throughout the day, disrupting access to internal resources.","Hewitt Associates, Inc.",Primary Location,Complete,High,Email,2.0,"Taylor, Mark",IT:Technician II,IT:Level I,SW:Defect,,,"Hewitt Associates, Inc. - Block Hour",IT:Premium SLA,2026-01-26 17:00:00,"Administrator, Autotask",2026-01-27 12:00:00,2026-02-03 11:00:00,2026-01-26 17:00:00,"Diagnosed intermittent VPN disconnections to a conflicting network adapter driver. Updated the adapter driver, disabled IPv6 on the VPN tunnel adapter, and adjusted the idle timeout setting in the GlobalProtect client. Verified stable connectivity over a 4-hour remote session with no drops.","Taylor, Mark",False,3,2.0,True,19.0,0.79,0.0,186.0,,4,14,"VPN connection drops intermittently Remote employee experiences frequent VPN disconnections throughout the day, disrupting access to internal resources."
T20251230.0013,New employee laptop setup,"New hire starting next Monday needs a laptop configured with standard software suite, email, and VPN access.","Hewitt Associates, Inc.",Primary Location,Complete,Low,Email,2.0,"Anderson, Scott",IT:Service Manager,IT:Change Requests,SW:Internal,,,"Hewitt Associates, Inc. - Block Hour",IT:Premium SLA,2025-12-30 20:30:00,"Administrator, Autotask",2026-01-06 09:00:00,2026-01-07 11:00:00,2025-12-30 20:30:00,"Configured new Dell Latitude with Windows 11, joined to domain, installed standard software suite (Office 365, Teams, GlobalProtect VPN, Adobe Reader). Set up email profile and verified VPN connectivity. Laptop ready for new hire.","Anderson, Scott",False,1,2.0,True,156.5,6.52,0.0,182.5,,4,17,"New employee laptop setup New hire starting next Monday needs a laptop configured with standard software suite, email, and VPN access."
T20251231.0012,Backup job failed overnight,Nightly backup job for the file server failed with a timeout error. Last successful backup was 3 days ago.,"Hewitt Associates, Inc.",Primary Location,Complete,Critical,Email,2.0,"Taylor, Mark",IT:Technician II,Triage,IT:Change,,,"Hewitt Associates, Inc. - Block Hour",IT:Premium SLA,2025-12-31 21:30:00,"Administrator, Autotask",2026-01-10 14:00:00,2026-01-08 11:00:00,2025-12-31 21:30:00,"Identified that a runaway database process was locking files during the backup window. Rescheduled the database maintenance job to complete before the backup window. Cleared the stale lock files, restarted the backup agent, and successfully ran a full backup. Verified backup integrity with a test restore.","Taylor, Mark",False,4,2.0,True,232.5,9.69,0.0,181.5,51.0,4,19,Backup job failed overnight Nightly backup job for the file server failed with a timeout error. Last successful backup was 3 days ago.
T20251210.0014,Monitor flickering on docking station,User's external monitor flickers when connected via USB-C docking station. Works fine with direct HDMI connection.,"Hewitt Associates, Inc.",Primary Location,Complete,Medium,Email,2.0,"Taylor, Mark",IT:Technician II,IT:Change Requests,IT:Change,,,"Hewitt Associates, Inc. - Block Hour",IT:Premium SLA,2025-12-10 13:30:00,"Administrator, Autotask",2025-12-15 17:30:00,2025-12-17 16:30:00,2025-12-10 13:30:00,Updated the docking station firmware from v1.2 to v1.8 and installed the latest DisplayLink driver. Replaced the USB-C cable with a certified Thunderbolt 3 cable. Monitor now displays stable output through the dock.,"Taylor, Mark",False,2,2.0,True,124.0,5.17,0.0,171.0,,5,16,Monitor flickering on docking station User's external monitor flickers when connected via USB-C docking station. Works fine with direct HDMI connection.
T20260113.0013,OneDrive sync errors,User getting persistent sync conflict errors in OneDrive. Several files showing duplicate versions.,"Hewitt Associates, Inc.",Primary Location,Complete,Medium,Email,2.0,"Anderson, Scott",IT:Service Manager,IT:Level I,SW:Support,,,"Hewitt Associates, Inc. - Block Hour",IT:Premium SLA,2026-01-13 11:00:00,"Administrator, Autotask",2026-01-16 23:30:00,2026-01-20 14:00:00,2026-01-13 11:00:00,"Identified sync conflicts caused by files exceeding the 256-character path length limit. Shortened the nested folder structure, resolved the duplicate file versions by keeping the most recent copies, and reset the OneDrive sync client. Sync now running clean with no errors.","Anderson, Scott",False,2,2.0,True,84.5,3.52,0.0,171.0,,3,13,OneDrive sync errors User getting persistent sync conflict errors in OneDrive. Several files showing duplicate versions.
T20260128.0001,Server room temperature alert,Environmental monitoring system triggered a high-temperature alert in the server room. HVAC may be malfunctioning.,"Hewitt Associates, Inc.",Primary Location,Waiting Customer,Medium,Email,2.0,"Moore, James",IT:Technician II,IT:Level I,IT:Applications,,,"Hewitt Associates, Inc. - Block Hour",IT:Premium SLA,2026-01-28 08:00:00,"Administrator, Autotask",,2026-02-07 08:00:00,2026-01-28 08:00:00,,,False,2,2.0,False,,,0.0,240.0,,4,15,Server room temperature alert Environmental monitoring system triggered a high-temperature alert in the server room. HVAC may be malfunctioning.
T20260114.0001,Monitor flickering on docking station,User's external monitor flickers when connected via USB-C docking station. Works fine with direct HDMI connection.,"Hewitt Associates, Inc.",Primary Location,Waiting Customer,Medium,Email,2.0,"Taylor, Mark",IT:Technician II,Triage,SW:Support,,,"Hewitt Associates, Inc. - Block Hour",IT:Premium SLA,2026-01-14 02:30:00,"Administrator, Autotask",,2026-01-24 02:30:00,2026-01-14 02:30:00,,,False,2,2.0,False,,,0.0,240.0,,5,16,Monitor flickering on docking station User's external monitor flickers when connected via USB-C docking station. Works fine with direct HDMI connection.
T20251214.0001,Windows update causing BSOD,Two workstations experiencing Blue Screen of Death after latest Windows cumulative update was installed.,"Hewitt Associates, Inc.",Primary Location,Waiting Customer,Medium,Email,2.0,"Moore, James",IT:Technician II,IT:Change Requests,IT:Hardware,,,"Hewitt Associates, Inc. - Block Hour",IT:Premium SLA,2025-12-14 12:00:00,"Administrator, Autotask",,2025-12-24 12:00:00,2025-12-14 12:00:00,,,False,2,2.0,False,,,0.0,240.0,,4,14,Windows update causing BSOD Two workstations experiencing Blue Screen of Death after latest Windows cumulative update was installed.
T20251210.0002,Zoom meeting room setup,Need to configure the new conference room TV and camera system for Zoom Rooms integration.,"Hewitt Associates, Inc.",Primary Location,Waiting Customer,Low,Email,2.0,"Anderson, Scott",IT:Service Manager,IT:Level I,SW:Internal,,,"Hewitt Associates, Inc. - Block Hour",IT:Premium SLA,2025-12-10 14:30:00,"Administrator, Autotask",,2025-12-20 14:30:00,2025-12-10 14:30:00,,,False,1,2.0,False,,,0.0,240.0,,4,15,Zoom meeting room setup Need to configure the new conference room TV and camera system for Zoom Rooms integration.
T20260222.0001,Server room temperature alert,Environmental monitoring system triggered a high-temperature alert in the server room. HVAC may be malfunctioning.,"Hewitt Associates, Inc.",Primary Location,Waiting Customer,Medium,Email,2.0,"Anderson, Scott",IT:Service Manager,IT:Level I,SW:Support,,,"Hewitt Associates, Inc. - Block Hour",IT:Premium SLA,2026-02-22 00:00:00,"Administrator, Autotask",,2026-03-04 00:00:00,2026-02-22 00:00:00,,,False,2,2.0,False,,,0.0,240.0,,4,15,Server room temperature alert Environmental monitoring system triggered a high-temperature alert in the server room. HVAC may be malfunctioning.
T20260222.0002,Suspicious phishing email reported,Employee forwarded a suspicious email claiming to be from IT asking for credentials. Needs investigation.,"Hewitt Associates, Inc.",Primary Location,Waiting Customer,Low,Email,2.0,"Taylor, Mark",IT:Technician II,Triage,SW:Internal,,,"Hewitt Associates, Inc. - Block Hour",IT:Premium SLA,2026-02-22 05:30:00,"Administrator, Autotask",,2026-03-04 05:30:00,2026-02-22 05:30:00,,,False,1,2.0,False,,,0.0,240.0,,4,15,Suspicious phishing email reported Employee forwarded a suspicious email claiming to be from IT asking for credentials. Needs investigation.
T20251220.0002,MFA not working on mobile device,User replaced their phone and can no longer receive MFA push notifications. Needs MFA token re-enrolled.,"Hewitt Associates, Inc.",Primary Location,Waiting Customer,High,Email,2.0,"Moore, James",IT:Technician II,IT:Change Requests,SW:Internal,,,"Hewitt Associates, Inc. - Block Hour",IT:Premium SLA,2025-12-20 05:00:00,"Administrator, Autotask",,2025-12-30 05:00:00,2025-12-20 05:00:00,,,False,3,2.0,False,,,0.0,240.0,,6,16,MFA not working on mobile device User replaced their phone and can no longer receive MFA push notifications. Needs MFA token re-enrolled.
T20251222.0002,Request for additional monitor,Department manager requesting a second monitor for their workstation to improve productivity.,"Hewitt Associates, Inc.",Primary Location,Waiting Customer,Critical,Email,2.0,"Moore, James",IT:Technician II,IT:Level II,SW:Internal,,,"Hewitt Associates, Inc. - Block Hour",IT:Premium SLA,2025-12-22 00:30:00,"Administrator, Autotask",,2026-01-01 00:30:00,2025-12-22 00:30:00,,,False,4,2.0,False,,,0.0,240.0,,4,12,Request for additional monitor Department manager requesting a second monitor for their workstation to improve productivity.
T20251217.0003,Server room temperature alert,Environmental monitoring system triggered a high-temperature alert in the server room. HVAC may be malfunctioning.,"Hewitt Associates, Inc.",Primary Location,Waiting Customer,Low,Email,2.0,"Miller, Susan",SW:Support II,IT:Level II,Triage,,,"Hewitt Associates, Inc. - Block Hour",IT:Premium SLA,2025-12-17 07:30:00,"Administrator, Autotask",,2025-12-27 07:30:00,2025-12-17 07:30:00,,,False,1,2.0,False,,,0.0,240.0,,4,15,Server room temperature alert Environmental monitoring system triggered a high-temperature alert in the server room. HVAC may be malfunctioning.
T20251219.0004,Backup job failed overnight,Nightly backup job for the file server failed with a timeout error. Last successful backup was 3 days ago.,"Hewitt Associates, Inc.",Primary Location,Waiting Customer,Critical,Email,2.0,"Anderson, Scott",IT:Service Manager,IT:Change Requests,SW:Internal,,,"Hewitt Associates, Inc. - Block Hour",IT:Premium SLA,2025-12-19 00:30:00,"Administrator, Autotask",,2025-12-29 00:30:00,2025-12-19 00:30:00,,,False,4,2.0,False,,,0.0,240.0,,4,19,Backup job failed overnight Nightly backup job for the file server failed with a timeout error. Last successful backup was 3 days ago.
T20260113.0004,Zoom meeting room setup,Need to configure the new conference room TV and camera system for Zoom Rooms integration.,"Hewitt Associates, Inc.",Primary Location,Waiting Customer,High,Email,2.0,"Anderson, Scott",IT:Service Manager,IT:Level I,Triage,,,"Hewitt Associates, Inc. - Block Hour",IT:Premium SLA,2026-01-13 05:00:00,"Administrator, Autotask",,2026-01-23 05:00:00,2026-01-13 05:00:00,,,False,3,2.0,False,,,0.0,240.0,,4,15,Zoom meeting room setup Need to configure the new conference room TV and camera system for Zoom Rooms integration.
T20260222.0005,OneDrive sync errors,User getting persistent sync conflict errors in OneDrive. Several files showing duplicate versions.,"Hewitt Associates, Inc.",Primary Location,Waiting Customer,Medium,Email,2.0,"Miller, Susan",SW:Support II,IT:Level II,Triage,,,"Hewitt Associates, Inc. - Block Hour",IT:Premium SLA,2026-02-22 18:30:00,"Administrator, Autotask",,2026-03-04 18:30:00,2026-02-22 18:30:00,,,False,2,2.0,False,,,0.0,240.0,,3,13,OneDrive sync errors User getting persistent sync conflict errors in OneDrive. Several files showing duplicate versions.
T20260227.0006,Backup job failed overnight,Nightly backup job for the file server failed with a timeout error. Last successful backup was 3 days ago.,"Hewitt Associates, Inc.",Primary Location,Waiting Customer,Medium,Email,2.0,"Anderson, Scott",IT:Service Manager,IT:Change Requests,SW:Defect,,,"Hewitt Associates, Inc. - Block Hour",IT:Premium SLA,2026-02-27 05:30:00,"Administrator, Autotask",,2026-03-09 05:30:00,2026-02-27 05:30:00,,,False,2,2.0,False,,,0.0,240.0,,4,19,Backup job failed overnight Nightly backup job for the file server failed with a timeout error. Last successful backup was 3 days ago.
T20251209.0005,Outlook not syncing emails,User reports Outlook on their workstation is not syncing new emails. Restarting the application did not resolve the issue.,"Hewitt Associates, Inc.",Primary Location,Waiting Customer,Low,Email,2.0,"Anderson, Scott",IT:Service Manager,IT:Level I,SW:Support,,,"Hewitt Associates, Inc. - Block Hour",IT:Premium SLA,2025-12-09 03:30:00,"Administrator, Autotask",,2025-12-19 03:30:00,2025-12-09 03:30:00,,,False,1,2.0,False,,,0.0,240.0,,4,19,Outlook not syncing emails User reports Outlook on their workstation is not syncing new emails. Restarting the application did not resolve the issue.
T20260224.0002,Email bouncing back to external clients,Several external clients report emails to our sales team are bouncing back with a 550 error.,"Hewitt Associates, Inc.",Primary Location,Waiting Customer,Critical,Email,2.0,"Miller, Susan",SW:Support II,IT:Level II,IT:Hardware,,,"Hewitt Associates, Inc. - Block Hour",IT:Premium SLA,2026-02-24 21:30:00,"Administrator, Autotask",,2026-03-06 21:30:00,2026-02-24 21:30:00,,,False,4,2.0,False,,,0.0,240.0,,6,16,Email bouncing back to external clients Several external clients report emails to our sales team are bouncing back with a 550 error.
T20260116.0006,Windows update causing BSOD,Two workstations experiencing Blue Screen of Death after latest Windows cumulative update was installed.,"Hewitt Associates, Inc.",Primary Location,Waiting Customer,High,Email,2.0,"Moore, James",IT:Technician II,Triage,IT:Applications,,,"Hewitt Associates, Inc. - Block Hour",IT:Premium SLA,2026-01-16 17:30:00,"Administrator, Autotask",,2026-01-26 17:30:00,2026-01-16 17:30:00,,,False,3,2.0,False,,,0.0,240.0,,4,14,Windows update causing BSOD Two workstations experiencing Blue Screen of Death after latest Windows cumulative update was installed.
T20120530.0002,Flickering Monitor,Flickering Monitor,"Hewitt Associates, Inc.",,In Progress,Medium,Client Portal,1.0,"Taylor, Mark",IT:Technician I,IT:Level I,IT:Hardware,Other,IT:Onsite (Billable),"Hewitt Associates, Inc. - Block Hour",,2012-06-12 20:00:00,"Administrator, Autotask",,2012-06-20 11:00:00,2012-06-13 20:00:00,,,True,2,1.0,False,,,1440.0,183.0,,2,2,Flickering Monitor Flickering Monitor
T20260207.0002,Email bouncing back to external clients,Several external clients report emails to our sales team are bouncing back with a 550 error.,"Hewitt Associates, Inc.",Primary Location,In Progress,Medium,Email,2.0,"Taylor, Mark",IT:Technician II,IT:Level II,SW:Support,,,"Hewitt Associates, Inc. - Block Hour",IT:Premium SLA,2026-02-07 04:30:00,"Administrator, Autotask",,2026-02-16 11:00:00,2026-02-07 04:30:00,,,False,2,2.0,False,,,0.0,222.5,,6,16,Email bouncing back to external clients Several external clients report emails to our sales team are bouncing back with a 550 error.
T20251227.0003,File recovery request,User accidentally deleted a folder from the shared drive and needs it restored from backup.,"Hewitt Associates, Inc.",Primary Location,In Progress,Medium,Email,2.0,"Moore, James",IT:Technician II,IT:Change Requests,SW:Change,,,"Hewitt Associates, Inc. - Block Hour",IT:Premium SLA,2025-12-27 16:00:00,"Administrator, Autotask",,2026-01-05 11:00:00,2025-12-27 16:00:00,,,False,2,2.0,False,,,0.0,211.0,,3,15,File recovery request User accidentally deleted a folder from the shared drive and needs it restored from backup.
T20260120.0003,New user account creation,"HR requests new Active Directory account, email, and standard group memberships for incoming Accounting associate.","Hewitt Associates, Inc.",Primary Location,In Progress,Low,Email,2.0,"Taylor, Mark",IT:Technician II,Triage,SW:Defect,,,"Hewitt Associates, Inc. - Block Hour",IT:Premium SLA,2026-01-20 04:00:00,"Administrator, Autotask",,2026-01-27 11:00:00,2026-01-20 04:00:00,,,False,1,2.0,False,,,0.0,175.0,,4,15,"New user account creation HR requests new Active Directory account, email, and standard group memberships for incoming Accounting associate."
T20260209.0001,Suspicious phishing email reported,Employee forwarded a suspicious email claiming to be from IT asking for credentials. Needs investigation.,"Hewitt Associates, Inc.",Primary Location,In Progress,Critical,Email,2.0,"Taylor, Mark",IT:Technician II,Triage,SW:Internal,,,"Hewitt Associates, Inc. - Block Hour",IT:Premium SLA,2026-02-09 09:30:00,"Administrator, Autotask",,2026-02-16 12:30:00,2026-02-09 09:30:00,,,False,4,2.0,False,,,0.0,171.0,,4,15,Suspicious phishing email reported Employee forwarded a suspicious email claiming to be from IT asking for credentials. Needs investigation.
T20260110.0003,Slow computer performance,User's workstation takes over 5 minutes to boot and applications are sluggish. Machine is 4 years old with HDD.,"Hewitt Associates, Inc.",Primary Location,In Progress,High,Email,2.0,"Moore, James",IT:Technician II,IT:Change Requests,SW:Change,,,"Hewitt Associates, Inc. - Block Hour",IT:Premium SLA,2026-01-10 05:30:00,"Administrator, Autotask",,2026-01-19 11:00:00,2026-01-10 05:30:00,,,False,3,2.0,False,,,0.0,221.5,,3,19,Slow computer performance User's workstation takes over 5 minutes to boot and applications are sluggish. Machine is 4 years old with HDD.
T20251215.0003,Wi-Fi connectivity issues in conference room B,Staff report intermittent Wi-Fi drops in conference room B during video calls. Signal strength appears weak.,"Hewitt Associates, Inc.",Primary Location,In Progress,Low,Email,2.0,"Moore, James",IT:Technician II,Triage,IT:Applications,,,"Hewitt Associates, Inc. - Block Hour",IT:Premium SLA,2025-12-15 09:30:00,"Administrator, Autotask",,2025-12-22 12:30:00,2025-12-15 09:30:00,,,False,1,2.0,False,,,0.0,171.0,,7,16,Wi-Fi connectivity issues in conference room B Staff report intermittent Wi-Fi drops in conference room B during video calls. Signal strength appears weak.
T20260214.0002,Outlook not syncing emails,User reports Outlook on their workstation is not syncing new emails. Restarting the application did not resolve the issue.,"Hewitt Associates, Inc.",Primary Location,In Progress,Critical,Email,2.0,"Anderson, Scott",IT:Service Manager,IT:Change Requests,Triage,,,"Hewitt Associates, Inc. - Block Hour",IT:Premium SLA,2026-02-14 14:30:00,"Administrator, Autotask",,2026-02-23 11:00:00,2026-02-14 14:30:00,,,False,4,2.0,False,,,0.0,212.5,,4,19,Outlook not syncing emails User reports Outlook on their workstation is not syncing new emails. Restarting the application did not resolve the issue.
T20251210.0003,New user account creation,"HR requests new Active Directory account, email, and standard group memberships for incoming Accounting associate.","Hewitt Associates, Inc.",Primary Location,In Progress,High,Email,2.0,"Miller, Susan",SW:Support II,Triage,IT:Change,,,"Hewitt Associates, Inc. - Block Hour",IT:Premium SLA,2025-12-10 00:00:00,"Administrator, Autotask",,2025-12-17 11:00:00,2025-12-10 00:00:00,,,False,3,2.0,False,,,0.0,179.0,,4,15,"New user account creation HR requests new Active Directory account, email, and standard group memberships for incoming Accounting associate."
T20260301.0002,Email bouncing back to external clients,Several external clients report emails to our sales team are bouncing back with a 550 error.,"Hewitt Associates, Inc.",Primary Location,In Progress,Medium,Email,2.0,"Taylor, Mark",IT:Technician II,IT:Level II,SW:Support,,,"Hewitt Associates, Inc. - Block Hour",IT:Premium SLA,2026-03-01 23:00:00,"Administrator, Autotask",,2026-03-09 11:00:00,2026-03-01 23:00:00,,,False,2,2.0,False,,,0.0,180.0,,6,16,Email bouncing back to external clients Several external clients report emails to our sales team are bouncing back with a 550 error.
T20251217.0001,Password reset request,Employee locked out of their account after multiple failed login attempts. Requesting password reset and account unlock.,"Hewitt Associates, Inc.",Primary Location,Waiting Materials,Medium,Email,2.0,"Moore, James",IT:Technician II,IT:Level II,SW:Support,,,"Hewitt Associates, Inc. - Block Hour",IT:Premium SLA,2025-12-17 13:00:00,"Administrator, Autotask",,2025-12-24 16:00:00,2025-12-17 13:00:00,,,False,2,2.0,False,,,0.0,171.0,,3,17,Password reset request Employee locked out of their account after multiple failed login attempts. Requesting password reset and account unlock.
T20251204.0002,MFA not working on mobile device,User replaced their phone and can no longer receive MFA push notifications. Needs MFA token re-enrolled.,"Hewitt Associates, Inc.",Primary Location,Waiting Materials,Medium,Email,2.0,"Moore, James",IT:Technician II,Triage,IT:Hardware,,,"Hewitt Associates, Inc. - Block Hour",IT:Premium SLA,2025-12-04 08:00:00,"Administrator, Autotask",,2025-12-11 11:00:00,2025-12-04 08:00:00,,,False,2,2.0,False,,,0.0,171.0,,6,16,MFA not working on mobile device User replaced their phone and can no longer receive MFA push notifications. Needs MFA token re-enrolled.
T20251221.0004,Shared drive access denied,User in Accounting cannot access the shared S: drive. Permissions appear correct in AD but access is still denied.,"Hewitt Associates, Inc.",Primary Location,Waiting Materials,High,Email,2.0,"Moore, James",IT:Technician II,IT:Level I,SW:Internal,,,"Hewitt Associates, Inc. - Block Hour",IT:Premium SLA,2025-12-21 06:30:00,"Administrator, Autotask",,2025-12-29 11:00:00,2025-12-21 06:30:00,,,False,3,2.0,False,,,0.0,196.5,,4,19,Shared drive access denied User in Accounting cannot access the shared S: drive. Permissions appear correct in AD but access is still denied.
T20260114.0003,Request to install project management software,Project lead requesting installation of Monday.com desktop app on their workstation.,"Hewitt Associates, Inc.",Primary Location,Waiting Materials,Critical,Email,2.0,"Moore, James",IT:Technician II,IT:Level I,SW:Support,,,"Hewitt Associates, Inc. - Block Hour",IT:Premium SLA,2026-01-14 20:30:00,"Administrator, Autotask",,2026-01-22 11:00:00,2026-01-14 20:30:00,,,False,4,2.0,False,,,0.0,182.5,,6,11,Request to install project management software Project lead requesting installation of Monday.com desktop app on their workstation.
T20260113.0003,Network printer offline,The Ricoh copier/printer in the main office shows offline status for all users. Physical device appears powered on.,"Hewitt Associates, Inc.",Primary Location,Waiting Materials,Medium,Email,2.0,"Moore, James",IT:Technician II,Triage,SW:Defect,,,"Hewitt Associates, Inc. - Block Hour",IT:Premium SLA,2026-01-13 11:30:00,"Administrator, Autotask",,2026-01-20 14:30:00,2026-01-13 11:30:00,,,False,2,2.0,False,,,0.0,171.0,,3,18,Network printer offline The Ricoh copier/printer in the main office shows offline status for all users. Physical device appears powered on.
T20260124.0003,Laptop battery not holding charge,User's Dell laptop battery drains from 100% to 0% in under an hour. Laptop is 2 years old.,"Hewitt Associates, Inc.",Primary Location,Waiting Materials,Low,Email,2.0,"Miller, Susan",SW:Support II,IT:Level II,SW:Defect,,,"Hewitt Associates, Inc. - Block Hour",IT:Premium SLA,2026-01-24 02:30:00,"Administrator, Autotask",,2026-02-02 11:00:00,2026-01-24 02:30:00,,,False,1,2.0,False,,,0.0,224.5,,5,18,Laptop battery not holding charge User's Dell laptop battery drains from 100% to 0% in under an hour. Laptop is 2 years old.
T20260210.0001,MFA not working on mobile device,User replaced their phone and can no longer receive MFA push notifications. Needs MFA token re-enrolled.,"Hewitt Associates, Inc.",Primary Location,Waiting Materials,Medium,Email,2.0,"Taylor, Mark",IT:Technician II,IT:Level II,SW:Defect,,,"Hewitt Associates, Inc. - Block Hour",IT:Premium SLA,2026-02-10 02:30:00,"Administrator, Autotask",,2026-02-17 11:00:00,2026-02-10 02:30:00,,,False,2,2.0,False,,,0.0,176.5,,6,16,MFA not working on mobile device User replaced their phone and can no longer receive MFA push notifications. Needs MFA token re-enrolled.
T20260201.0001,Teams calls have audio echo,Multiple users in the open office area report audio echo issues during Microsoft Teams calls.,"Hewitt Associates, Inc.",Primary Location,Scheduled,Critical,Email,2.0,"Anderson, Scott",IT:Service Manager,IT:Level II,Triage,,,"Hewitt Associates, Inc. - Block Hour",IT:Premium SLA,2026-02-01 05:00:00,"Administrator, Autotask",,2026-02-09 11:00:00,2026-02-01 05:00:00,,,False,4,2.0,False,,,0.0,198.0,,5,15,Teams calls have audio echo Multiple users in the open office area report audio echo issues during Microsoft Teams calls.
T20260215.0001,Backup job failed overnight,Nightly backup job for the file server failed with a timeout error. Last successful backup was 3 days ago.,"Hewitt Associates, Inc.",Primary Location,Scheduled,High,Email,2.0,"Anderson, Scott",IT:Service Manager,IT:Level I,IT:Hardware,,,"Hewitt Associates, Inc. - Block Hour",IT:Premium SLA,2026-02-15 09:30:00,"Administrator, Autotask",,2026-02-23 11:00:00,2026-02-15 09:30:00,,,False,3,2.0,False,,,0.0,193.5,,4,19,Backup job failed overnight Nightly backup job for the file server failed with a timeout error. Last successful backup was 3 days ago.
T20260101.0002,OneDrive sync errors,User getting persistent sync conflict errors in OneDrive. Several files showing duplicate versions.,"Hewitt Associates, Inc.",Primary Location,Scheduled,High,Email,2.0,"Moore, James",IT:Technician II,Triage,IT:Applications,,,"Hewitt Associates, Inc. - Block Hour",IT:Premium SLA,2026-01-01 13:30:00,"Administrator, Autotask",,2026-01-08 16:30:00,2026-01-01 13:30:00,,,False,3,2.0,False,,,0.0,171.0,,3,13,OneDrive sync errors User getting persistent sync conflict errors in OneDrive. Several files showing duplicate versions.
T20251226.0003,Wi-Fi connectivity issues in conference room B,Staff report intermittent Wi-Fi drops in conference room B during video calls. Signal strength appears weak.,"Hewitt Associates, Inc.",Primary Location,Scheduled,Medium,Email,2.0,"Moore, James",IT:Technician II,IT:Change Requests,SW:Change,,,"Hewitt Associates, Inc. - Block Hour",IT:Premium SLA,2025-12-26 01:30:00,"Administrator, Autotask",,2026-01-02 11:00:00,2025-12-26 01:30:00,,,False,2,2.0,False,,,0.0,177.5,,7,16,Wi-Fi connectivity issues in conference room B Staff report intermittent Wi-Fi drops in conference room B during video calls. Signal strength appears weak.
T20260220.0001,File recovery request,User accidentally deleted a folder from the shared drive and needs it restored from backup.,"Hewitt Associates, Inc.",Primary Location,Scheduled,High,Email,2.0,"Taylor, Mark",IT:Technician II,Triage,SW:Defect,,,"Hewitt Associates, Inc. - Block Hour",IT:Premium SLA,2026-02-20 03:30:00,"Administrator, Autotask",,2026-02-27 11:00:00,2026-02-20 03:30:00,,,False,3,2.0,False,,,0.0,175.5,,3,15,File recovery request User accidentally deleted a folder from the shared drive and needs it restored from backup.
T20260201.0002,VPN connection drops intermittently,"Remote employee experiences frequent VPN disconnections throughout the day, disrupting access to internal resources.","Hewitt Associates, Inc.",Primary Location,Scheduled,Low,Email,2.0,"Taylor, Mark",IT:Technician II,IT:Change Requests,SW:Support,,,"Hewitt Associates, Inc. - Block Hour",IT:Premium SLA,2026-02-01 11:30:00,"Administrator, Autotask",,2026-02-09 11:00:00,2026-02-01 11:30:00,,,False,1,2.0,False,,,0.0,191.5,,4,14,"VPN connection drops intermittently Remote employee experiences frequent VPN disconnections throughout the day, disrupting access to internal resources."
T20251221.0003,Email bouncing back to external clients,Several external clients report emails to our sales team are bouncing back with a 550 error.,"Hewitt Associates, Inc.",Primary Location,Scheduled,Critical,Email,2.0,"Moore, James",IT:Technician II,Triage,IT:Hardware,,,"Hewitt Associates, Inc. - Block Hour",IT:Premium SLA,2025-12-21 05:00:00,"Administrator, Autotask",,2025-12-29 11:00:00,2025-12-21 05:00:00,,,False,4,2.0,False,,,0.0,198.0,,6,16,Email bouncing back to external clients Several external clients report emails to our sales team are bouncing back with a 550 error.
T20260216.0001,Shared drive access denied,User in Accounting cannot access the shared S: drive. Permissions appear correct in AD but access is still denied.,"Hewitt Associates, Inc.",Primary Location,Scheduled,High,Email,2.0,"Moore, James",IT:Technician II,IT:Level I,SW:Internal,,,"Hewitt Associates, Inc. - Block Hour",IT:Premium SLA,2026-02-16 16:30:00,"Administrator, Autotask",,2026-02-24 10:30:00,2026-02-16 16:30:00,,,False,3,2.0,False,,,0.0,186.0,,4,19,Shared drive access denied User in Accounting cannot access the shared S: drive. Permissions appear correct in AD but access is still denied.
T20251229.0004,New user account creation,"HR requests new Active Directory account, email, and standard group memberships for incoming Accounting associate.","Hewitt Associates, Inc.",Primary Location,Scheduled,Low,Email,2.0,"Anderson, Scott",IT:Service Manager,IT:Level I,SW:Defect,,,"Hewitt Associates, Inc. - Block Hour",IT:Premium SLA,2025-12-29 23:00:00,"Administrator, Autotask",,2026-01-06 11:00:00,2025-12-29 23:00:00,,,False,1,2.0,False,,,0.0,180.0,,4,15,"New user account creation HR requests new Active Directory account, email, and standard group memberships for incoming Accounting associate."
T20251217.0002,File recovery request,User accidentally deleted a folder from the shared drive and needs it restored from backup.,"Hewitt Associates, Inc.",Primary Location,Scheduled,Medium,Email,2.0,"Taylor, Mark",IT:Technician II,Triage,SW:Defect,,,"Hewitt Associates, Inc. - Block Hour",IT:Premium SLA,2025-12-17 17:30:00,"Administrator, Autotask",,2025-12-25 11:00:00,2025-12-17 17:30:00,,,False,2,2.0,False,,,0.0,185.5,,3,15,File recovery request User accidentally deleted a folder from the shared drive and needs it restored from backup.
T20260209.0005,Email bouncing back to external clients,Several external clients report emails to our sales team are bouncing back with a 550 error.,"Hewitt Associates, Inc.",Primary Location,Scheduled,Low,Email,2.0,"Moore, James",IT:Technician II,IT:Change Requests,SW:Defect,,,"Hewitt Associates, Inc. - Block Hour",IT:Premium SLA,2026-02-09 07:30:00,"Administrator, Autotask",,2026-02-16 11:00:00,2026-02-09 07:30:00,,,False,1,2.0,False,,,0.0,171.5,,6,16,Email bouncing back to external clients Several external clients report emails to our sales team are bouncing back with a 550 error.
T20260102.0003,Teams calls have audio echo,Multiple users in the open office area report audio echo issues during Microsoft Teams calls.,"Hewitt Associates, Inc.",Primary Location,Scheduled,Critical,Email,2.0,"Moore, James",IT:Technician II,IT:Change Requests,IT:Change,,,"Hewitt Associates, Inc. - Block Hour",IT:Premium SLA,2026-01-02 12:30:00,"Administrator, Autotask",,2026-01-09 15:30:00,2026-01-02 12:30:00,,,False,4,2.0,False,,,0.0,171.0,,5,15,Teams calls have audio echo Multiple users in the open office area report audio echo issues during Microsoft Teams calls.
T20251231.0003,New employee laptop setup,"New hire starting next Monday needs a laptop configured with standard software suite, email, and VPN access.","Hewitt Associates, Inc.",Primary Location,Scheduled,Critical,Email,2.0,"Anderson, Scott",IT:Service Manager,IT:Level I,IT:Change,,,"Hewitt Associates, Inc. - Block Hour",IT:Premium SLA,2025-12-31 15:00:00,"Administrator, Autotask",,2026-01-08 09:00:00,2025-12-31 15:00:00,,,False,4,2.0,False,,,0.0,186.0,,4,17,"New employee laptop setup New hire starting next Monday needs a laptop configured with standard software suite, email, and VPN access."
T20260202.0003,Shared drive access denied,User in Accounting cannot access the shared S: drive. Permissions appear correct in AD but access is still denied.,"Hewitt Associates, Inc.",Primary Location,Scheduled,Medium,Email,2.0,"Miller, Susan",SW:Support II,IT:Change Requests,SW:Internal,,,"Hewitt Associates, Inc. - Block Hour",IT:Premium SLA,2026-02-02 07:30:00,"Administrator, Autotask",,2026-02-09 11:00:00,2026-02-02 07:30:00,,,False,2,2.0,False,,,0.0,171.5,,4,19,Shared drive access denied User in Accounting cannot access the shared S: drive. Permissions appear correct in AD but access is still denied.
T20260301.0001,Suspicious phishing email reported,Employee forwarded a suspicious email claiming to be from IT asking for credentials. Needs investigation.,"Hewitt Associates, Inc.",Primary Location,Scheduled,Critical,Email,2.0,"Taylor, Mark",IT:Technician II,Triage,IT:Hardware,,,"Hewitt Associates, Inc. - Block Hour",IT:Premium SLA,2026-03-01 10:30:00,"Administrator, Autotask",,2026-03-09 11:00:00,2026-03-01 10:30:00,,,False,4,2.0,False,,,0.0,192.5,,4,15,Suspicious phishing email reported Employee forwarded a suspicious email claiming to be from IT asking for credentials. Needs investigation.
T20260221.0003,Monitor flickering on docking station,User's external monitor flickers when connected via USB-C docking station. Works fine with direct HDMI connection.,"Hewitt Associates, Inc.",Primary Location,Scheduled,Medium,Email,2.0,"Anderson, Scott",IT:Service Manager,IT:Change Requests,SW:Defect,,,"Hewitt Associates, Inc. - Block Hour",IT:Premium SLA,2026-02-21 13:30:00,"Administrator, Autotask",,2026-03-02 11:00:00,2026-02-21 13:30:00,,,False,2,2.0,False,,,0.0,213.5,,5,16,Monitor flickering on docking station User's external monitor flickers when connected via USB-C docking station. Works fine with direct HDMI connection.
T20251230.0001,Request for additional monitor,Department manager requesting a second monitor for their workstation to improve productivity.,"Hewitt Associates, Inc.",Primary Location,Escalate,Low,Email,2.0,"Anderson, Scott",IT:Service Manager,IT:Level II,IT:Applications,,,"Hewitt Associates, Inc. - Block Hour",IT:Premium SLA,2025-12-30 23:00:00,"Administrator, Autotask",,2026-01-07 11:00:00,2025-12-30 23:00:00,,,False,1,2.0,False,,,0.0,180.0,,4,12,Request for additional monitor Department manager requesting a second monitor for their workstation to improve productivity.
T20260115.0001,Laptop battery not holding charge,User's Dell laptop battery drains from 100% to 0% in under an hour. Laptop is 2 years old.,"Hewitt Associates, Inc.",Primary Location,Escalate,High,Email,2.0,"Moore, James",IT:Technician II,IT:Level I,IT:Change,,,"Hewitt Associates, Inc. - Block Hour",IT:Premium SLA,2026-01-15 16:00:00,"Administrator, Autotask",,2026-01-23 10:00:00,2026-01-15 16:00:00,,,False,3,2.0,False,,,0.0,186.0,,5,18,Laptop battery not holding charge User's Dell laptop battery drains from 100% to 0% in under an hour. Laptop is 2 years old.
T20260115.0002,Printer jamming on 2nd floor,The shared HP LaserJet on the 2nd floor is consistently jamming when printing duplex jobs. Paper tray has been checked.,"Hewitt Associates, Inc.",Primary Location,Escalate,Medium,Email,2.0,"Moore, James",IT:Technician II,IT:Level II,SW:Support,,,"Hewitt Associates, Inc. - Block Hour",IT:Premium SLA,2026-01-15 16:30:00,"Administrator, Autotask",,2026-01-23 10:30:00,2026-01-15 16:30:00,,,False,2,2.0,False,,,0.0,186.0,,5,20,Printer jamming on 2nd floor The shared HP LaserJet on the 2nd floor is consistently jamming when printing duplex jobs. Paper tray has been checked.
T20260219.0001,Slow computer performance,User's workstation takes over 5 minutes to boot and applications are sluggish. Machine is 4 years old with HDD.,"Hewitt Associates, Inc.",Primary Location,Escalate,High,Email,2.0,"Anderson, Scott",IT:Service Manager,IT:Level I,IT:Applications,,,"Hewitt Associates, Inc. - Block Hour",IT:Premium SLA,2026-02-19 12:00:00,"Administrator, Autotask",,2026-02-26 15:00:00,2026-02-19 12:00:00,,,False,3,2.0,False,,,0.0,171.0,,3,19,Slow computer performance User's workstation takes over 5 minutes to boot and applications are sluggish. Machine is 4 years old with HDD.
T20260120.0001,Request to install project management software,Project lead requesting installation of Monday.com desktop app on their workstation.,"Hewitt Associates, Inc.",Primary Location,Escalate,Medium,Email,2.0,"Moore, James",IT:Technician II,IT:Change Requests,SW:Defect,,,"Hewitt Associates, Inc. - Block Hour",IT:Premium SLA,2026-01-20 03:00:00,"Administrator, Autotask",,2026-01-27 11:00:00,2026-01-20 03:00:00,,,False,2,2.0,False,,,0.0,176.0,,6,11,Request to install project management software Project lead requesting installation of Monday.com desktop app on their workstation.
T20251215.0001,New employee laptop setup,"New hire starting next Monday needs a laptop configured with standard software suite, email, and VPN access.","Hewitt Associates, Inc.",Primary Location,Escalate,Medium,Email,2.0,"Moore, James",IT:Technician II,IT:Change Requests,SW:Support,,,"Hewitt Associates, Inc. - Block Hour",IT:Premium SLA,2025-12-15 03:30:00,"Administrator, Autotask",,2025-12-22 11:00:00,2025-12-15 03:30:00,,,False,2,2.0,False,,,0.0,175.5,,4,17,"New employee laptop setup New hire starting next Monday needs a laptop configured with standard software suite, email, and VPN access."
T20260102.0001,Software license expired for Adobe Acrobat,Adobe Acrobat Pro license has expired for the Marketing department. Three users unable to edit PDFs.,"Hewitt Associates, Inc.",Primary Location,Escalate,Medium,Email,2.0,"Anderson, Scott",IT:Service Manager,IT:Level I,SW:Internal,,,"Hewitt Associates, Inc. - Block Hour",IT:Premium SLA,2026-01-02 19:00:00,"Administrator, Autotask",,2026-01-12 11:00:00,2026-01-02 19:00:00,,,False,2,2.0,False,,,0.0,232.0,,6,16,Software license expired for Adobe Acrobat Adobe Acrobat Pro license has expired for the Marketing department. Three users unable to edit PDFs.
T20260203.0001,New employee laptop setup,"New hire starting next Monday needs a laptop configured with standard software suite, email, and VPN access.","Hewitt Associates, Inc.",Primary Location,Escalate,Medium,Email,2.0,"Anderson, Scott",IT:Service Manager,IT:Level II,IT:Hardware,,,"Hewitt Associates, Inc. - Block Hour",IT:Premium SLA,2026-02-03 09:00:00,"Administrator, Autotask",,2026-02-10 12:00:00,2026-02-03 09:00:00,,,False,2,2.0,False,,,0.0,171.0,,4,17,"New employee laptop setup New hire starting next Monday needs a laptop configured with standard software suite, email, and VPN access."
T20251215.0002,Teams calls have audio echo,Multiple users in the open office area report audio echo issues during Microsoft Teams calls.,"Hewitt Associates, Inc.",Primary Location,Escalate,Medium,Email,2.0,"Anderson, Scott",IT:Service Manager,Triage,SW:Defect,,,"Hewitt Associates, Inc. - Block Hour",IT:Premium SLA,2025-12-15 12:00:00,"Administrator, Autotask",,2025-12-22 15:00:00,2025-12-15 12:00:00,,,False,2,2.0,False,,,0.0,171.0,,5,15,Teams calls have audio echo Multiple users in the open office area report audio echo issues during Microsoft Teams calls.
T20251224.0002,Windows update causing BSOD,Two workstations experiencing Blue Screen of Death after latest Windows cumulative update was installed.,"Hewitt Associates, Inc.",Primary Location,Escalate,Medium,Email,2.0,"Taylor, Mark",IT:Technician II,IT:Change Requests,IT:Hardware,,,"Hewitt Associates, Inc. - Block Hour",IT:Premium SLA,2025-12-24 01:30:00,"Administrator, Autotask",,2025-12-31 11:00:00,2025-12-24 01:30:00,,,False,2,2.0,False,,,0.0,177.5,,4,14,Windows update causing BSOD Two workstations experiencing Blue Screen of Death after latest Windows cumulative update was installed.
T20251204.0003,Teams calls have audio echo,Multiple users in the open office area report audio echo issues during Microsoft Teams calls.,"Hewitt Associates, Inc.",Primary Location,Escalate,High,Email,2.0,"Taylor, Mark",IT:Technician II,IT:Change Requests,IT:Hardware,,,"Hewitt Associates, Inc. - Block Hour",IT:Premium SLA,2025-12-04 10:30:00,"Administrator, Autotask",,2025-12-11 13:30:00,2025-12-04 10:30:00,,,False,3,2.0,False,,,0.0,171.0,,5,15,Teams calls have audio echo Multiple users in the open office area report audio echo issues during Microsoft Teams calls.
T20251218.0002,Zoom meeting room setup,Need to configure the new conference room TV and camera system for Zoom Rooms integration.,"Hewitt Associates, Inc.",Primary Location,Escalate,Low,Email,2.0,"Anderson, Scott",IT:Service Manager,IT:Change Requests,IT:Hardware,,,"Hewitt Associates, Inc. - Block Hour",IT:Premium SLA,2025-12-18 02:30:00,"Administrator, Autotask",,2025-12-25 11:00:00,2025-12-18 02:30:00,,,False,1,2.0,False,,,0.0,176.5,,4,15,Zoom meeting room setup Need to configure the new conference room TV and camera system for Zoom Rooms integration.
T20260103.0001,New user account creation,"HR requests new Active Directory account, email, and standard group memberships for incoming Accounting associate.","Hewitt Associates, Inc.",Primary Location,Escalate,High,Email,2.0,"Taylor, Mark",IT:Technician II,IT:Change Requests,SW:Internal,,,"Hewitt Associates, Inc. - Block Hour",IT:Premium SLA,2026-01-03 04:30:00,"Administrator, Autotask",,2026-01-12 11:00:00,2026-01-03 04:30:00,,,False,3,2.0,False,,,0.0,222.5,,4,15,"New user account creation HR requests new Active Directory account, email, and standard group memberships for incoming Accounting associate."
T20260227.0005,New employee laptop setup,"New hire starting next Monday needs a laptop configured with standard software suite, email, and VPN access.","Hewitt Associates, Inc.",Primary Location,Escalate,Medium,Email,2.0,"Anderson, Scott",IT:Service Manager,Triage,SW:Internal,,,"Hewitt Associates, Inc. - Block Hour",IT:Premium SLA,2026-02-27 07:30:00,"Administrator, Autotask",,2026-03-06 11:00:00,2026-02-27 07:30:00,,,False,2,2.0,False,,,0.0,171.5,,4,17,"New employee laptop setup New hire starting next Monday needs a laptop configured with standard software suite, email, and VPN access."
T20260209.0006,Monitor flickering on docking station,User's external monitor flickers when connected via USB-C docking station. Works fine with direct HDMI connection.,"Hewitt Associates, Inc.",Primary Location,Escalate,Medium,Email,2.0,"Moore, James",IT:Technician II,IT:Level II,IT:Change,,,"Hewitt Associates, Inc. - Block Hour",IT:Premium SLA,2026-02-09 12:00:00,"Administrator, Autotask",,2026-02-16 15:00:00,2026-02-09 12:00:00,,,False,2,2.0,False,,,0.0,171.0,,5,16,Monitor flickering on docking station User's external monitor flickers when connected via USB-C docking station. Works fine with direct HDMI connection.
T20260218.0005,Windows update causing BSOD,Two workstations experiencing Blue Screen of Death after latest Windows cumulative update was installed.,"Hewitt Associates, Inc.",Primary Location,Escalate,High,Email,2.0,"Moore, James",IT:Technician II,IT:Level II,SW:Internal,,,"Hewitt Associates, Inc. - Block Hour",IT:Premium SLA,2026-02-18 07:30:00,"Administrator, Autotask",,2026-02-25 11:00:00,2026-02-18 07:30:00,,,False,3,2.0,False,,,0.0,171.5,,4,14,Windows update causing BSOD Two workstations experiencing Blue Screen of Death after latest Windows cumulative update was installed.
T20260110.0004,MFA not working on mobile device,User replaced their phone and can no longer receive MFA push notifications. Needs MFA token re-enrolled.,"Hewitt Associates, Inc.",Primary Location,Escalate,High,Email,2.0,"Taylor, Mark",IT:Technician II,Triage,SW:Internal,,,"Hewitt Associates, Inc. - Block Hour",IT:Premium SLA,2026-01-10 22:00:00,"Administrator, Autotask",,2026-01-19 11:00:00,2026-01-10 22:00:00,,,False,3,2.0,False,,,0.0,205.0,,6,16,MFA not working on mobile device User replaced their phone and can no longer receive MFA push notifications. Needs MFA token re-enrolled.
T20251229.0002,Keyboard and mouse not responding,User's wireless keyboard and mouse stopped working. New batteries did not fix the issue.,"Hewitt Associates, Inc.",Primary Location,Waiting Vendor,Low,Email,2.0,"Taylor, Mark",IT:Technician II,IT:Level I,IT:Applications,,,"Hewitt Associates, Inc. - Block Hour",IT:Premium SLA,2025-12-29 15:00:00,"Administrator, Autotask",,2026-01-06 09:00:00,2025-12-29 15:00:00,,,False,1,2.0,False,,,0.0,186.0,,5,14,Keyboard and mouse not responding User's wireless keyboard and mouse stopped working. New batteries did not fix the issue.
T20260202.0002,Internet speed slow at branch office,Branch office staff reporting significantly slower internet speeds since last week. ISP says no issues on their end.,"Hewitt Associates, Inc.",Primary Location,Waiting Vendor,Critical,Email,2.0,"Moore, James",IT:Technician II,IT:Level I,IT:Hardware,,,"Hewitt Associates, Inc. - Block Hour",IT:Premium SLA,2026-02-02 11:30:00,"Administrator, Autotask",,2026-02-09 14:30:00,2026-02-02 11:30:00,,,False,4,2.0,False,,,0.0,171.0,,6,18,Internet speed slow at branch office Branch office staff reporting significantly slower internet speeds since last week. ISP says no issues on their end.
T20251222.0001,New user account creation,"HR requests new Active Directory account, email, and standard group memberships for incoming Accounting associate.","Hewitt Associates, Inc.",Primary Location,Waiting Vendor,Low,Email,2.0,"Anderson, Scott",IT:Service Manager,IT:Level II,IT:Change,,,"Hewitt Associates, Inc. - Block Hour",IT:Premium SLA,2025-12-22 14:30:00,"Administrator, Autotask",,2025-12-30 08:30:00,2025-12-22 14:30:00,,,False,1,2.0,False,,,0.0,186.0,,4,15,"New user account creation HR requests new Active Directory account, email, and standard group memberships for incoming Accounting associate."
T20260117.0002,Need access to CRM application,Sales rep needs access provisioned to the Salesforce CRM. Manager has approved the request.,"Hewitt Associates, Inc.",Primary Location,Waiting Vendor,Low,Email,2.0,"Moore, James",IT:Technician II,IT:Level II,Triage,,,"Hewitt Associates, Inc. - Block Hour",IT:Premium SLA,2026-01-17 22:30:00,"Administrator, Autotask",,2026-01-26 11:00:00,2026-01-17 22:30:00,,,False,1,2.0,False,,,0.0,204.5,,5,14,Need access to CRM application Sales rep needs access provisioned to the Salesforce CRM. Manager has approved the request.
T20260215.0002,MFA not working on mobile device,User replaced their phone and can no longer receive MFA push notifications. Needs MFA token re-enrolled.,"Hewitt Associates, Inc.",Primary Location,Waiting Vendor,High,Email,2.0,"Anderson, Scott",IT:Service Manager,IT:Change Requests,SW:Defect,,,"Hewitt Associates, Inc. - Block Hour",IT:Premium SLA,2026-02-15 14:30:00,"Administrator, Autotask",,2026-02-23 11:00:00,2026-02-15 14:30:00,,,False,3,2.0,False,,,0.0,188.5,,6,16,MFA not working on mobile device User replaced their phone and can no longer receive MFA push notifications. Needs MFA token re-enrolled.
T20260218.0003,Email bouncing back to external clients,Several external clients report emails to our sales team are bouncing back with a 550 error.,"Hewitt Associates, Inc.",Primary Location,Waiting Vendor,Medium,Email,2.0,"Moore, James",IT:Technician II,IT:Level II,SW:Internal,,,"Hewitt Associates, Inc. - Block Hour",IT:Premium SLA,2026-02-18 20:00:00,"Administrator, Autotask",,2026-02-26 11:00:00,2026-02-18 20:00:00,,,False,2,2.0,False,,,0.0,183.0,,6,16,Email bouncing back to external clients Several external clients report emails to our sales team are bouncing back with a 550 error.
T20260214.0001,Internet speed slow at branch office,Branch office staff reporting significantly slower internet speeds since last week. ISP says no issues on their end.,"Hewitt Associates, Inc.",Primary Location,Waiting Vendor,Low,Email,2.0,"Miller, Susan",SW:Support II,IT:Level II,IT:Change,,,"Hewitt Associates, Inc. - Block Hour",IT:Premium SLA,2026-02-14 20:00:00,"Administrator, Autotask",,2026-02-23 11:00:00,2026-02-14 20:00:00,,,False,1,2.0,False,,,0.0,207.0,,6,18,Internet speed slow at branch office Branch office staff reporting significantly slower internet speeds since last week. ISP says no issues on their end.
T20260107.0001,Need access to CRM application,Sales rep needs access provisioned to the Salesforce CRM. Manager has approved the request.,"Hewitt Associates, Inc.",Primary Location,Waiting Vendor,Medium,Email,2.0,"Anderson, Scott",IT:Service Manager,IT:Level II,IT:Change,,,"Hewitt Associates, Inc. - Block Hour",IT:Premium SLA,2026-01-07 18:30:00,"Administrator, Autotask",,2026-01-15 11:00:00,2026-01-07 18:30:00,,,False,2,2.0,False,,,0.0,184.5,,5,14,Need access to CRM application Sales rep needs access provisioned to the Salesforce CRM. Manager has approved the request.
T20260212.0005,Zoom meeting room setup,Need to configure the new conference room TV and camera system for Zoom Rooms integration.,"Hewitt Associates, Inc.",Primary Location,Waiting Vendor,Medium,Email,2.0,"Anderson, Scott",IT:Service Manager,IT:Level II,IT:Change,,,"Hewitt Associates, Inc. - Block Hour",IT:Premium SLA,2026-02-12 01:00:00,"Administrator, Autotask",,2026-02-19 11:00:00,2026-02-12 01:00:00,,,False,2,2.0,False,,,0.0,178.0,,4,15,Zoom meeting room setup Need to configure the new conference room TV and camera system for Zoom Rooms integration.
T20251206.0001,QuickBooks not launching after update,QuickBooks Desktop crashes immediately on launch after the latest update was applied overnight.,"Hewitt Associates, Inc.",Primary Location,Waiting Approval,Medium,Email,2.0,"Anderson, Scott",IT:Service Manager,IT:Level I,SW:Defect,,,"Hewitt Associates, Inc. - Block Hour",IT:Premium SLA,2025-12-06 19:00:00,"Administrator, Autotask",,2025-12-15 11:00:00,2025-12-06 19:00:00,,,False,2,2.0,False,,,0.0,208.0,,5,13,QuickBooks not launching after update QuickBooks Desktop crashes immediately on launch after the latest update was applied overnight.
T20260220.0002,File recovery request,User accidentally deleted a folder from the shared drive and needs it restored from backup.,"Hewitt Associates, Inc.",Primary Location,Waiting Approval,High,Email,2.0,"Taylor, Mark",IT:Technician II,IT:Change Requests,SW:Change,,,"Hewitt Associates, Inc. - Block Hour",IT:Premium SLA,2026-02-20 02:00:00,"Administrator, Autotask",,2026-02-27 11:00:00,2026-02-20 02:00:00,,,False,3,2.0,False,,,0.0,177.0,,3,15,File recovery request User accidentally deleted a folder from the shared drive and needs it restored from backup.
T20251207.0002,Server room temperature alert,Environmental monitoring system triggered a high-temperature alert in the server room. HVAC may be malfunctioning.,"Hewitt Associates, Inc.",Primary Location,Waiting Approval,Medium,Email,2.0,"Moore, James",IT:Technician II,IT:Level I,Triage,,,"Hewitt Associates, Inc. - Block Hour",IT:Premium SLA,2025-12-07 20:00:00,"Administrator, Autotask",,2025-12-15 11:00:00,2025-12-07 20:00:00,,,False,2,2.0,False,,,0.0,183.0,,4,15,Server room temperature alert Environmental monitoring system triggered a high-temperature alert in the server room. HVAC may be malfunctioning.
T20260217.0004,Shared drive access denied,User in Accounting cannot access the shared S: drive. Permissions appear correct in AD but access is still denied.,"Hewitt Associates, Inc.",Primary Location,Waiting Approval,Critical,Email,2.0,"Miller, Susan",SW:Support II,IT:Level II,IT:Hardware,,,"Hewitt Associates, Inc. - Block Hour",IT:Premium SLA,2026-02-17 06:30:00,"Administrator, Autotask",,2026-02-24 11:00:00,2026-02-17 06:30:00,,,False,4,2.0,False,,,0.0,172.5,,4,19,Shared drive access denied User in Accounting cannot access the shared S: drive. Permissions appear correct in AD but access is still denied.
T20251213.0003,VPN connection drops intermittently,"Remote employee experiences frequent VPN disconnections throughout the day, disrupting access to internal resources.","Hewitt Associates, Inc.",Primary Location,Waiting Approval,Critical,Email,2.0,"Anderson, Scott",IT:Service Manager,IT:Change Requests,SW:Support,,,"Hewitt Associates, Inc. - Block Hour",IT:Premium SLA,2025-12-13 14:30:00,"Administrator, Autotask",,2025-12-22 11:00:00,2025-12-13 14:30:00,,,False,4,2.0,False,,,0.0,212.5,,4,14,"VPN connection drops intermittently Remote employee experiences frequent VPN disconnections throughout the day, disrupting access to internal resources."
T20251209.0004,Need access to CRM application,Sales rep needs access provisioned to the Salesforce CRM. Manager has approved the request.,"Hewitt Associates, Inc.",Primary Location,Waiting Approval,Critical,Email,2.0,"Miller, Susan",SW:Support II,IT:Level I,Triage,,,"Hewitt Associates, Inc. - Block Hour",IT:Premium SLA,2025-12-09 14:30:00,"Administrator, Autotask",,2025-12-17 08:30:00,2025-12-09 14:30:00,,,False,4,2.0,False,,,0.0,186.0,,5,14,Need access to CRM application Sales rep needs access provisioned to the Salesforce CRM. Manager has approved the request.
T20260116.0005,OneDrive sync errors,User getting persistent sync conflict errors in OneDrive. Several files showing duplicate versions.,"Hewitt Associates, Inc.",Primary Location,Waiting Approval,High,Email,2.0,"Taylor, Mark",IT:Technician II,IT:Change Requests,SW:Support,,,"Hewitt Associates, Inc. - Block Hour",IT:Premium SLA,2026-01-16 18:30:00,"Administrator, Autotask",,2026-01-26 11:00:00,2026-01-16 18:30:00,,,False,3,2.0,False,,,0.0,232.5,,3,13,OneDrive sync errors User getting persistent sync conflict errors in OneDrive. Several files showing duplicate versions.
T20120602.0001,Ensure that image is being backed up,Check the server to make sure the image is being backed up to the external drive,"Hewitt Associates, Inc.",,Waiting Dispatch,Medium,In Person/Onsite,3.0,"Moore, James",IT:Technician II,IT:Level I,IT:Applications,,IT:Remote (Billable),"Hewitt Associates, Inc. - Block Hour",,2012-06-15 20:00:00,"Administrator, Autotask",,2012-06-25 11:00:00,2012-06-16 20:00:00,,,True,2,3.0,False,,,1440.0,231.0,,7,16,Ensure that image is being backed up Check the server to make sure the image is being backed up to the external drive
T20251226.0002,Suspicious phishing email reported,Employee forwarded a suspicious email claiming to be from IT asking for credentials. Needs investigation.,"Hewitt Associates, Inc.",Primary Location,Waiting Dispatch,Low,Email,2.0,"Anderson, Scott",IT:Service Manager,IT:Level II,SW:Defect,,,"Hewitt Associates, Inc. - Block Hour",IT:Premium SLA,2025-12-26 15:00:00,"Administrator, Autotask",,2026-01-05 09:00:00,2025-12-26 15:00:00,,,False,1,2.0,False,,,0.0,234.0,,4,15,Suspicious phishing email reported Employee forwarded a suspicious email claiming to be from IT asking for credentials. Needs investigation.
T20260108.0001,Need access to CRM application,Sales rep needs access provisioned to the Salesforce CRM. Manager has approved the request.,"Hewitt Associates, Inc.",Primary Location,Waiting Dispatch,High,Email,2.0,"Taylor, Mark",IT:Technician II,Triage,SW:Internal,,,"Hewitt Associates, Inc. - Block Hour",IT:Premium SLA,2026-01-08 07:30:00,"Administrator, Autotask",,2026-01-15 11:00:00,2026-01-08 07:30:00,,,False,3,2.0,False,,,0.0,171.5,,5,14,Need access to CRM application Sales rep needs access provisioned to the Salesforce CRM. Manager has approved the request.
T20260116.0003,Outlook not syncing emails,User reports Outlook on their workstation is not syncing new emails. Restarting the application did not resolve the issue.,"Hewitt Associates, Inc.",Primary Location,Waiting Dispatch,High,Email,2.0,"Taylor, Mark",IT:Technician II,IT:Level II,IT:Hardware,,,"Hewitt Associates, Inc. - Block Hour",IT:Premium SLA,2026-01-16 03:30:00,"Administrator, Autotask",,2026-01-23 11:00:00,2026-01-16 03:30:00,,,False,3,2.0,False,,,0.0,175.5,,4,19,Outlook not syncing emails User reports Outlook on their workstation is not syncing new emails. Restarting the application did not resolve the issue.
T20260218.0002,Network printer offline,The Ricoh copier/printer in the main office shows offline status for all users. Physical device appears powered on.,"Hewitt Associates, Inc.",Primary Location,Waiting Dispatch,Low,Email,2.0,"Moore, James",IT:Technician II,IT:Level II,SW:Change,,,"Hewitt Associates, Inc. - Block Hour",IT:Premium SLA,2026-02-18 00:30:00,"Administrator, Autotask",,2026-02-25 11:00:00,2026-02-18 00:30:00,,,False,1,2.0,False,,,0.0,178.5,,3,18,Network printer offline The Ricoh copier/printer in the main office shows offline status for all users. Physical device appears powered on.
T20260120.0002,VPN connection drops intermittently,"Remote employee experiences frequent VPN disconnections throughout the day, disrupting access to internal resources.","Hewitt Associates, Inc.",Primary Location,Waiting Dispatch,Critical,Email,2.0,"Anderson, Scott",IT:Service Manager,IT:Level I,SW:Internal,,,"Hewitt Associates, Inc. - Block Hour",IT:Premium SLA,2026-01-20 16:30:00,"Administrator, Autotask",,2026-01-28 10:30:00,2026-01-20 16:30:00,,,False,4,2.0,False,,,0.0,186.0,,4,14,"VPN connection drops intermittently Remote employee experiences frequent VPN disconnections throughout the day, disrupting access to internal resources."
T20260227.0004,Network printer offline,The Ricoh copier/printer in the main office shows offline status for all users. Physical device appears powered on.,"Hewitt Associates, Inc.",Primary Location,Waiting Dispatch,High,Email,2.0,"Taylor, Mark",IT:Technician II,IT:Change Requests,IT:Change,,,"Hewitt Associates, Inc. - Block Hour",IT:Premium SLA,2026-02-27 00:30:00,"Administrator, Autotask",,2026-03-06 11:00:00,2026-02-27 00:30:00,,,False,3,2.0,False,,,0.0,178.5,,3,18,Network printer offline The Ricoh copier/printer in the main office shows offline status for all users. Physical device appears powered on.
T20260124.0001,Monitor flickering on docking station,User's external monitor flickers when connected via USB-C docking station. Works fine with direct HDMI connection.,"Hewitt Associates, Inc.",Primary Location,Waiting Dispatch,Critical,Email,2.0,"Anderson, Scott",IT:Service Manager,Triage,Triage,,,"Hewitt Associates, Inc. - Block Hour",IT:Premium SLA,2026-01-24 10:00:00,"Administrator, Autotask",,2026-02-02 11:00:00,2026-01-24 10:00:00,,,False,4,2.0,False,,,0.0,217.0,,5,16,Monitor flickering on docking station User's external monitor flickers when connected via USB-C docking station. Works fine with direct HDMI connection.
T20260122.0003,Suspicious phishing email reported,Employee forwarded a suspicious email claiming to be from IT asking for credentials. Needs investigation.,"Hewitt Associates, Inc.",Primary Location,Waiting Dispatch,High,Email,2.0,"Taylor, Mark",IT:Technician II,IT:Level I,IT:Hardware,,,"Hewitt Associates, Inc. - Block Hour",IT:Premium SLA,2026-01-22 10:00:00,"Administrator, Autotask",,2026-01-29 13:00:00,2026-01-22 10:00:00,,,False,3,2.0,False,,,0.0,171.0,,4,15,Suspicious phishing email reported Employee forwarded a suspicious email claiming to be from IT asking for credentials. Needs investigation.
T20260221.0002,Printer jamming on 2nd floor,The shared HP LaserJet on the 2nd floor is consistently jamming when printing duplex jobs. Paper tray has been checked.,"Hewitt Associates, Inc.",Primary Location,Waiting Dispatch,Critical,Email,2.0,"Moore, James",IT:Technician II,IT:Level II,SW:Internal,,,"Hewitt Associates, Inc. - Block Hour",IT:Premium SLA,2026-02-21 19:30:00,"Administrator, Autotask",,2026-03-02 11:00:00,2026-02-21 19:30:00,,,False,4,2.0,False,,,0.0,207.5,,5,20,Printer jamming on 2nd floor The shared HP LaserJet on the 2nd floor is consistently jamming when printing duplex jobs. Paper tray has been checked.
T20260127.0002,Software license expired for Adobe Acrobat,Adobe Acrobat Pro license has expired for the Marketing department. Three users unable to edit PDFs.,"Hewitt Associates, Inc.",Primary Location,Waiting Dispatch,Critical,Email,2.0,"Moore, James",IT:Technician II,IT:Level II,SW:Defect,,,"Hewitt Associates, Inc. - Block Hour",IT:Premium SLA,2026-01-27 01:00:00,"Administrator, Autotask",,2026-02-03 11:00:00,2026-01-27 01:00:00,,,False,4,2.0,False,,,0.0,178.0,,6,16,Software license expired for Adobe Acrobat Adobe Acrobat Pro license has expired for the Marketing department. Three users unable to edit PDFs.
T20260116.0004,Password reset request,Employee locked out of their account after multiple failed login attempts. Requesting password reset and account unlock.,"Hewitt Associates, Inc.",Primary Location,Waiting Dispatch,Medium,Email,2.0,"Moore, James",IT:Technician II,Triage,Triage,,,"Hewitt Associates, Inc. - Block Hour",IT:Premium SLA,2026-01-16 02:00:00,"Administrator, Autotask",,2026-01-23 11:00:00,2026-01-16 02:00:00,,,False,2,2.0,False,,,0.0,177.0,,3,17,Password reset request Employee locked out of their account after multiple failed login attempts. Requesting password reset and account unlock.
T20260212.0004,MFA not working on mobile device,User replaced their phone and can no longer receive MFA push notifications. Needs MFA token re-enrolled.,"Hewitt Associates, Inc.",Primary Location,Waiting Dispatch,Critical,Email,2.0,"Miller, Susan",SW:Support II,Triage,SW:Support,,,"Hewitt Associates, Inc. - Block Hour",IT:Premium SLA,2026-02-12 06:00:00,"Administrator, Autotask",,2026-02-19 11:00:00,2026-02-12 06:00:00,,,False,4,2.0,False,,,0.0,173.0,,6,16,MFA not working on mobile device User replaced their phone and can no longer receive MFA push notifications. Needs MFA token re-enrolled.
T20260223.0004,Network printer offline,The Ricoh copier/printer in the main office shows offline status for all users. Physical device appears powered on.,"Hewitt Associates, Inc.",Primary Location,Waiting Dispatch,Low,Email,2.0,"Taylor, Mark",IT:Technician II,IT:Level II,Triage,,,"Hewitt Associates, Inc. - Block Hour",IT:Premium SLA,2026-02-23 14:00:00,"Administrator, Autotask",,2026-03-02 17:00:00,2026-02-23 14:00:00,,,False,1,2.0,False,,,0.0,171.0,,3,18,Network printer offline The Ricoh copier/printer in the main office shows offline status for all users. Physical device appears powered on.
T20120603.0002,Weekly backup is still not working.,Can you come take a look at our backup? Once again The weekly backups are not working.,Integrated Providers,,Escalate,High,Email,2.0,"Moore, James",IT:Technician II,IT:Level II,IT:Applications,Other,IT:Onsite (Billable),Integrated Providers-Time and Materials,,2012-06-16 20:00:00,"Administrator, Autotask",,2012-06-18 20:00:00,2012-06-17 20:00:00,,,True,3,2.0,False,,,1440.0,48.0,,6,17,Weekly backup is still not working. Can you come take a look at our backup? Once again The weekly backups are not working.
T20120601.0002,Front Desk machine needs rebuilding.,Blue Screen of Death.,Integrated Providers,,Waiting Vendor,Critical,Client Portal,5.0,"Moore, James",IT:Technician II,IT:Level I,IT:Hardware,Desktop-Laptop,IT:Emergency (Billable),Integrated Providers-Time and Materials,,2012-06-14 20:00:00,"Administrator, Autotask",,2012-06-20 20:00:00,2012-06-15 20:00:00,,,True,4,5.0,False,,,1440.0,144.0,,5,4,Front Desk machine needs rebuilding. Blue Screen of Death.
T20260304.0002,teams display gone,display not visible,Microsoft,Primary Location,New,High,Client Portal,3.0,"Moore, James",IT:Technician II,IT:Change Requests,SW:Internal,Design,IT:Emergency (Billable),,IT:Premium SLA,2026-03-04 23:28:00,"Siddabhaktuni, Sameer",,2026-03-12 11:00:00,2026-03-04 23:28:00,,,False,3,3.0,False,,,0.0,179.53,,3,3,teams display gone display not visible
T20120604.0006,SQL Job cleanup log files,SQL Job cleanup log files,PartnerDemo2025.10.23(Entegria Systems),,New,Medium,Internal,1.0,"Smith, Matthew",SW:Developer II,SW:Internal,SW:Internal,Technology,SW:Internal,,,2012-06-17 20:00:00,"Administrator, Autotask",,2012-06-21 20:00:00,2012-06-18 20:00:00,,,True,2,1.0,False,,,1440.0,96.0,,5,5,SQL Job cleanup log files SQL Job cleanup log files
T20120604.0005,Server crashed after new software build,After new build was applied server was unable to boot,PartnerDemo2025.10.23(Entegria Systems),,Waiting Customer,Medium,Monitoring Alert,2.0,"Williams, Steve",SW:QA II,SW:Internal,SW:Internal,Technology,SW:Internal,,,2012-06-17 20:00:00,"Administrator, Autotask",,2012-06-19 20:00:00,2012-06-18 20:00:00,,,True,2,2.0,False,,,1440.0,48.0,,6,10,Server crashed after new software build After new build was applied server was unable to boot
T20120603.0001,Web server crashing after build 24325,Web server crashing after build 24325,PartnerDemo2025.10.23(Entegria Systems),,Escalate,Critical,Monitoring Alert,2.0,"Johnson, Allison",SW:Developer I,SW:Internal,SW:Internal,Technology,SW:Internal,,,2012-06-16 20:00:00,"Administrator, Autotask",,2012-06-18 20:00:00,2012-06-17 20:00:00,,,True,4,2.0,False,,,1440.0,48.0,,6,6,Web server crashing after build 24325 Web server crashing after build 24325
T20120601.0001,Security access change - Firewall,Security access change - Firewall,PartnerDemo2025.10.23(Entegria Systems),,Waiting Approval,High,Internal,2.0,"Brown, Michael",Exec. Management,SW:Internal,SW:Change,Security,SW:Internal,,,2012-06-14 20:00:00,"Administrator, Autotask",,2012-06-19 20:00:00,2012-06-15 20:00:00,,,True,3,2.0,False,,,1440.0,120.0,,5,5,Security access change - Firewall Security access change - Firewall
