open_ticket_id,open_ticket_title,open_ticket_priority,open_ticket_sla_class,open_ticket_issue_type,match_rank,matched_ticket_id,matched_ticket_title,matched_issue_type,matched_completed_by,matched_resolution_hours,matched_priority,similarity_score
T20120604.0001,Alert: ABLE Manufacturing HQ Server Connectivity Failed,Critical,High,IT:Hardware,1,T20260113.0006,Server room temperature alert,IT:Applications,"Miller, Susan",184.5,Critical,0.2261
T20120604.0001,Alert: ABLE Manufacturing HQ Server Connectivity Failed,Critical,High,IT:Hardware,2,T20260226.0012,Server room temperature alert,IT:Change,"Taylor, Mark",103.5,Critical,0.2261
T20120604.0001,Alert: ABLE Manufacturing HQ Server Connectivity Failed,Critical,High,IT:Hardware,3,T20260302.0008,Server room temperature alert,IT:Hardware,"Anderson, Scott",166.5,Critical,0.2261
T20120604.0001,Alert: ABLE Manufacturing HQ Server Connectivity Failed,Critical,High,IT:Hardware,4,T20251224.0005,Server room temperature alert,IT:Applications,"Anderson, Scott",75.0,Critical,0.2261
T20120604.0001,Alert: ABLE Manufacturing HQ Server Connectivity Failed,Critical,High,IT:Hardware,5,T20260209.0010,Server room temperature alert,SW:Support,"Moore, James",169.0,Critical,0.2261
T20120604.0009,Request for Help,Medium,Service Request,Triage,1,T20260127.0013,File recovery request,IT:Change,"Anderson, Scott",188.5,Medium,0.1462
T20120604.0009,Request for Help,Medium,Service Request,Triage,2,T20251228.0007,File recovery request,IT:Applications,"Taylor, Mark",113.0,Medium,0.1462
T20120604.0009,Request for Help,Medium,Service Request,Triage,3,T20260127.0003,File recovery request,Triage,"Taylor, Mark",178.5,Medium,0.1462
T20120604.0009,Request for Help,Medium,Service Request,Triage,4,T20260107.0002,File recovery request,SW:Internal,"Miller, Susan",124.5,Medium,0.1462
T20120604.0009,Request for Help,Medium,Service Request,Triage,5,T20251219.0008,File recovery request,SW:Defect,"Anderson, Scott",116.0,Medium,0.1462
T20260226.0001,Request for Tony,Medium,Service Request,Triage,1,T20260127.0013,File recovery request,IT:Change,"Anderson, Scott",188.5,Medium,0.1462
T20260226.0001,Request for Tony,Medium,Service Request,Triage,2,T20251228.0007,File recovery request,IT:Applications,"Taylor, Mark",113.0,Medium,0.1462
T20260226.0001,Request for Tony,Medium,Service Request,Triage,3,T20260127.0003,File recovery request,Triage,"Taylor, Mark",178.5,Medium,0.1462
T20260226.0001,Request for Tony,Medium,Service Request,Triage,4,T20260107.0002,File recovery request,SW:Internal,"Miller, Susan",124.5,Medium,0.1462
T20260226.0001,Request for Tony,Medium,Service Request,Triage,5,T20251219.0008,File recovery request,SW:Defect,"Anderson, Scott",116.0,Medium,0.1462
T20260226.0002,Request for Tony2,Medium,Service Request,Triage,1,T20260127.0013,File recovery request,IT:Change,"Anderson, Scott",188.5,Medium,0.1462
T20260226.0002,Request for Tony2,Medium,Service Request,Triage,2,T20251228.0007,File recovery request,IT:Applications,"Taylor, Mark",113.0,Medium,0.1462
T20260226.0002,Request for Tony2,Medium,Service Request,Triage,3,T20260127.0003,File recovery request,Triage,"Taylor, Mark",178.5,Medium,0.1462
T20260226.0002,Request for Tony2,Medium,Service Request,Triage,4,T20260107.0002,File recovery request,SW:Internal,"Miller, Susan",124.5,Medium,0.1462
T20260226.0002,Request for Tony2,Medium,Service Request,Triage,5,T20251219.0008,File recovery request,SW:Defect,"Anderson, Scott",116.0,Medium,0.1462
T20251221.0001,Slow computer performance,Low,Low,SW:Defect,1,T20251221.0005,Slow computer performance,Triage,"Miller, Susan",219.0,Medium,1.0
T20251221.0001,Slow computer performance,Low,Low,SW:Defect,2,T20251216.0008,Slow computer performance,SW:Change,"Miller, Susan",158.5,Medium,1.0
T20251221.0001,Slow computer performance,Low,Low,SW:Defect,3,T20260114.0006,Slow computer performance,IT:Hardware,"Moore, James",173.0,Medium,1.0
T20251221.0001,Slow computer performance,Low,Low,SW:Defect,4,T20260224.0004,Slow computer performance,SW:Change,"Miller, Susan",127.0,Medium,1.0
T20251221.0001,Slow computer performance,Low,Low,SW:Defect,5,T20260117.0008,Slow computer performance,SW:Support,"Miller, Susan",186.0,Medium,1.0
T20260226.0003,Request for Tony2,Medium,Service Request,Triage,1,T20260127.0013,File recovery request,IT:Change,"Anderson, Scott",188.5,Medium,0.1462
T20260226.0003,Request for Tony2,Medium,Service Request,Triage,2,T20251228.0007,File recovery request,IT:Applications,"Taylor, Mark",113.0,Medium,0.1462
T20260226.0003,Request for Tony2,Medium,Service Request,Triage,3,T20260127.0003,File recovery request,Triage,"Taylor, Mark",178.5,Medium,0.1462
T20260226.0003,Request for Tony2,Medium,Service Request,Triage,4,T20260107.0002,File recovery request,SW:Internal,"Miller, Susan",124.5,Medium,0.1462
T20260226.0003,Request for Tony2,Medium,Service Request,Triage,5,T20251219.0008,File recovery request,SW:Defect,"Anderson, Scott",116.0,Medium,0.1462
T20260106.0001,MFA not working on mobile device,High,High,IT:Hardware,1,T20251211.0011,MFA not working on mobile device,SW:Change,"Miller, Susan",15.5,High,1.0
T20260106.0001,MFA not working on mobile device,High,High,IT:Hardware,2,T20260121.0005,MFA not working on mobile device,IT:Change,"Taylor, Mark",18.5,High,1.0
T20260106.0001,MFA not working on mobile device,High,High,IT:Hardware,3,T20260111.0004,MFA not working on mobile device,Triage,"Anderson, Scott",87.5,High,1.0
T20260106.0001,MFA not working on mobile device,High,High,IT:Hardware,4,T20260202.0005,MFA not working on mobile device,SW:Support,"Taylor, Mark",89.0,High,1.0
T20260106.0001,MFA not working on mobile device,High,High,IT:Hardware,5,T20260221.0009,MFA not working on mobile device,IT:Hardware,"Taylor, Mark",214.0,High,1.0
T20251219.0001,Password reset request,High,Service Request,SW:Change,1,T20251210.0013,Password reset request,IT:Hardware,"Taylor, Mark",190.5,Low,1.0
T20251219.0001,Password reset request,High,Service Request,SW:Change,2,T20260218.0008,Password reset request,SW:Change,"Moore, James",128.0,Low,1.0
T20251219.0001,Password reset request,High,Service Request,SW:Change,3,T20260226.0006,Password reset request,IT:Applications,"Miller, Susan",89.0,Low,1.0
T20251219.0001,Password reset request,High,Service Request,SW:Change,4,T20260215.0014,Password reset request,SW:Defect,"Miller, Susan",11.0,Low,1.0
T20251219.0001,Password reset request,High,Service Request,SW:Change,5,T20260223.0005,Password reset request,Triage,"Miller, Susan",29.0,Low,1.0
T20260208.0002,File recovery request,Critical,Service Request,Triage,1,T20260221.0011,File recovery request,IT:Applications,"Miller, Susan",126.0,Medium,1.0
T20260208.0002,File recovery request,Critical,Service Request,Triage,2,T20251228.0007,File recovery request,IT:Applications,"Taylor, Mark",113.0,Medium,1.0
T20260208.0002,File recovery request,Critical,Service Request,Triage,3,T20251215.0004,File recovery request,IT:Change,"Moore, James",68.0,Medium,1.0
T20260208.0002,File recovery request,Critical,Service Request,Triage,4,T20260203.0009,File recovery request,SW:Defect,"Anderson, Scott",141.5,Medium,1.0
T20260208.0002,File recovery request,Critical,Service Request,Triage,5,T20260107.0002,File recovery request,SW:Internal,"Miller, Susan",124.5,Medium,1.0
T20251229.0001,Software license expired for Adobe Acrobat,Medium,Service Request,IT:Change,1,T20260204.0006,Software license expired for Adobe Acrobat,IT:Applications,"Moore, James",1.0,Low,1.0
T20251229.0001,Software license expired for Adobe Acrobat,Medium,Service Request,IT:Change,2,T20260102.0002,Software license expired for Adobe Acrobat,SW:Defect,"Taylor, Mark",127.0,Low,1.0
T20251229.0001,Software license expired for Adobe Acrobat,Medium,Service Request,IT:Change,3,T20260129.0006,Software license expired for Adobe Acrobat,SW:Internal,"Miller, Susan",169.0,Low,1.0
T20251229.0001,Software license expired for Adobe Acrobat,Medium,Service Request,IT:Change,4,T20260114.0011,Software license expired for Adobe Acrobat,IT:Hardware,"Moore, James",111.0,Low,1.0
T20251229.0001,Software license expired for Adobe Acrobat,Medium,Service Request,IT:Change,5,T20251231.0010,Software license expired for Adobe Acrobat,Triage,"Moore, James",168.5,Low,1.0
T20260217.0002,MFA not working on mobile device,High,Service Request,SW:Change,1,T20251211.0011,MFA not working on mobile device,SW:Change,"Miller, Susan",15.5,High,1.0
T20260217.0002,MFA not working on mobile device,High,Service Request,SW:Change,2,T20260121.0005,MFA not working on mobile device,IT:Change,"Taylor, Mark",18.5,High,1.0
T20260217.0002,MFA not working on mobile device,High,Service Request,SW:Change,3,T20260111.0004,MFA not working on mobile device,Triage,"Anderson, Scott",87.5,High,1.0
T20260217.0002,MFA not working on mobile device,High,Service Request,SW:Change,4,T20260202.0005,MFA not working on mobile device,SW:Support,"Taylor, Mark",89.0,High,1.0
T20260217.0002,MFA not working on mobile device,High,Service Request,SW:Change,5,T20260221.0009,MFA not working on mobile device,IT:Hardware,"Taylor, Mark",214.0,High,1.0
T20251204.0001,Shared drive access denied,Low,Service Request,IT:Change,1,T20251207.0010,Shared drive access denied,SW:Change,"Moore, James",176.5,Medium,1.0
T20251204.0001,Shared drive access denied,Low,Service Request,IT:Change,2,T20260302.0006,Shared drive access denied,SW:Internal,"Moore, James",51.0,Medium,1.0
T20251204.0001,Shared drive access denied,Low,Service Request,IT:Change,3,T20251219.0006,Shared drive access denied,SW:Defect,"Anderson, Scott",144.0,Medium,1.0
T20251204.0001,Shared drive access denied,Low,Service Request,IT:Change,4,T20260209.0013,Shared drive access denied,SW:Internal,"Taylor, Mark",55.5,Medium,1.0
T20251204.0001,Shared drive access denied,Low,Service Request,IT:Change,5,T20260117.0006,Shared drive access denied,SW:Internal,"Anderson, Scott",156.0,Medium,1.0
T20260213.0002,VPN connection drops intermittently,Low,Low,SW:Defect,1,T20260223.0002,VPN connection drops intermittently,SW:Change,"Moore, James",157.87,Medium,1.0
T20260213.0002,VPN connection drops intermittently,Low,Low,SW:Defect,2,T20260204.0007,VPN connection drops intermittently,IT:Change,"Miller, Susan",164.0,High,1.0
T20260213.0002,VPN connection drops intermittently,Low,Low,SW:Defect,3,T20260219.0002,VPN connection drops intermittently,SW:Support,"Moore, James",147.0,High,1.0
T20260213.0002,VPN connection drops intermittently,Low,Low,SW:Defect,4,T20260221.0006,VPN connection drops intermittently,Triage,"Anderson, Scott",145.0,High,1.0
T20260213.0002,VPN connection drops intermittently,Low,Low,SW:Defect,5,T20251212.0006,VPN connection drops intermittently,SW:Support,"Anderson, Scott",39.0,High,1.0
T20251210.0001,Desk phone not receiving calls,Critical,Service Request,IT:Change,1,T20251231.0005,Desk phone not receiving calls,Triage,"Moore, James",207.5,Medium,1.0
T20251210.0001,Desk phone not receiving calls,Critical,Service Request,IT:Change,2,T20260220.0009,Desk phone not receiving calls,SW:Internal,"Anderson, Scott",84.0,Medium,1.0
T20251210.0001,Desk phone not receiving calls,Critical,Service Request,IT:Change,3,T20251221.0006,Desk phone not receiving calls,Triage,"Moore, James",150.0,Medium,1.0
T20251210.0001,Desk phone not receiving calls,Critical,Service Request,IT:Change,4,T20260127.0006,Desk phone not receiving calls,IT:Applications,"Moore, James",113.0,Medium,1.0
T20251210.0001,Desk phone not receiving calls,Critical,Service Request,IT:Change,5,T20260205.0005,Desk phone not receiving calls,IT:Change,"Taylor, Mark",56.0,Medium,1.0
T20260116.0002,Network printer offline,Low,Low,IT:Hardware,1,T20260115.0006,Network printer offline,SW:Internal,"Taylor, Mark",158.0,High,1.0
T20260116.0002,Network printer offline,Low,Low,IT:Hardware,2,T20260302.0003,Network printer offline,SW:Change,"Miller, Susan",235.0,High,1.0
T20260116.0002,Network printer offline,Low,Low,IT:Hardware,3,T20260127.0004,Network printer offline,IT:Applications,"Anderson, Scott",96.0,High,1.0
T20260116.0002,Network printer offline,Low,Low,IT:Hardware,4,T20260101.0007,Network printer offline,SW:Support,"Anderson, Scott",122.5,High,1.0
T20260116.0002,Network printer offline,Low,Low,IT:Hardware,5,T20251213.0005,Network printer offline,IT:Change,"Miller, Susan",48.5,High,1.0
T20260223.0003,VPN connection drops intermittently,Medium,Service Request,SW:Change,1,T20260223.0002,VPN connection drops intermittently,SW:Change,"Moore, James",157.87,Medium,1.0
T20260223.0003,VPN connection drops intermittently,Medium,Service Request,SW:Change,2,T20260204.0007,VPN connection drops intermittently,IT:Change,"Miller, Susan",164.0,High,1.0
T20260223.0003,VPN connection drops intermittently,Medium,Service Request,SW:Change,3,T20260219.0002,VPN connection drops intermittently,SW:Support,"Moore, James",147.0,High,1.0
T20260223.0003,VPN connection drops intermittently,Medium,Service Request,SW:Change,4,T20260221.0006,VPN connection drops intermittently,Triage,"Anderson, Scott",145.0,High,1.0
T20260223.0003,VPN connection drops intermittently,Medium,Service Request,SW:Change,5,T20251212.0006,VPN connection drops intermittently,SW:Support,"Anderson, Scott",39.0,High,1.0
T20260105.0002,Zoom meeting room setup,Low,Service Request,IT:Applications,1,T20251209.0009,Zoom meeting room setup,SW:Support,"Taylor, Mark",33.5,Low,1.0
T20260105.0002,Zoom meeting room setup,Low,Service Request,IT:Applications,2,T20260119.0014,Zoom meeting room setup,IT:Change,"Taylor, Mark",57.0,Low,1.0
T20260105.0002,Zoom meeting room setup,Low,Service Request,IT:Applications,3,T20260124.0006,Zoom meeting room setup,IT:Change,"Anderson, Scott",92.5,Low,1.0
T20260105.0002,Zoom meeting room setup,Low,Service Request,IT:Applications,4,T20260110.0012,Zoom meeting room setup,SW:Internal,"Moore, James",81.0,Low,1.0
T20260105.0002,Zoom meeting room setup,Low,Service Request,IT:Applications,5,T20260105.0003,Zoom meeting room setup,Triage,"Anderson, Scott",137.0,Low,1.0
T20260208.0005,Windows update causing BSOD,Medium,Maintenance,SW:Defect,1,T20260301.0006,Windows update causing BSOD,IT:Change,"Taylor, Mark",209.5,Critical,1.0
T20260208.0005,Windows update causing BSOD,Medium,Maintenance,SW:Defect,2,T20251228.0006,Windows update causing BSOD,IT:Hardware,"Miller, Susan",42.5,Critical,1.0
T20260208.0005,Windows update causing BSOD,Medium,Maintenance,SW:Defect,3,T20251222.0005,Windows update causing BSOD,IT:Hardware,"Moore, James",2.0,Critical,1.0
T20260208.0005,Windows update causing BSOD,Medium,Maintenance,SW:Defect,4,T20260212.0016,Windows update causing BSOD,SW:Defect,"Moore, James",170.5,Critical,1.0
T20260208.0005,Windows update causing BSOD,Medium,Maintenance,SW:Defect,5,T20251230.0011,Windows update causing BSOD,Triage,"Taylor, Mark",30.0,Critical,1.0
T20251226.0001,Network printer offline,Critical,Service Request,IT:Change,1,T20260115.0006,Network printer offline,SW:Internal,"Taylor, Mark",158.0,High,1.0
T20251226.0001,Network printer offline,Critical,Service Request,IT:Change,2,T20260302.0003,Network printer offline,SW:Change,"Miller, Susan",235.0,High,1.0
T20251226.0001,Network printer offline,Critical,Service Request,IT:Change,3,T20260127.0004,Network printer offline,IT:Applications,"Anderson, Scott",96.0,High,1.0
T20251226.0001,Network printer offline,Critical,Service Request,IT:Change,4,T20260101.0007,Network printer offline,SW:Support,"Anderson, Scott",122.5,High,1.0
T20251226.0001,Network printer offline,Critical,Service Request,IT:Change,5,T20251213.0005,Network printer offline,IT:Change,"Miller, Susan",48.5,High,1.0
T20260125.0001,VPN connection drops intermittently,Critical,Service Request,IT:Change,1,T20260223.0002,VPN connection drops intermittently,SW:Change,"Moore, James",157.87,Medium,1.0
T20260125.0001,VPN connection drops intermittently,Critical,Service Request,IT:Change,2,T20260204.0007,VPN connection drops intermittently,IT:Change,"Miller, Susan",164.0,High,1.0
T20260125.0001,VPN connection drops intermittently,Critical,Service Request,IT:Change,3,T20260219.0002,VPN connection drops intermittently,SW:Support,"Moore, James",147.0,High,1.0
T20260125.0001,VPN connection drops intermittently,Critical,Service Request,IT:Change,4,T20260221.0006,VPN connection drops intermittently,Triage,"Anderson, Scott",145.0,High,1.0
T20260125.0001,VPN connection drops intermittently,Critical,Service Request,IT:Change,5,T20251212.0006,VPN connection drops intermittently,SW:Support,"Anderson, Scott",39.0,High,1.0
T20251213.0002,Backup job failed overnight,High,Service Request,SW:Change,1,T20260203.0005,Backup job failed overnight,SW:Defect,"Anderson, Scott",16.0,Critical,1.0
T20251213.0002,Backup job failed overnight,High,Service Request,SW:Change,2,T20260101.0016,Backup job failed overnight,IT:Hardware,"Moore, James",211.0,Critical,1.0
T20251213.0002,Backup job failed overnight,High,Service Request,SW:Change,3,T20251212.0005,Backup job failed overnight,SW:Internal,"Miller, Susan",102.0,Critical,1.0
T20251213.0002,Backup job failed overnight,High,Service Request,SW:Change,4,T20260129.0009,Backup job failed overnight,SW:Internal,"Anderson, Scott",51.5,Critical,1.0
T20251213.0002,Backup job failed overnight,High,Service Request,SW:Change,5,T20251202.0004,Backup job failed overnight,SW:Change,"Taylor, Mark",188.0,Critical,1.0
T20251224.0001,Backup job failed overnight,Medium,Service Request,SW:Change,1,T20260203.0005,Backup job failed overnight,SW:Defect,"Anderson, Scott",16.0,Critical,1.0
T20251224.0001,Backup job failed overnight,Medium,Service Request,SW:Change,2,T20260101.0016,Backup job failed overnight,IT:Hardware,"Moore, James",211.0,Critical,1.0
T20251224.0001,Backup job failed overnight,Medium,Service Request,SW:Change,3,T20251212.0005,Backup job failed overnight,SW:Internal,"Miller, Susan",102.0,Critical,1.0
T20251224.0001,Backup job failed overnight,Medium,Service Request,SW:Change,4,T20260129.0009,Backup job failed overnight,SW:Internal,"Anderson, Scott",51.5,Critical,1.0
T20251224.0001,Backup job failed overnight,Medium,Service Request,SW:Change,5,T20251202.0004,Backup job failed overnight,SW:Change,"Taylor, Mark",188.0,Critical,1.0
T20260218.0001,New user account creation,Low,Service Request,SW:Change,1,T20251207.0003,New user account creation,SW:Defect,"Moore, James",40.5,Low,1.0
T20260218.0001,New user account creation,Low,Service Request,SW:Change,2,T20251209.0008,New user account creation,SW:Internal,"Miller, Susan",64.0,Low,1.0
T20260218.0001,New user account creation,Low,Service Request,SW:Change,3,T20260120.0007,New user account creation,IT:Change,"Taylor, Mark",88.5,Low,1.0
T20260218.0001,New user account creation,Low,Service Request,SW:Change,4,T20251204.0011,New user account creation,IT:Change,"Moore, James",47.0,Low,1.0
T20260218.0001,New user account creation,Low,Service Request,SW:Change,5,T20260131.0007,New user account creation,Triage,"Moore, James",174.5,Low,1.0
T20251219.0002,New employee laptop setup,Medium,Service Request,Triage,1,T20260218.0006,New employee laptop setup,IT:Change,"Taylor, Mark",119.0,Low,1.0
T20251219.0002,New employee laptop setup,Medium,Service Request,Triage,2,T20260222.0006,New employee laptop setup,Triage,"Anderson, Scott",11.5,Low,1.0
T20251219.0002,New employee laptop setup,Medium,Service Request,Triage,3,T20251223.0007,New employee laptop setup,SW:Defect,"Moore, James",168.5,Low,1.0
T20251219.0002,New employee laptop setup,Medium,Service Request,Triage,4,T20251210.0006,New employee laptop setup,SW:Defect,"Anderson, Scott",5.0,Low,1.0
T20251219.0002,New employee laptop setup,Medium,Service Request,Triage,5,T20251225.0005,New employee laptop setup,SW:Internal,"Moore, James",87.0,Low,1.0
T20260113.0001,Teams calls have audio echo,Medium,Service Request,SW:Change,1,T20251204.0021,Teams calls have audio echo,SW:Support,"Taylor, Mark",58.0,Medium,1.0
T20260113.0001,Teams calls have audio echo,Medium,Service Request,SW:Change,2,T20251205.0015,Teams calls have audio echo,IT:Hardware,"Moore, James",11.5,Medium,1.0
T20260113.0001,Teams calls have audio echo,Medium,Service Request,SW:Change,3,T20260211.0005,Teams calls have audio echo,SW:Support,"Moore, James",186.0,Medium,1.0
T20260113.0001,Teams calls have audio echo,Medium,Service Request,SW:Change,4,T20251205.0008,Teams calls have audio echo,IT:Applications,"Miller, Susan",169.5,Medium,1.0
T20260113.0001,Teams calls have audio echo,Medium,Service Request,SW:Change,5,T20260131.0004,Teams calls have audio echo,SW:Defect,"Anderson, Scott",132.0,Medium,1.0
T20251231.0002,Software license expired for Adobe Acrobat,Critical,Service Request,IT:Applications,1,T20260204.0006,Software license expired for Adobe Acrobat,IT:Applications,"Moore, James",1.0,Low,1.0
T20251231.0002,Software license expired for Adobe Acrobat,Critical,Service Request,IT:Applications,2,T20260102.0002,Software license expired for Adobe Acrobat,SW:Defect,"Taylor, Mark",127.0,Low,1.0
T20251231.0002,Software license expired for Adobe Acrobat,Critical,Service Request,IT:Applications,3,T20260129.0006,Software license expired for Adobe Acrobat,SW:Internal,"Miller, Susan",169.0,Low,1.0
T20251231.0002,Software license expired for Adobe Acrobat,Critical,Service Request,IT:Applications,4,T20260114.0011,Software license expired for Adobe Acrobat,IT:Hardware,"Moore, James",111.0,Low,1.0
T20251231.0002,Software license expired for Adobe Acrobat,Critical,Service Request,IT:Applications,5,T20251231.0010,Software license expired for Adobe Acrobat,Triage,"Moore, James",168.5,Low,1.0
T20260111.0001,Network printer offline,Critical,Service Request,IT:Change,1,T20260115.0006,Network printer offline,SW:Internal,"Taylor, Mark",158.0,High,1.0
T20260111.0001,Network printer offline,Critical,Service Request,IT:Change,2,T20260302.0003,Network printer offline,SW:Change,"Miller, Susan",235.0,High,1.0
T20260111.0001,Network printer offline,Critical,Service Request,IT:Change,3,T20260127.0004,Network printer offline,IT:Applications,"Anderson, Scott",96.0,High,1.0
T20260111.0001,Network printer offline,Critical,Service Request,IT:Change,4,T20260101.0007,Network printer offline,SW:Support,"Anderson, Scott",122.5,High,1.0
T20260111.0001,Network printer offline,Critical,Service Request,IT:Change,5,T20251213.0005,Network printer offline,IT:Change,"Miller, Susan",48.5,High,1.0
T20251203.0002,Monitor flickering on docking station,Low,Service Request,IT:Applications,1,T20251206.0008,Monitor flickering on docking station,SW:Change,"Taylor, Mark",162.0,Medium,1.0
T20251203.0002,Monitor flickering on docking station,Low,Service Request,IT:Applications,2,T20251210.0014,Monitor flickering on docking station,IT:Change,"Taylor, Mark",124.0,Medium,1.0
T20251203.0002,Monitor flickering on docking station,Low,Service Request,IT:Applications,3,T20251212.0004,Monitor flickering on docking station,SW:Change,"Miller, Susan",98.5,Medium,1.0
T20251203.0002,Monitor flickering on docking station,Low,Service Request,IT:Applications,4,T20251208.0004,Monitor flickering on docking station,SW:Support,"Anderson, Scott",60.0,Medium,1.0
T20251203.0002,Monitor flickering on docking station,Low,Service Request,IT:Applications,5,T20260115.0004,Monitor flickering on docking station,IT:Applications,"Moore, James",165.0,Medium,1.0
T20251219.0003,Email bouncing back to external clients,Critical,Service Request,IT:Change,1,T20260119.0001,Email bouncing back to external clients,Triage,"Moore, James",195.0,Critical,1.0
T20251219.0003,Email bouncing back to external clients,Critical,Service Request,IT:Change,2,T20251209.0007,Email bouncing back to external clients,SW:Support,"Anderson, Scott",169.5,Critical,1.0
T20251219.0003,Email bouncing back to external clients,Critical,Service Request,IT:Change,3,T20251226.0005,Email bouncing back to external clients,SW:Support,"Miller, Susan",137.0,Critical,1.0
T20251219.0003,Email bouncing back to external clients,Critical,Service Request,IT:Change,4,T20260114.0007,Email bouncing back to external clients,SW:Internal,"Miller, Susan",29.0,Critical,1.0
T20251219.0003,Email bouncing back to external clients,Critical,Service Request,IT:Change,5,T20251210.0005,Email bouncing back to external clients,IT:Hardware,"Taylor, Mark",100.5,Critical,1.0
T20260121.0003,Teams calls have audio echo,Low,Service Request,SW:Support,1,T20251204.0021,Teams calls have audio echo,SW:Support,"Taylor, Mark",58.0,Medium,1.0
T20260121.0003,Teams calls have audio echo,Low,Service Request,SW:Support,2,T20251205.0015,Teams calls have audio echo,IT:Hardware,"Moore, James",11.5,Medium,1.0
T20260121.0003,Teams calls have audio echo,Low,Service Request,SW:Support,3,T20260211.0005,Teams calls have audio echo,SW:Support,"Moore, James",186.0,Medium,1.0
T20260121.0003,Teams calls have audio echo,Low,Service Request,SW:Support,4,T20251205.0008,Teams calls have audio echo,IT:Applications,"Miller, Susan",169.5,Medium,1.0
T20260121.0003,Teams calls have audio echo,Low,Service Request,SW:Support,5,T20260131.0004,Teams calls have audio echo,SW:Defect,"Anderson, Scott",132.0,Medium,1.0
T20120530.0001,Dan is still having issues with his email,Medium,Medium,IT:Applications,1,T20260101.0019,Suspicious phishing email reported,IT:Applications,"Anderson, Scott",106.5,High,0.1609
T20120530.0001,Dan is still having issues with his email,Medium,Medium,IT:Applications,2,T20260218.0010,Suspicious phishing email reported,SW:Change,"Moore, James",15.0,High,0.1609
T20120530.0001,Dan is still having issues with his email,Medium,Medium,IT:Applications,3,T20251206.0007,Suspicious phishing email reported,SW:Support,"Miller, Susan",115.5,High,0.1609
T20120530.0001,Dan is still having issues with his email,Medium,Medium,IT:Applications,4,T20251202.0003,Suspicious phishing email reported,Triage,"Taylor, Mark",36.5,High,0.1609
T20120530.0001,Dan is still having issues with his email,Medium,Medium,IT:Applications,5,T20251230.0008,Suspicious phishing email reported,IT:Change,"Moore, James",134.5,High,0.1609
T20251209.0001,Windows update causing BSOD,Medium,Maintenance,SW:Support,1,T20260301.0006,Windows update causing BSOD,IT:Change,"Taylor, Mark",209.5,Critical,1.0
T20251209.0001,Windows update causing BSOD,Medium,Maintenance,SW:Support,2,T20251228.0006,Windows update causing BSOD,IT:Hardware,"Miller, Susan",42.5,Critical,1.0
T20251209.0001,Windows update causing BSOD,Medium,Maintenance,SW:Support,3,T20251222.0005,Windows update causing BSOD,IT:Hardware,"Moore, James",2.0,Critical,1.0
T20251209.0001,Windows update causing BSOD,Medium,Maintenance,SW:Support,4,T20260212.0016,Windows update causing BSOD,SW:Defect,"Moore, James",170.5,Critical,1.0
T20251209.0001,Windows update causing BSOD,Medium,Maintenance,SW:Support,5,T20251230.0011,Windows update causing BSOD,Triage,"Taylor, Mark",30.0,Critical,1.0
T20260208.0001,Need access to CRM application,High,Service Request,SW:Support,1,T20260114.0005,Need access to CRM application,SW:Defect,"Miller, Susan",107.5,Low,1.0
T20260208.0001,Need access to CRM application,High,Service Request,SW:Support,2,T20251209.0010,Need access to CRM application,SW:Support,"Anderson, Scott",221.5,Low,1.0
T20260208.0001,Need access to CRM application,High,Service Request,SW:Support,3,T20260301.0007,Need access to CRM application,IT:Hardware,"Moore, James",233.0,Low,1.0
T20260208.0001,Need access to CRM application,High,Service Request,SW:Support,4,T20260123.0003,Need access to CRM application,SW:Internal,"Anderson, Scott",75.0,Low,1.0
T20260208.0001,Need access to CRM application,High,Service Request,SW:Support,5,T20260119.0005,Need access to CRM application,Triage,"Moore, James",150.5,Low,1.0
T20251213.0001,New employee laptop setup,Low,Service Request,SW:Support,1,T20260218.0006,New employee laptop setup,IT:Change,"Taylor, Mark",119.0,Low,1.0
T20251213.0001,New employee laptop setup,Low,Service Request,SW:Support,2,T20260222.0006,New employee laptop setup,Triage,"Anderson, Scott",11.5,Low,1.0
T20251213.0001,New employee laptop setup,Low,Service Request,SW:Support,3,T20251223.0007,New employee laptop setup,SW:Defect,"Moore, James",168.5,Low,1.0
T20251213.0001,New employee laptop setup,Low,Service Request,SW:Support,4,T20251210.0006,New employee laptop setup,SW:Defect,"Anderson, Scott",5.0,Low,1.0
T20251213.0001,New employee laptop setup,Low,Service Request,SW:Support,5,T20251225.0005,New employee laptop setup,SW:Internal,"Moore, James",87.0,Low,1.0
T20260228.0002,Zoom meeting room setup,Critical,Service Request,SW:Support,1,T20251209.0009,Zoom meeting room setup,SW:Support,"Taylor, Mark",33.5,Low,1.0
T20260228.0002,Zoom meeting room setup,Critical,Service Request,SW:Support,2,T20260119.0014,Zoom meeting room setup,IT:Change,"Taylor, Mark",57.0,Low,1.0
T20260228.0002,Zoom meeting room setup,Critical,Service Request,SW:Support,3,T20260124.0006,Zoom meeting room setup,IT:Change,"Anderson, Scott",92.5,Low,1.0
T20260228.0002,Zoom meeting room setup,Critical,Service Request,SW:Support,4,T20260110.0012,Zoom meeting room setup,SW:Internal,"Moore, James",81.0,Low,1.0
T20260228.0002,Zoom meeting room setup,Critical,Service Request,SW:Support,5,T20260105.0003,Zoom meeting room setup,Triage,"Anderson, Scott",137.0,Low,1.0
T20260118.0001,Teams calls have audio echo,Medium,Medium,IT:Applications,1,T20251204.0021,Teams calls have audio echo,SW:Support,"Taylor, Mark",58.0,Medium,1.0
T20260118.0001,Teams calls have audio echo,Medium,Medium,IT:Applications,2,T20251205.0015,Teams calls have audio echo,IT:Hardware,"Moore, James",11.5,Medium,1.0
T20260118.0001,Teams calls have audio echo,Medium,Medium,IT:Applications,3,T20260211.0005,Teams calls have audio echo,SW:Support,"Moore, James",186.0,Medium,1.0
T20260118.0001,Teams calls have audio echo,Medium,Medium,IT:Applications,4,T20251205.0008,Teams calls have audio echo,IT:Applications,"Miller, Susan",169.5,Medium,1.0
T20260118.0001,Teams calls have audio echo,Medium,Medium,IT:Applications,5,T20260131.0004,Teams calls have audio echo,SW:Defect,"Anderson, Scott",132.0,Medium,1.0
T20251205.0003,Password reset request,High,Service Request,SW:Internal,1,T20251210.0013,Password reset request,IT:Hardware,"Taylor, Mark",190.5,Low,1.0
T20251205.0003,Password reset request,High,Service Request,SW:Internal,2,T20260218.0008,Password reset request,SW:Change,"Moore, James",128.0,Low,1.0
T20251205.0003,Password reset request,High,Service Request,SW:Internal,3,T20260226.0006,Password reset request,IT:Applications,"Miller, Susan",89.0,Low,1.0
T20251205.0003,Password reset request,High,Service Request,SW:Internal,4,T20260215.0014,Password reset request,SW:Defect,"Miller, Susan",11.0,Low,1.0
T20251205.0003,Password reset request,High,Service Request,SW:Internal,5,T20260223.0005,Password reset request,Triage,"Miller, Susan",29.0,Low,1.0
T20260131.0002,File recovery request,Critical,Service Request,Triage,1,T20260221.0011,File recovery request,IT:Applications,"Miller, Susan",126.0,Medium,1.0
T20260131.0002,File recovery request,Critical,Service Request,Triage,2,T20251228.0007,File recovery request,IT:Applications,"Taylor, Mark",113.0,Medium,1.0
T20260131.0002,File recovery request,Critical,Service Request,Triage,3,T20251215.0004,File recovery request,IT:Change,"Moore, James",68.0,Medium,1.0
T20260131.0002,File recovery request,Critical,Service Request,Triage,4,T20260203.0009,File recovery request,SW:Defect,"Anderson, Scott",141.5,Medium,1.0
T20260131.0002,File recovery request,Critical,Service Request,Triage,5,T20260107.0002,File recovery request,SW:Internal,"Miller, Susan",124.5,Medium,1.0
T20260212.0002,New employee laptop setup,High,Service Request,SW:Support,1,T20260218.0006,New employee laptop setup,IT:Change,"Taylor, Mark",119.0,Low,1.0
T20260212.0002,New employee laptop setup,High,Service Request,SW:Support,2,T20260222.0006,New employee laptop setup,Triage,"Anderson, Scott",11.5,Low,1.0
T20260212.0002,New employee laptop setup,High,Service Request,SW:Support,3,T20251223.0007,New employee laptop setup,SW:Defect,"Moore, James",168.5,Low,1.0
T20260212.0002,New employee laptop setup,High,Service Request,SW:Support,4,T20251210.0006,New employee laptop setup,SW:Defect,"Anderson, Scott",5.0,Low,1.0
T20260212.0002,New employee laptop setup,High,Service Request,SW:Support,5,T20251225.0005,New employee laptop setup,SW:Internal,"Moore, James",87.0,Low,1.0
T20260224.0001,OneDrive sync errors,Medium,Medium,SW:Internal,1,T20260113.0013,OneDrive sync errors,SW:Support,"Anderson, Scott",84.5,Medium,1.0
T20260224.0001,OneDrive sync errors,Medium,Medium,SW:Internal,2,T20260222.0013,OneDrive sync errors,SW:Defect,"Miller, Susan",14.0,Medium,1.0
T20260224.0001,OneDrive sync errors,Medium,Medium,SW:Internal,3,T20251225.0003,OneDrive sync errors,IT:Hardware,"Taylor, Mark",97.0,Medium,1.0
T20260224.0001,OneDrive sync errors,Medium,Medium,SW:Internal,4,T20260110.0006,OneDrive sync errors,SW:Support,"Taylor, Mark",95.5,Medium,1.0
T20260224.0001,OneDrive sync errors,Medium,Medium,SW:Internal,5,T20260208.0008,OneDrive sync errors,Triage,"Taylor, Mark",217.0,Medium,1.0
T20260113.0002,Desk phone not receiving calls,Critical,High,IT:Hardware,1,T20251231.0005,Desk phone not receiving calls,Triage,"Moore, James",207.5,Medium,1.0
T20260113.0002,Desk phone not receiving calls,Critical,High,IT:Hardware,2,T20260220.0009,Desk phone not receiving calls,SW:Internal,"Anderson, Scott",84.0,Medium,1.0
T20260113.0002,Desk phone not receiving calls,Critical,High,IT:Hardware,3,T20251221.0006,Desk phone not receiving calls,Triage,"Moore, James",150.0,Medium,1.0
T20260113.0002,Desk phone not receiving calls,Critical,High,IT:Hardware,4,T20260127.0006,Desk phone not receiving calls,IT:Applications,"Moore, James",113.0,Medium,1.0
T20260113.0002,Desk phone not receiving calls,Critical,High,IT:Hardware,5,T20260205.0005,Desk phone not receiving calls,IT:Change,"Taylor, Mark",56.0,Medium,1.0
T20260115.0003,QuickBooks not launching after update,High,Maintenance,SW:Support,1,T20260102.0008,QuickBooks not launching after update,IT:Hardware,"Miller, Susan",76.0,Medium,1.0
T20260115.0003,QuickBooks not launching after update,High,Maintenance,SW:Support,2,T20260106.0003,QuickBooks not launching after update,SW:Change,"Moore, James",11.0,Medium,1.0
T20260115.0003,QuickBooks not launching after update,High,Maintenance,SW:Support,3,T20251221.0008,QuickBooks not launching after update,SW:Internal,"Anderson, Scott",55.0,Medium,1.0
T20260115.0003,QuickBooks not launching after update,High,Maintenance,SW:Support,4,T20260219.0007,QuickBooks not launching after update,IT:Hardware,"Moore, James",93.0,Medium,1.0
T20260115.0003,QuickBooks not launching after update,High,Maintenance,SW:Support,5,T20251203.0004,QuickBooks not launching after update,SW:Defect,"Taylor, Mark",150.0,Medium,1.0
T20260221.0001,Request to install project management software,Low,Service Request,IT:Applications,1,T20260216.0012,Request to install project management software,IT:Hardware,"Anderson, Scott",120.0,Low,1.0
T20260221.0001,Request to install project management software,Low,Service Request,IT:Applications,2,T20260110.0002,Request to install project management software,IT:Hardware,"Anderson, Scott",32.5,Low,1.0
T20260221.0001,Request to install project management software,Low,Service Request,IT:Applications,3,T20260125.0005,Request to install project management software,SW:Internal,"Taylor, Mark",100.0,Low,1.0
T20260221.0001,Request to install project management software,Low,Service Request,IT:Applications,4,T20260104.0002,Request to install project management software,SW:Defect,"Miller, Susan",43.5,Low,1.0
T20260221.0001,Request to install project management software,Low,Service Request,IT:Applications,5,T20260208.0006,Request to install project management software,SW:Support,"Miller, Susan",4.5,Low,1.0
T20251216.0001,MFA not working on mobile device,Medium,Service Request,Triage,1,T20251211.0011,MFA not working on mobile device,SW:Change,"Miller, Susan",15.5,High,1.0
T20251216.0001,MFA not working on mobile device,Medium,Service Request,Triage,2,T20260121.0005,MFA not working on mobile device,IT:Change,"Taylor, Mark",18.5,High,1.0
T20251216.0001,MFA not working on mobile device,Medium,Service Request,Triage,3,T20260111.0004,MFA not working on mobile device,Triage,"Anderson, Scott",87.5,High,1.0
T20251216.0001,MFA not working on mobile device,Medium,Service Request,Triage,4,T20260202.0005,MFA not working on mobile device,SW:Support,"Taylor, Mark",89.0,High,1.0
T20251216.0001,MFA not working on mobile device,Medium,Service Request,Triage,5,T20260221.0009,MFA not working on mobile device,IT:Hardware,"Taylor, Mark",214.0,High,1.0
T20260206.0001,Request for additional monitor,Low,Service Request,SW:Support,1,T20260218.0007,Request for additional monitor,Triage,"Moore, James",80.0,Low,1.0
T20260206.0001,Request for additional monitor,Low,Service Request,SW:Support,2,T20251224.0004,Request for additional monitor,IT:Hardware,"Anderson, Scott",64.0,Low,1.0
T20260206.0001,Request for additional monitor,Low,Service Request,SW:Support,3,T20260220.0014,Request for additional monitor,SW:Defect,"Miller, Susan",107.5,Low,1.0
T20260206.0001,Request for additional monitor,Low,Service Request,SW:Support,4,T20260104.0006,Request for additional monitor,SW:Change,"Miller, Susan",26.0,Low,1.0
T20260206.0001,Request for additional monitor,Low,Service Request,SW:Support,5,T20260116.0016,Request for additional monitor,SW:Internal,"Anderson, Scott",174.0,Low,1.0
T20260217.0001,Teams calls have audio echo,Medium,Medium,SW:Defect,1,T20251204.0021,Teams calls have audio echo,SW:Support,"Taylor, Mark",58.0,Medium,1.0
T20260217.0001,Teams calls have audio echo,Medium,Medium,SW:Defect,2,T20251205.0015,Teams calls have audio echo,IT:Hardware,"Moore, James",11.5,Medium,1.0
T20260217.0001,Teams calls have audio echo,Medium,Medium,SW:Defect,3,T20260211.0005,Teams calls have audio echo,SW:Support,"Moore, James",186.0,Medium,1.0
T20260217.0001,Teams calls have audio echo,Medium,Medium,SW:Defect,4,T20251205.0008,Teams calls have audio echo,IT:Applications,"Miller, Susan",169.5,Medium,1.0
T20260217.0001,Teams calls have audio echo,Medium,Medium,SW:Defect,5,T20260131.0004,Teams calls have audio echo,SW:Defect,"Anderson, Scott",132.0,Medium,1.0
T20260121.0001,Monitor flickering on docking station,High,High,SW:Internal,1,T20251206.0008,Monitor flickering on docking station,SW:Change,"Taylor, Mark",162.0,Medium,1.0
T20260121.0001,Monitor flickering on docking station,High,High,SW:Internal,2,T20251210.0014,Monitor flickering on docking station,IT:Change,"Taylor, Mark",124.0,Medium,1.0
T20260121.0001,Monitor flickering on docking station,High,High,SW:Internal,3,T20251212.0004,Monitor flickering on docking station,SW:Change,"Miller, Susan",98.5,Medium,1.0
T20260121.0001,Monitor flickering on docking station,High,High,SW:Internal,4,T20251208.0004,Monitor flickering on docking station,SW:Support,"Anderson, Scott",60.0,Medium,1.0
T20260121.0001,Monitor flickering on docking station,High,High,SW:Internal,5,T20260115.0004,Monitor flickering on docking station,IT:Applications,"Moore, James",165.0,Medium,1.0
T20251227.0001,MFA not working on mobile device,Low,Low,SW:Internal,1,T20251211.0011,MFA not working on mobile device,SW:Change,"Miller, Susan",15.5,High,1.0
T20251227.0001,MFA not working on mobile device,Low,Low,SW:Internal,2,T20260121.0005,MFA not working on mobile device,IT:Change,"Taylor, Mark",18.5,High,1.0
T20251227.0001,MFA not working on mobile device,Low,Low,SW:Internal,3,T20260111.0004,MFA not working on mobile device,Triage,"Anderson, Scott",87.5,High,1.0
T20251227.0001,MFA not working on mobile device,Low,Low,SW:Internal,4,T20260202.0005,MFA not working on mobile device,SW:Support,"Taylor, Mark",89.0,High,1.0
T20251227.0001,MFA not working on mobile device,Low,Low,SW:Internal,5,T20260221.0009,MFA not working on mobile device,IT:Hardware,"Taylor, Mark",214.0,High,1.0
T20260212.0003,Request to install project management software,Low,Service Request,SW:Change,1,T20260216.0012,Request to install project management software,IT:Hardware,"Anderson, Scott",120.0,Low,1.0
T20260212.0003,Request to install project management software,Low,Service Request,SW:Change,2,T20260110.0002,Request to install project management software,IT:Hardware,"Anderson, Scott",32.5,Low,1.0
T20260212.0003,Request to install project management software,Low,Service Request,SW:Change,3,T20260125.0005,Request to install project management software,SW:Internal,"Taylor, Mark",100.0,Low,1.0
T20260212.0003,Request to install project management software,Low,Service Request,SW:Change,4,T20260104.0002,Request to install project management software,SW:Defect,"Miller, Susan",43.5,Low,1.0
T20260212.0003,Request to install project management software,Low,Service Request,SW:Change,5,T20260208.0006,Request to install project management software,SW:Support,"Miller, Susan",4.5,Low,1.0
T20260205.0002,MFA not working on mobile device,Medium,Service Request,SW:Defect,1,T20251211.0011,MFA not working on mobile device,SW:Change,"Miller, Susan",15.5,High,1.0
T20260205.0002,MFA not working on mobile device,Medium,Service Request,SW:Defect,2,T20260121.0005,MFA not working on mobile device,IT:Change,"Taylor, Mark",18.5,High,1.0
T20260205.0002,MFA not working on mobile device,Medium,Service Request,SW:Defect,3,T20260111.0004,MFA not working on mobile device,Triage,"Anderson, Scott",87.5,High,1.0
T20260205.0002,MFA not working on mobile device,Medium,Service Request,SW:Defect,4,T20260202.0005,MFA not working on mobile device,SW:Support,"Taylor, Mark",89.0,High,1.0
T20260205.0002,MFA not working on mobile device,Medium,Service Request,SW:Defect,5,T20260221.0009,MFA not working on mobile device,IT:Hardware,"Taylor, Mark",214.0,High,1.0
T20260125.0002,Slow computer performance,Critical,Service Request,IT:Change,1,T20251221.0005,Slow computer performance,Triage,"Miller, Susan",219.0,Medium,1.0
T20260125.0002,Slow computer performance,Critical,Service Request,IT:Change,2,T20251216.0008,Slow computer performance,SW:Change,"Miller, Susan",158.5,Medium,1.0
T20260125.0002,Slow computer performance,Critical,Service Request,IT:Change,3,T20260114.0006,Slow computer performance,IT:Hardware,"Moore, James",173.0,Medium,1.0
T20260125.0002,Slow computer performance,Critical,Service Request,IT:Change,4,T20260224.0004,Slow computer performance,SW:Change,"Miller, Susan",127.0,Medium,1.0
T20260125.0002,Slow computer performance,Critical,Service Request,IT:Change,5,T20260117.0008,Slow computer performance,SW:Support,"Miller, Susan",186.0,Medium,1.0
T20251229.0003,Zoom meeting room setup,Low,Service Request,IT:Applications,1,T20251209.0009,Zoom meeting room setup,SW:Support,"Taylor, Mark",33.5,Low,1.0
T20251229.0003,Zoom meeting room setup,Low,Service Request,IT:Applications,2,T20260119.0014,Zoom meeting room setup,IT:Change,"Taylor, Mark",57.0,Low,1.0
T20251229.0003,Zoom meeting room setup,Low,Service Request,IT:Applications,3,T20260124.0006,Zoom meeting room setup,IT:Change,"Anderson, Scott",92.5,Low,1.0
T20251229.0003,Zoom meeting room setup,Low,Service Request,IT:Applications,4,T20260110.0012,Zoom meeting room setup,SW:Internal,"Moore, James",81.0,Low,1.0
T20251229.0003,Zoom meeting room setup,Low,Service Request,IT:Applications,5,T20260105.0003,Zoom meeting room setup,Triage,"Anderson, Scott",137.0,Low,1.0
T20260111.0002,Wi-Fi connectivity issues in conference room B,Medium,Medium,SW:Internal,1,T20260110.0007,Wi-Fi connectivity issues in conference room B,SW:Support,"Miller, Susan",173.0,Medium,1.0
T20260111.0002,Wi-Fi connectivity issues in conference room B,Medium,Medium,SW:Internal,2,T20260110.0013,Wi-Fi connectivity issues in conference room B,Triage,"Anderson, Scott",160.0,Medium,1.0
T20260111.0002,Wi-Fi connectivity issues in conference room B,Medium,Medium,SW:Internal,3,T20260128.0006,Wi-Fi connectivity issues in conference room B,SW:Change,"Anderson, Scott",121.0,Medium,1.0
T20260111.0002,Wi-Fi connectivity issues in conference room B,Medium,Medium,SW:Internal,4,T20251212.0007,Wi-Fi connectivity issues in conference room B,SW:Change,"Anderson, Scott",175.0,Medium,1.0
T20260111.0002,Wi-Fi connectivity issues in conference room B,Medium,Medium,SW:Internal,5,T20251217.0009,Wi-Fi connectivity issues in conference room B,SW:Defect,"Anderson, Scott",162.0,Medium,1.0
T20260220.0005,Software license expired for Adobe Acrobat,High,Service Request,IT:Change,1,T20260204.0006,Software license expired for Adobe Acrobat,IT:Applications,"Moore, James",1.0,Low,1.0
T20260220.0005,Software license expired for Adobe Acrobat,High,Service Request,IT:Change,2,T20260102.0002,Software license expired for Adobe Acrobat,SW:Defect,"Taylor, Mark",127.0,Low,1.0
T20260220.0005,Software license expired for Adobe Acrobat,High,Service Request,IT:Change,3,T20260129.0006,Software license expired for Adobe Acrobat,SW:Internal,"Miller, Susan",169.0,Low,1.0
T20260220.0005,Software license expired for Adobe Acrobat,High,Service Request,IT:Change,4,T20260114.0011,Software license expired for Adobe Acrobat,IT:Hardware,"Moore, James",111.0,Low,1.0
T20260220.0005,Software license expired for Adobe Acrobat,High,Service Request,IT:Change,5,T20251231.0010,Software license expired for Adobe Acrobat,Triage,"Moore, James",168.5,Low,1.0
T20120604.0002.001,Monthy Services Checkup,Low,Low,IT:Hardware,1,T20260113.0013,OneDrive sync errors,SW:Support,"Anderson, Scott",84.5,Medium,0.0
T20120604.0002.001,Monthy Services Checkup,Low,Low,IT:Hardware,2,T20251210.0014,Monitor flickering on docking station,IT:Change,"Taylor, Mark",124.0,Medium,0.0
T20120604.0002.001,Monthy Services Checkup,Low,Low,IT:Hardware,3,T20251231.0012,Backup job failed overnight,IT:Change,"Taylor, Mark",232.5,Critical,0.0
T20120604.0002.001,Monthy Services Checkup,Low,Low,IT:Hardware,4,T20251230.0013,New employee laptop setup,SW:Internal,"Anderson, Scott",156.5,Low,0.0
T20120604.0002.001,Monthy Services Checkup,Low,Low,IT:Hardware,5,T20260126.0007,VPN connection drops intermittently,SW:Defect,"Taylor, Mark",19.0,High,0.0
T20120604.0002.002,Monthy Services Checkup,Low,Low,IT:Hardware,1,T20260113.0013,OneDrive sync errors,SW:Support,"Anderson, Scott",84.5,Medium,0.0
T20120604.0002.002,Monthy Services Checkup,Low,Low,IT:Hardware,2,T20251210.0014,Monitor flickering on docking station,IT:Change,"Taylor, Mark",124.0,Medium,0.0
T20120604.0002.002,Monthy Services Checkup,Low,Low,IT:Hardware,3,T20251231.0012,Backup job failed overnight,IT:Change,"Taylor, Mark",232.5,Critical,0.0
T20120604.0002.002,Monthy Services Checkup,Low,Low,IT:Hardware,4,T20251230.0013,New employee laptop setup,SW:Internal,"Anderson, Scott",156.5,Low,0.0
T20120604.0002.002,Monthy Services Checkup,Low,Low,IT:Hardware,5,T20260126.0007,VPN connection drops intermittently,SW:Defect,"Taylor, Mark",19.0,High,0.0
T20120604.0002.003,Monthy Services Checkup,Low,Low,IT:Hardware,1,T20260113.0013,OneDrive sync errors,SW:Support,"Anderson, Scott",84.5,Medium,0.0
T20120604.0002.003,Monthy Services Checkup,Low,Low,IT:Hardware,2,T20251210.0014,Monitor flickering on docking station,IT:Change,"Taylor, Mark",124.0,Medium,0.0
T20120604.0002.003,Monthy Services Checkup,Low,Low,IT:Hardware,3,T20251231.0012,Backup job failed overnight,IT:Change,"Taylor, Mark",232.5,Critical,0.0
T20120604.0002.003,Monthy Services Checkup,Low,Low,IT:Hardware,4,T20251230.0013,New employee laptop setup,SW:Internal,"Anderson, Scott",156.5,Low,0.0
T20120604.0002.003,Monthy Services Checkup,Low,Low,IT:Hardware,5,T20260126.0007,VPN connection drops intermittently,SW:Defect,"Taylor, Mark",19.0,High,0.0
T20120604.0002.004,Monthy Services Checkup,Low,Low,IT:Hardware,1,T20260113.0013,OneDrive sync errors,SW:Support,"Anderson, Scott",84.5,Medium,0.0
T20120604.0002.004,Monthy Services Checkup,Low,Low,IT:Hardware,2,T20251210.0014,Monitor flickering on docking station,IT:Change,"Taylor, Mark",124.0,Medium,0.0
T20120604.0002.004,Monthy Services Checkup,Low,Low,IT:Hardware,3,T20251231.0012,Backup job failed overnight,IT:Change,"Taylor, Mark",232.5,Critical,0.0
T20120604.0002.004,Monthy Services Checkup,Low,Low,IT:Hardware,4,T20251230.0013,New employee laptop setup,SW:Internal,"Anderson, Scott",156.5,Low,0.0
T20120604.0002.004,Monthy Services Checkup,Low,Low,IT:Hardware,5,T20260126.0007,VPN connection drops intermittently,SW:Defect,"Taylor, Mark",19.0,High,0.0
T20120604.0002.005,Monthy Services Checkup,Low,Low,IT:Hardware,1,T20260113.0013,OneDrive sync errors,SW:Support,"Anderson, Scott",84.5,Medium,0.0
T20120604.0002.005,Monthy Services Checkup,Low,Low,IT:Hardware,2,T20251210.0014,Monitor flickering on docking station,IT:Change,"Taylor, Mark",124.0,Medium,0.0
T20120604.0002.005,Monthy Services Checkup,Low,Low,IT:Hardware,3,T20251231.0012,Backup job failed overnight,IT:Change,"Taylor, Mark",232.5,Critical,0.0
T20120604.0002.005,Monthy Services Checkup,Low,Low,IT:Hardware,4,T20251230.0013,New employee laptop setup,SW:Internal,"Anderson, Scott",156.5,Low,0.0
T20120604.0002.005,Monthy Services Checkup,Low,Low,IT:Hardware,5,T20260126.0007,VPN connection drops intermittently,SW:Defect,"Taylor, Mark",19.0,High,0.0
T20120604.0002.006,Monthy Services Checkup,Low,Low,IT:Hardware,1,T20260113.0013,OneDrive sync errors,SW:Support,"Anderson, Scott",84.5,Medium,0.0
T20120604.0002.006,Monthy Services Checkup,Low,Low,IT:Hardware,2,T20251210.0014,Monitor flickering on docking station,IT:Change,"Taylor, Mark",124.0,Medium,0.0
T20120604.0002.006,Monthy Services Checkup,Low,Low,IT:Hardware,3,T20251231.0012,Backup job failed overnight,IT:Change,"Taylor, Mark",232.5,Critical,0.0
T20120604.0002.006,Monthy Services Checkup,Low,Low,IT:Hardware,4,T20251230.0013,New employee laptop setup,SW:Internal,"Anderson, Scott",156.5,Low,0.0
T20120604.0002.006,Monthy Services Checkup,Low,Low,IT:Hardware,5,T20260126.0007,VPN connection drops intermittently,SW:Defect,"Taylor, Mark",19.0,High,0.0
T20260105.0001,Password reset request,High,Service Request,IT:Applications,1,T20251210.0013,Password reset request,IT:Hardware,"Taylor, Mark",190.5,Low,1.0
T20260105.0001,Password reset request,High,Service Request,IT:Applications,2,T20260218.0008,Password reset request,SW:Change,"Moore, James",128.0,Low,1.0
T20260105.0001,Password reset request,High,Service Request,IT:Applications,3,T20260226.0006,Password reset request,IT:Applications,"Miller, Susan",89.0,Low,1.0
T20260105.0001,Password reset request,High,Service Request,IT:Applications,4,T20260215.0014,Password reset request,SW:Defect,"Miller, Susan",11.0,Low,1.0
T20260105.0001,Password reset request,High,Service Request,IT:Applications,5,T20260223.0005,Password reset request,Triage,"Miller, Susan",29.0,Low,1.0
T20260202.0001,Slow computer performance,Critical,High,IT:Hardware,1,T20251221.0005,Slow computer performance,Triage,"Miller, Susan",219.0,Medium,1.0
T20260202.0001,Slow computer performance,Critical,High,IT:Hardware,2,T20251216.0008,Slow computer performance,SW:Change,"Miller, Susan",158.5,Medium,1.0
T20260202.0001,Slow computer performance,Critical,High,IT:Hardware,3,T20260114.0006,Slow computer performance,IT:Hardware,"Moore, James",173.0,Medium,1.0
T20260202.0001,Slow computer performance,Critical,High,IT:Hardware,4,T20260224.0004,Slow computer performance,SW:Change,"Miller, Susan",127.0,Medium,1.0
T20260202.0001,Slow computer performance,Critical,High,IT:Hardware,5,T20260117.0008,Slow computer performance,SW:Support,"Miller, Susan",186.0,Medium,1.0
T20251205.0001,New user account creation,Medium,Service Request,SW:Defect,1,T20251207.0003,New user account creation,SW:Defect,"Moore, James",40.5,Low,1.0
T20251205.0001,New user account creation,Medium,Service Request,SW:Defect,2,T20251209.0008,New user account creation,SW:Internal,"Miller, Susan",64.0,Low,1.0
T20251205.0001,New user account creation,Medium,Service Request,SW:Defect,3,T20260120.0007,New user account creation,IT:Change,"Taylor, Mark",88.5,Low,1.0
T20251205.0001,New user account creation,Medium,Service Request,SW:Defect,4,T20251204.0011,New user account creation,IT:Change,"Moore, James",47.0,Low,1.0
T20251205.0001,New user account creation,Medium,Service Request,SW:Defect,5,T20260131.0007,New user account creation,Triage,"Moore, James",174.5,Low,1.0
T20260126.0002,Email bouncing back to external clients,Low,Low,IT:Applications,1,T20260119.0001,Email bouncing back to external clients,Triage,"Moore, James",195.0,Critical,1.0
T20260126.0002,Email bouncing back to external clients,Low,Low,IT:Applications,2,T20251209.0007,Email bouncing back to external clients,SW:Support,"Anderson, Scott",169.5,Critical,1.0
T20260126.0002,Email bouncing back to external clients,Low,Low,IT:Applications,3,T20251226.0005,Email bouncing back to external clients,SW:Support,"Miller, Susan",137.0,Critical,1.0
T20260126.0002,Email bouncing back to external clients,Low,Low,IT:Applications,4,T20260114.0007,Email bouncing back to external clients,SW:Internal,"Miller, Susan",29.0,Critical,1.0
T20260126.0002,Email bouncing back to external clients,Low,Low,IT:Applications,5,T20251210.0005,Email bouncing back to external clients,IT:Hardware,"Taylor, Mark",100.5,Critical,1.0
T20251227.0002,Network printer offline,High,High,Triage,1,T20260115.0006,Network printer offline,SW:Internal,"Taylor, Mark",158.0,High,1.0
T20251227.0002,Network printer offline,High,High,Triage,2,T20260302.0003,Network printer offline,SW:Change,"Miller, Susan",235.0,High,1.0
T20251227.0002,Network printer offline,High,High,Triage,3,T20260127.0004,Network printer offline,IT:Applications,"Anderson, Scott",96.0,High,1.0
T20251227.0002,Network printer offline,High,High,Triage,4,T20260101.0007,Network printer offline,SW:Support,"Anderson, Scott",122.5,High,1.0
T20251227.0002,Network printer offline,High,High,Triage,5,T20251213.0005,Network printer offline,IT:Change,"Miller, Susan",48.5,High,1.0
T20260226.0005,Outlook not syncing emails,Medium,Medium,IT:Applications,1,T20260207.0003,Outlook not syncing emails,SW:Internal,"Anderson, Scott",157.5,Medium,1.0
T20260226.0005,Outlook not syncing emails,Medium,Medium,IT:Applications,2,T20260227.0015,Outlook not syncing emails,SW:Support,"Anderson, Scott",63.0,Medium,1.0
T20260226.0005,Outlook not syncing emails,Medium,Medium,IT:Applications,3,T20251208.0002,Outlook not syncing emails,SW:Change,"Anderson, Scott",105.5,Medium,1.0
T20260226.0005,Outlook not syncing emails,Medium,Medium,IT:Applications,4,T20251220.0008,Outlook not syncing emails,Triage,"Taylor, Mark",67.0,Medium,1.0
T20260226.0005,Outlook not syncing emails,Medium,Medium,IT:Applications,5,T20260225.0005,Outlook not syncing emails,Triage,"Miller, Susan",152.5,Medium,1.0
T20251227.0004,Keyboard and mouse not responding,Medium,Service Request,IT:Change,1,T20251217.0004,Keyboard and mouse not responding,IT:Applications,"Taylor, Mark",105.0,Medium,1.0
T20251227.0004,Keyboard and mouse not responding,Medium,Service Request,IT:Change,2,T20251226.0016,Keyboard and mouse not responding,IT:Hardware,"Anderson, Scott",39.0,Medium,1.0
T20251227.0004,Keyboard and mouse not responding,Medium,Service Request,IT:Change,3,T20260113.0007,Keyboard and mouse not responding,SW:Change,"Taylor, Mark",57.5,Medium,1.0
T20251227.0004,Keyboard and mouse not responding,Medium,Service Request,IT:Change,4,T20260302.0010,Keyboard and mouse not responding,Triage,"Taylor, Mark",3.5,Medium,1.0
T20251227.0004,Keyboard and mouse not responding,Medium,Service Request,IT:Change,5,T20251228.0004,Keyboard and mouse not responding,Triage,"Taylor, Mark",208.5,Medium,1.0
T20260220.0004,Need access to CRM application,Critical,Service Request,SW:Defect,1,T20260114.0005,Need access to CRM application,SW:Defect,"Miller, Susan",107.5,Low,1.0
T20260220.0004,Need access to CRM application,Critical,Service Request,SW:Defect,2,T20251209.0010,Need access to CRM application,SW:Support,"Anderson, Scott",221.5,Low,1.0
T20260220.0004,Need access to CRM application,Critical,Service Request,SW:Defect,3,T20260301.0007,Need access to CRM application,IT:Hardware,"Moore, James",233.0,Low,1.0
T20260220.0004,Need access to CRM application,Critical,Service Request,SW:Defect,4,T20260123.0003,Need access to CRM application,SW:Internal,"Anderson, Scott",75.0,Low,1.0
T20260220.0004,Need access to CRM application,Critical,Service Request,SW:Defect,5,T20260119.0005,Need access to CRM application,Triage,"Moore, James",150.5,Low,1.0
T20251230.0002,Suspicious phishing email reported,Low,Low,Triage,1,T20260212.0010,Suspicious phishing email reported,IT:Applications,"Anderson, Scott",141.0,High,1.0
T20251230.0002,Suspicious phishing email reported,Low,Low,Triage,2,T20260104.0010,Suspicious phishing email reported,SW:Defect,"Anderson, Scott",0.5,High,1.0
T20251230.0002,Suspicious phishing email reported,Low,Low,Triage,3,T20251230.0008,Suspicious phishing email reported,IT:Change,"Moore, James",134.5,High,1.0
T20251230.0002,Suspicious phishing email reported,Low,Low,Triage,4,T20260218.0010,Suspicious phishing email reported,SW:Change,"Moore, James",15.0,High,1.0
T20251230.0002,Suspicious phishing email reported,Low,Low,Triage,5,T20251206.0007,Suspicious phishing email reported,SW:Support,"Miller, Susan",115.5,High,1.0
T20260114.0002,Outlook not syncing emails,Critical,High,SW:Internal,1,T20260207.0003,Outlook not syncing emails,SW:Internal,"Anderson, Scott",157.5,Medium,1.0
T20260114.0002,Outlook not syncing emails,Critical,High,SW:Internal,2,T20260227.0015,Outlook not syncing emails,SW:Support,"Anderson, Scott",63.0,Medium,1.0
T20260114.0002,Outlook not syncing emails,Critical,High,SW:Internal,3,T20251208.0002,Outlook not syncing emails,SW:Change,"Anderson, Scott",105.5,Medium,1.0
T20260114.0002,Outlook not syncing emails,Critical,High,SW:Internal,4,T20251220.0008,Outlook not syncing emails,Triage,"Taylor, Mark",67.0,Medium,1.0
T20260114.0002,Outlook not syncing emails,Critical,High,SW:Internal,5,T20260225.0005,Outlook not syncing emails,Triage,"Miller, Susan",152.5,Medium,1.0
T20251212.0002,Backup job failed overnight,High,High,IT:Applications,1,T20260203.0005,Backup job failed overnight,SW:Defect,"Anderson, Scott",16.0,Critical,1.0
T20251212.0002,Backup job failed overnight,High,High,IT:Applications,2,T20260101.0016,Backup job failed overnight,IT:Hardware,"Moore, James",211.0,Critical,1.0
T20251212.0002,Backup job failed overnight,High,High,IT:Applications,3,T20251212.0005,Backup job failed overnight,SW:Internal,"Miller, Susan",102.0,Critical,1.0
T20251212.0002,Backup job failed overnight,High,High,IT:Applications,4,T20260129.0009,Backup job failed overnight,SW:Internal,"Anderson, Scott",51.5,Critical,1.0
T20251212.0002,Backup job failed overnight,High,High,IT:Applications,5,T20251202.0004,Backup job failed overnight,SW:Change,"Taylor, Mark",188.0,Critical,1.0
T20260225.0001,Wi-Fi connectivity issues in conference room B,Critical,High,Triage,1,T20260110.0007,Wi-Fi connectivity issues in conference room B,SW:Support,"Miller, Susan",173.0,Medium,1.0
T20260225.0001,Wi-Fi connectivity issues in conference room B,Critical,High,Triage,2,T20260110.0013,Wi-Fi connectivity issues in conference room B,Triage,"Anderson, Scott",160.0,Medium,1.0
T20260225.0001,Wi-Fi connectivity issues in conference room B,Critical,High,Triage,3,T20260128.0006,Wi-Fi connectivity issues in conference room B,SW:Change,"Anderson, Scott",121.0,Medium,1.0
T20260225.0001,Wi-Fi connectivity issues in conference room B,Critical,High,Triage,4,T20251212.0007,Wi-Fi connectivity issues in conference room B,SW:Change,"Anderson, Scott",175.0,Medium,1.0
T20260225.0001,Wi-Fi connectivity issues in conference room B,Critical,High,Triage,5,T20251217.0009,Wi-Fi connectivity issues in conference room B,SW:Defect,"Anderson, Scott",162.0,Medium,1.0
T20260215.0003,Keyboard and mouse not responding,Critical,High,IT:Hardware,1,T20251217.0004,Keyboard and mouse not responding,IT:Applications,"Taylor, Mark",105.0,Medium,1.0
T20260215.0003,Keyboard and mouse not responding,Critical,High,IT:Hardware,2,T20251226.0016,Keyboard and mouse not responding,IT:Hardware,"Anderson, Scott",39.0,Medium,1.0
T20260215.0003,Keyboard and mouse not responding,Critical,High,IT:Hardware,3,T20260113.0007,Keyboard and mouse not responding,SW:Change,"Taylor, Mark",57.5,Medium,1.0
T20260215.0003,Keyboard and mouse not responding,Critical,High,IT:Hardware,4,T20260302.0010,Keyboard and mouse not responding,Triage,"Taylor, Mark",3.5,Medium,1.0
T20260215.0003,Keyboard and mouse not responding,Critical,High,IT:Hardware,5,T20251228.0004,Keyboard and mouse not responding,Triage,"Taylor, Mark",208.5,Medium,1.0
T20251231.0001,Desk phone not receiving calls,High,High,SW:Defect,1,T20251231.0005,Desk phone not receiving calls,Triage,"Moore, James",207.5,Medium,1.0
T20251231.0001,Desk phone not receiving calls,High,High,SW:Defect,2,T20260220.0009,Desk phone not receiving calls,SW:Internal,"Anderson, Scott",84.0,Medium,1.0
T20251231.0001,Desk phone not receiving calls,High,High,SW:Defect,3,T20251221.0006,Desk phone not receiving calls,Triage,"Moore, James",150.0,Medium,1.0
T20251231.0001,Desk phone not receiving calls,High,High,SW:Defect,4,T20260127.0006,Desk phone not receiving calls,IT:Applications,"Moore, James",113.0,Medium,1.0
T20251231.0001,Desk phone not receiving calls,High,High,SW:Defect,5,T20260205.0005,Desk phone not receiving calls,IT:Change,"Taylor, Mark",56.0,Medium,1.0
T20260131.0001,Keyboard and mouse not responding,Medium,Medium,SW:Support,1,T20251217.0004,Keyboard and mouse not responding,IT:Applications,"Taylor, Mark",105.0,Medium,1.0
T20260131.0001,Keyboard and mouse not responding,Medium,Medium,SW:Support,2,T20251226.0016,Keyboard and mouse not responding,IT:Hardware,"Anderson, Scott",39.0,Medium,1.0
T20260131.0001,Keyboard and mouse not responding,Medium,Medium,SW:Support,3,T20260113.0007,Keyboard and mouse not responding,SW:Change,"Taylor, Mark",57.5,Medium,1.0
T20260131.0001,Keyboard and mouse not responding,Medium,Medium,SW:Support,4,T20260302.0010,Keyboard and mouse not responding,Triage,"Taylor, Mark",3.5,Medium,1.0
T20260131.0001,Keyboard and mouse not responding,Medium,Medium,SW:Support,5,T20251228.0004,Keyboard and mouse not responding,Triage,"Taylor, Mark",208.5,Medium,1.0
T20260227.0001,Software license expired for Adobe Acrobat,High,Service Request,SW:Defect,1,T20260204.0006,Software license expired for Adobe Acrobat,IT:Applications,"Moore, James",1.0,Low,1.0
T20260227.0001,Software license expired for Adobe Acrobat,High,Service Request,SW:Defect,2,T20260102.0002,Software license expired for Adobe Acrobat,SW:Defect,"Taylor, Mark",127.0,Low,1.0
T20260227.0001,Software license expired for Adobe Acrobat,High,Service Request,SW:Defect,3,T20260129.0006,Software license expired for Adobe Acrobat,SW:Internal,"Miller, Susan",169.0,Low,1.0
T20260227.0001,Software license expired for Adobe Acrobat,High,Service Request,SW:Defect,4,T20260114.0011,Software license expired for Adobe Acrobat,IT:Hardware,"Moore, James",111.0,Low,1.0
T20260227.0001,Software license expired for Adobe Acrobat,High,Service Request,SW:Defect,5,T20251231.0010,Software license expired for Adobe Acrobat,Triage,"Moore, James",168.5,Low,1.0
T20260117.0001,Request to install project management software,Medium,Service Request,IT:Applications,1,T20260216.0012,Request to install project management software,IT:Hardware,"Anderson, Scott",120.0,Low,1.0
T20260117.0001,Request to install project management software,Medium,Service Request,IT:Applications,2,T20260110.0002,Request to install project management software,IT:Hardware,"Anderson, Scott",32.5,Low,1.0
T20260117.0001,Request to install project management software,Medium,Service Request,IT:Applications,3,T20260125.0005,Request to install project management software,SW:Internal,"Taylor, Mark",100.0,Low,1.0
T20260117.0001,Request to install project management software,Medium,Service Request,IT:Applications,4,T20260104.0002,Request to install project management software,SW:Defect,"Miller, Susan",43.5,Low,1.0
T20260117.0001,Request to install project management software,Medium,Service Request,IT:Applications,5,T20260208.0006,Request to install project management software,SW:Support,"Miller, Susan",4.5,Low,1.0
T20260127.0001,QuickBooks not launching after update,High,Maintenance,IT:Change,1,T20260102.0008,QuickBooks not launching after update,IT:Hardware,"Miller, Susan",76.0,Medium,1.0
T20260127.0001,QuickBooks not launching after update,High,Maintenance,IT:Change,2,T20260106.0003,QuickBooks not launching after update,SW:Change,"Moore, James",11.0,Medium,1.0
T20260127.0001,QuickBooks not launching after update,High,Maintenance,IT:Change,3,T20251221.0008,QuickBooks not launching after update,SW:Internal,"Anderson, Scott",55.0,Medium,1.0
T20260127.0001,QuickBooks not launching after update,High,Maintenance,IT:Change,4,T20260219.0007,QuickBooks not launching after update,IT:Hardware,"Moore, James",93.0,Medium,1.0
T20260127.0001,QuickBooks not launching after update,High,Maintenance,IT:Change,5,T20251203.0004,QuickBooks not launching after update,SW:Defect,"Taylor, Mark",150.0,Medium,1.0
T20260123.0001,Wi-Fi connectivity issues in conference room B,Low,Service Request,SW:Support,1,T20260110.0007,Wi-Fi connectivity issues in conference room B,SW:Support,"Miller, Susan",173.0,Medium,1.0
T20260123.0001,Wi-Fi connectivity issues in conference room B,Low,Service Request,SW:Support,2,T20260110.0013,Wi-Fi connectivity issues in conference room B,Triage,"Anderson, Scott",160.0,Medium,1.0
T20260123.0001,Wi-Fi connectivity issues in conference room B,Low,Service Request,SW:Support,3,T20260128.0006,Wi-Fi connectivity issues in conference room B,SW:Change,"Anderson, Scott",121.0,Medium,1.0
T20260123.0001,Wi-Fi connectivity issues in conference room B,Low,Service Request,SW:Support,4,T20251212.0007,Wi-Fi connectivity issues in conference room B,SW:Change,"Anderson, Scott",175.0,Medium,1.0
T20260123.0001,Wi-Fi connectivity issues in conference room B,Low,Service Request,SW:Support,5,T20251217.0009,Wi-Fi connectivity issues in conference room B,SW:Defect,"Anderson, Scott",162.0,Medium,1.0
T20251212.0001,Laptop battery not holding charge,Low,Service Request,IT:Change,1,T20260112.0001,Laptop battery not holding charge,Triage,"Anderson, Scott",212.0,Medium,1.0
T20251212.0001,Laptop battery not holding charge,Low,Service Request,IT:Change,2,T20260218.0009,Laptop battery not holding charge,SW:Internal,"Miller, Susan",173.5,Medium,1.0
T20251212.0001,Laptop battery not holding charge,Low,Service Request,IT:Change,3,T20260209.0007,Laptop battery not holding charge,SW:Internal,"Taylor, Mark",37.5,Medium,1.0
T20251212.0001,Laptop battery not holding charge,Low,Service Request,IT:Change,4,T20260214.0003,Laptop battery not holding charge,IT:Change,"Miller, Susan",144.5,Medium,1.0
T20251212.0001,Laptop battery not holding charge,Low,Service Request,IT:Change,5,T20260124.0014,Laptop battery not holding charge,SW:Support,"Moore, James",47.5,Medium,1.0
T20260116.0001,Backup job failed overnight,Low,Low,Triage,1,T20260203.0005,Backup job failed overnight,SW:Defect,"Anderson, Scott",16.0,Critical,1.0
T20260116.0001,Backup job failed overnight,Low,Low,Triage,2,T20260101.0016,Backup job failed overnight,IT:Hardware,"Moore, James",211.0,Critical,1.0
T20260116.0001,Backup job failed overnight,Low,Low,Triage,3,T20251212.0005,Backup job failed overnight,SW:Internal,"Miller, Susan",102.0,Critical,1.0
T20260116.0001,Backup job failed overnight,Low,Low,Triage,4,T20260129.0009,Backup job failed overnight,SW:Internal,"Anderson, Scott",51.5,Critical,1.0
T20260116.0001,Backup job failed overnight,Low,Low,Triage,5,T20251202.0004,Backup job failed overnight,SW:Change,"Taylor, Mark",188.0,Critical,1.0
T20260213.0001,Zoom meeting room setup,Medium,Service Request,SW:Support,1,T20251209.0009,Zoom meeting room setup,SW:Support,"Taylor, Mark",33.5,Low,1.0
T20260213.0001,Zoom meeting room setup,Medium,Service Request,SW:Support,2,T20260119.0014,Zoom meeting room setup,IT:Change,"Taylor, Mark",57.0,Low,1.0
T20260213.0001,Zoom meeting room setup,Medium,Service Request,SW:Support,3,T20260124.0006,Zoom meeting room setup,IT:Change,"Anderson, Scott",92.5,Low,1.0
T20260213.0001,Zoom meeting room setup,Medium,Service Request,SW:Support,4,T20260110.0012,Zoom meeting room setup,SW:Internal,"Moore, James",81.0,Low,1.0
T20260213.0001,Zoom meeting room setup,Medium,Service Request,SW:Support,5,T20260105.0003,Zoom meeting room setup,Triage,"Anderson, Scott",137.0,Low,1.0
T20260130.0002,Need access to CRM application,Critical,Service Request,IT:Hardware,1,T20260114.0005,Need access to CRM application,SW:Defect,"Miller, Susan",107.5,Low,1.0
T20260130.0002,Need access to CRM application,Critical,Service Request,IT:Hardware,2,T20251209.0010,Need access to CRM application,SW:Support,"Anderson, Scott",221.5,Low,1.0
T20260130.0002,Need access to CRM application,Critical,Service Request,IT:Hardware,3,T20260301.0007,Need access to CRM application,IT:Hardware,"Moore, James",233.0,Low,1.0
T20260130.0002,Need access to CRM application,Critical,Service Request,IT:Hardware,4,T20260123.0003,Need access to CRM application,SW:Internal,"Anderson, Scott",75.0,Low,1.0
T20260130.0002,Need access to CRM application,Critical,Service Request,IT:Hardware,5,T20260119.0005,Need access to CRM application,Triage,"Moore, James",150.5,Low,1.0
T20251220.0001,Server room temperature alert,Critical,High,SW:Support,1,T20260101.0003,Server room temperature alert,SW:Change,"Anderson, Scott",226.0,Critical,1.0
T20251220.0001,Server room temperature alert,Critical,High,SW:Support,2,T20260113.0006,Server room temperature alert,IT:Applications,"Miller, Susan",184.5,Critical,1.0
T20251220.0001,Server room temperature alert,Critical,High,SW:Support,3,T20251224.0005,Server room temperature alert,IT:Applications,"Anderson, Scott",75.0,Critical,1.0
T20251220.0001,Server room temperature alert,Critical,High,SW:Support,4,T20260302.0008,Server room temperature alert,IT:Hardware,"Anderson, Scott",166.5,Critical,1.0
T20251220.0001,Server room temperature alert,Critical,High,SW:Support,5,T20260106.0010,Server room temperature alert,Triage,"Miller, Susan",138.5,Critical,1.0
T20260206.0002,Password reset request,Low,Service Request,SW:Change,1,T20251210.0013,Password reset request,IT:Hardware,"Taylor, Mark",190.5,Low,1.0
T20260206.0002,Password reset request,Low,Service Request,SW:Change,2,T20260218.0008,Password reset request,SW:Change,"Moore, James",128.0,Low,1.0
T20260206.0002,Password reset request,Low,Service Request,SW:Change,3,T20260226.0006,Password reset request,IT:Applications,"Miller, Susan",89.0,Low,1.0
T20260206.0002,Password reset request,Low,Service Request,SW:Change,4,T20260215.0014,Password reset request,SW:Defect,"Miller, Susan",11.0,Low,1.0
T20260206.0002,Password reset request,Low,Service Request,SW:Change,5,T20260223.0005,Password reset request,Triage,"Miller, Susan",29.0,Low,1.0
T20260203.0002,Shared drive access denied,Critical,Service Request,SW:Change,1,T20251207.0010,Shared drive access denied,SW:Change,"Moore, James",176.5,Medium,1.0
T20260203.0002,Shared drive access denied,Critical,Service Request,SW:Change,2,T20260302.0006,Shared drive access denied,SW:Internal,"Moore, James",51.0,Medium,1.0
T20260203.0002,Shared drive access denied,Critical,Service Request,SW:Change,3,T20251219.0006,Shared drive access denied,SW:Defect,"Anderson, Scott",144.0,Medium,1.0
T20260203.0002,Shared drive access denied,Critical,Service Request,SW:Change,4,T20260209.0013,Shared drive access denied,SW:Internal,"Taylor, Mark",55.5,Medium,1.0
T20260203.0002,Shared drive access denied,Critical,Service Request,SW:Change,5,T20260117.0006,Shared drive access denied,SW:Internal,"Anderson, Scott",156.0,Medium,1.0
T20260128.0002,Email bouncing back to external clients,Critical,Service Request,SW:Defect,1,T20260119.0001,Email bouncing back to external clients,Triage,"Moore, James",195.0,Critical,1.0
T20260128.0002,Email bouncing back to external clients,Critical,Service Request,SW:Defect,2,T20251209.0007,Email bouncing back to external clients,SW:Support,"Anderson, Scott",169.5,Critical,1.0
T20260128.0002,Email bouncing back to external clients,Critical,Service Request,SW:Defect,3,T20251226.0005,Email bouncing back to external clients,SW:Support,"Miller, Susan",137.0,Critical,1.0
T20260128.0002,Email bouncing back to external clients,Critical,Service Request,SW:Defect,4,T20260114.0007,Email bouncing back to external clients,SW:Internal,"Miller, Susan",29.0,Critical,1.0
T20260128.0002,Email bouncing back to external clients,Critical,Service Request,SW:Defect,5,T20251210.0005,Email bouncing back to external clients,IT:Hardware,"Taylor, Mark",100.5,Critical,1.0
T20251220.0003,New user account creation,Low,Service Request,IT:Hardware,1,T20251207.0003,New user account creation,SW:Defect,"Moore, James",40.5,Low,1.0
T20251220.0003,New user account creation,Low,Service Request,IT:Hardware,2,T20251209.0008,New user account creation,SW:Internal,"Miller, Susan",64.0,Low,1.0
T20251220.0003,New user account creation,Low,Service Request,IT:Hardware,3,T20260120.0007,New user account creation,IT:Change,"Taylor, Mark",88.5,Low,1.0
T20251220.0003,New user account creation,Low,Service Request,IT:Hardware,4,T20251204.0011,New user account creation,IT:Change,"Moore, James",47.0,Low,1.0
T20251220.0003,New user account creation,Low,Service Request,IT:Hardware,5,T20260131.0007,New user account creation,Triage,"Moore, James",174.5,Low,1.0
T20260206.0004,Windows update causing BSOD,Critical,Maintenance,IT:Hardware,1,T20260301.0006,Windows update causing BSOD,IT:Change,"Taylor, Mark",209.5,Critical,1.0
T20260206.0004,Windows update causing BSOD,Critical,Maintenance,IT:Hardware,2,T20251228.0006,Windows update causing BSOD,IT:Hardware,"Miller, Susan",42.5,Critical,1.0
T20260206.0004,Windows update causing BSOD,Critical,Maintenance,IT:Hardware,3,T20251222.0005,Windows update causing BSOD,IT:Hardware,"Moore, James",2.0,Critical,1.0
T20260206.0004,Windows update causing BSOD,Critical,Maintenance,IT:Hardware,4,T20260212.0016,Windows update causing BSOD,SW:Defect,"Moore, James",170.5,Critical,1.0
T20260206.0004,Windows update causing BSOD,Critical,Maintenance,IT:Hardware,5,T20251230.0011,Windows update causing BSOD,Triage,"Taylor, Mark",30.0,Critical,1.0
T20251226.0004,Laptop battery not holding charge,Medium,Medium,SW:Support,1,T20260112.0001,Laptop battery not holding charge,Triage,"Anderson, Scott",212.0,Medium,1.0
T20251226.0004,Laptop battery not holding charge,Medium,Medium,SW:Support,2,T20260218.0009,Laptop battery not holding charge,SW:Internal,"Miller, Susan",173.5,Medium,1.0
T20251226.0004,Laptop battery not holding charge,Medium,Medium,SW:Support,3,T20260209.0007,Laptop battery not holding charge,SW:Internal,"Taylor, Mark",37.5,Medium,1.0
T20251226.0004,Laptop battery not holding charge,Medium,Medium,SW:Support,4,T20260214.0003,Laptop battery not holding charge,IT:Change,"Miller, Susan",144.5,Medium,1.0
T20251226.0004,Laptop battery not holding charge,Medium,Medium,SW:Support,5,T20260124.0014,Laptop battery not holding charge,SW:Support,"Moore, James",47.5,Medium,1.0
T20260209.0004,QuickBooks not launching after update,High,Maintenance,IT:Applications,1,T20260102.0008,QuickBooks not launching after update,IT:Hardware,"Miller, Susan",76.0,Medium,1.0
T20260209.0004,QuickBooks not launching after update,High,Maintenance,IT:Applications,2,T20260106.0003,QuickBooks not launching after update,SW:Change,"Moore, James",11.0,Medium,1.0
T20260209.0004,QuickBooks not launching after update,High,Maintenance,IT:Applications,3,T20251221.0008,QuickBooks not launching after update,SW:Internal,"Anderson, Scott",55.0,Medium,1.0
T20260209.0004,QuickBooks not launching after update,High,Maintenance,IT:Applications,4,T20260219.0007,QuickBooks not launching after update,IT:Hardware,"Moore, James",93.0,Medium,1.0
T20260209.0004,QuickBooks not launching after update,High,Maintenance,IT:Applications,5,T20251203.0004,QuickBooks not launching after update,SW:Defect,"Taylor, Mark",150.0,Medium,1.0
T20260207.0005,New employee laptop setup,Critical,Service Request,IT:Hardware,1,T20260218.0006,New employee laptop setup,IT:Change,"Taylor, Mark",119.0,Low,1.0
T20260207.0005,New employee laptop setup,Critical,Service Request,IT:Hardware,2,T20260222.0006,New employee laptop setup,Triage,"Anderson, Scott",11.5,Low,1.0
T20260207.0005,New employee laptop setup,Critical,Service Request,IT:Hardware,3,T20251223.0007,New employee laptop setup,SW:Defect,"Moore, James",168.5,Low,1.0
T20260207.0005,New employee laptop setup,Critical,Service Request,IT:Hardware,4,T20251210.0006,New employee laptop setup,SW:Defect,"Anderson, Scott",5.0,Low,1.0
T20260207.0005,New employee laptop setup,Critical,Service Request,IT:Hardware,5,T20251225.0005,New employee laptop setup,SW:Internal,"Moore, James",87.0,Low,1.0
T20260101.0001,Wi-Fi connectivity issues in conference room B,Low,Low,Triage,1,T20260110.0007,Wi-Fi connectivity issues in conference room B,SW:Support,"Miller, Susan",173.0,Medium,1.0
T20260101.0001,Wi-Fi connectivity issues in conference room B,Low,Low,Triage,2,T20260110.0013,Wi-Fi connectivity issues in conference room B,Triage,"Anderson, Scott",160.0,Medium,1.0
T20260101.0001,Wi-Fi connectivity issues in conference room B,Low,Low,Triage,3,T20260128.0006,Wi-Fi connectivity issues in conference room B,SW:Change,"Anderson, Scott",121.0,Medium,1.0
T20260101.0001,Wi-Fi connectivity issues in conference room B,Low,Low,Triage,4,T20251212.0007,Wi-Fi connectivity issues in conference room B,SW:Change,"Anderson, Scott",175.0,Medium,1.0
T20260101.0001,Wi-Fi connectivity issues in conference room B,Low,Low,Triage,5,T20251217.0009,Wi-Fi connectivity issues in conference room B,SW:Defect,"Anderson, Scott",162.0,Medium,1.0
T20260226.0004,Server room temperature alert,High,High,SW:Defect,1,T20260101.0003,Server room temperature alert,SW:Change,"Anderson, Scott",226.0,Critical,1.0
T20260226.0004,Server room temperature alert,High,High,SW:Defect,2,T20260113.0006,Server room temperature alert,IT:Applications,"Miller, Susan",184.5,Critical,1.0
T20260226.0004,Server room temperature alert,High,High,SW:Defect,3,T20251224.0005,Server room temperature alert,IT:Applications,"Anderson, Scott",75.0,Critical,1.0
T20260226.0004,Server room temperature alert,High,High,SW:Defect,4,T20260302.0008,Server room temperature alert,IT:Hardware,"Anderson, Scott",166.5,Critical,1.0
T20260226.0004,Server room temperature alert,High,High,SW:Defect,5,T20260106.0010,Server room temperature alert,Triage,"Miller, Susan",138.5,Critical,1.0
T20260212.0001,Shared drive access denied,Low,Low,SW:Internal,1,T20251207.0010,Shared drive access denied,SW:Change,"Moore, James",176.5,Medium,1.0
T20260212.0001,Shared drive access denied,Low,Low,SW:Internal,2,T20260302.0006,Shared drive access denied,SW:Internal,"Moore, James",51.0,Medium,1.0
T20260212.0001,Shared drive access denied,Low,Low,SW:Internal,3,T20251219.0006,Shared drive access denied,SW:Defect,"Anderson, Scott",144.0,Medium,1.0
T20260212.0001,Shared drive access denied,Low,Low,SW:Internal,4,T20260209.0013,Shared drive access denied,SW:Internal,"Taylor, Mark",55.5,Medium,1.0
T20260212.0001,Shared drive access denied,Low,Low,SW:Internal,5,T20260117.0006,Shared drive access denied,SW:Internal,"Anderson, Scott",156.0,Medium,1.0
T20260228.0001,OneDrive sync errors,High,Service Request,IT:Change,1,T20260113.0013,OneDrive sync errors,SW:Support,"Anderson, Scott",84.5,Medium,1.0
T20260228.0001,OneDrive sync errors,High,Service Request,IT:Change,2,T20260222.0013,OneDrive sync errors,SW:Defect,"Miller, Susan",14.0,Medium,1.0
T20260228.0001,OneDrive sync errors,High,Service Request,IT:Change,3,T20251225.0003,OneDrive sync errors,IT:Hardware,"Taylor, Mark",97.0,Medium,1.0
T20260228.0001,OneDrive sync errors,High,Service Request,IT:Change,4,T20260110.0006,OneDrive sync errors,SW:Support,"Taylor, Mark",95.5,Medium,1.0
T20260228.0001,OneDrive sync errors,High,Service Request,IT:Change,5,T20260208.0008,OneDrive sync errors,Triage,"Taylor, Mark",217.0,Medium,1.0
T20251207.0001,Outlook not syncing emails,High,Service Request,IT:Hardware,1,T20260207.0003,Outlook not syncing emails,SW:Internal,"Anderson, Scott",157.5,Medium,1.0
T20251207.0001,Outlook not syncing emails,High,Service Request,IT:Hardware,2,T20260227.0015,Outlook not syncing emails,SW:Support,"Anderson, Scott",63.0,Medium,1.0
T20251207.0001,Outlook not syncing emails,High,Service Request,IT:Hardware,3,T20251208.0002,Outlook not syncing emails,SW:Change,"Anderson, Scott",105.5,Medium,1.0
T20251207.0001,Outlook not syncing emails,High,Service Request,IT:Hardware,4,T20251220.0008,Outlook not syncing emails,Triage,"Taylor, Mark",67.0,Medium,1.0
T20251207.0001,Outlook not syncing emails,High,Service Request,IT:Hardware,5,T20260225.0005,Outlook not syncing emails,Triage,"Miller, Susan",152.5,Medium,1.0
T20260206.0003,Teams calls have audio echo,High,High,Triage,1,T20251204.0021,Teams calls have audio echo,SW:Support,"Taylor, Mark",58.0,Medium,1.0
T20260206.0003,Teams calls have audio echo,High,High,Triage,2,T20251205.0015,Teams calls have audio echo,IT:Hardware,"Moore, James",11.5,Medium,1.0
T20260206.0003,Teams calls have audio echo,High,High,Triage,3,T20260211.0005,Teams calls have audio echo,SW:Support,"Moore, James",186.0,Medium,1.0
T20260206.0003,Teams calls have audio echo,High,High,Triage,4,T20251205.0008,Teams calls have audio echo,IT:Applications,"Miller, Susan",169.5,Medium,1.0
T20260206.0003,Teams calls have audio echo,High,High,Triage,5,T20260131.0004,Teams calls have audio echo,SW:Defect,"Anderson, Scott",132.0,Medium,1.0
T20260217.0003,Wi-Fi connectivity issues in conference room B,Low,Low,SW:Internal,1,T20260110.0007,Wi-Fi connectivity issues in conference room B,SW:Support,"Miller, Susan",173.0,Medium,1.0
T20260217.0003,Wi-Fi connectivity issues in conference room B,Low,Low,SW:Internal,2,T20260110.0013,Wi-Fi connectivity issues in conference room B,Triage,"Anderson, Scott",160.0,Medium,1.0
T20260217.0003,Wi-Fi connectivity issues in conference room B,Low,Low,SW:Internal,3,T20260128.0006,Wi-Fi connectivity issues in conference room B,SW:Change,"Anderson, Scott",121.0,Medium,1.0
T20260217.0003,Wi-Fi connectivity issues in conference room B,Low,Low,SW:Internal,4,T20251212.0007,Wi-Fi connectivity issues in conference room B,SW:Change,"Anderson, Scott",175.0,Medium,1.0
T20260217.0003,Wi-Fi connectivity issues in conference room B,Low,Low,SW:Internal,5,T20251217.0009,Wi-Fi connectivity issues in conference room B,SW:Defect,"Anderson, Scott",162.0,Medium,1.0
T20260126.0001,Printer jamming on 2nd floor,Low,Service Request,SW:Change,1,T20260206.0006,Printer jamming on 2nd floor,SW:Support,"Miller, Susan",53.5,Medium,1.0
T20260126.0001,Printer jamming on 2nd floor,Low,Service Request,SW:Change,2,T20260124.0009,Printer jamming on 2nd floor,Triage,"Miller, Susan",213.5,Medium,1.0
T20260126.0001,Printer jamming on 2nd floor,Low,Service Request,SW:Change,3,T20260205.0011,Printer jamming on 2nd floor,SW:Defect,"Anderson, Scott",48.5,Medium,1.0
T20260126.0001,Printer jamming on 2nd floor,Low,Service Request,SW:Change,4,T20251225.0004,Printer jamming on 2nd floor,IT:Hardware,"Anderson, Scott",151.5,Medium,1.0
T20260126.0001,Printer jamming on 2nd floor,Low,Service Request,SW:Change,5,T20251209.0006,Printer jamming on 2nd floor,IT:Change,"Anderson, Scott",6.5,Medium,1.0
T20260130.0001,Laptop battery not holding charge,High,High,SW:Defect,1,T20260112.0001,Laptop battery not holding charge,Triage,"Anderson, Scott",212.0,Medium,1.0
T20260130.0001,Laptop battery not holding charge,High,High,SW:Defect,2,T20260218.0009,Laptop battery not holding charge,SW:Internal,"Miller, Susan",173.5,Medium,1.0
T20260130.0001,Laptop battery not holding charge,High,High,SW:Defect,3,T20260209.0007,Laptop battery not holding charge,SW:Internal,"Taylor, Mark",37.5,Medium,1.0
T20260130.0001,Laptop battery not holding charge,High,High,SW:Defect,4,T20260214.0003,Laptop battery not holding charge,IT:Change,"Miller, Susan",144.5,Medium,1.0
T20260130.0001,Laptop battery not holding charge,High,High,SW:Defect,5,T20260124.0014,Laptop battery not holding charge,SW:Support,"Moore, James",47.5,Medium,1.0
T20251203.0001,Desk phone not receiving calls,Critical,Service Request,SW:Defect,1,T20251231.0005,Desk phone not receiving calls,Triage,"Moore, James",207.5,Medium,1.0
T20251203.0001,Desk phone not receiving calls,Critical,Service Request,SW:Defect,2,T20260220.0009,Desk phone not receiving calls,SW:Internal,"Anderson, Scott",84.0,Medium,1.0
T20251203.0001,Desk phone not receiving calls,Critical,Service Request,SW:Defect,3,T20251221.0006,Desk phone not receiving calls,Triage,"Moore, James",150.0,Medium,1.0
T20251203.0001,Desk phone not receiving calls,Critical,Service Request,SW:Defect,4,T20260127.0006,Desk phone not receiving calls,IT:Applications,"Moore, James",113.0,Medium,1.0
T20251203.0001,Desk phone not receiving calls,Critical,Service Request,SW:Defect,5,T20260205.0005,Desk phone not receiving calls,IT:Change,"Taylor, Mark",56.0,Medium,1.0
T20260122.0001,OneDrive sync errors,Medium,Medium,IT:Hardware,1,T20260113.0013,OneDrive sync errors,SW:Support,"Anderson, Scott",84.5,Medium,1.0
T20260122.0001,OneDrive sync errors,Medium,Medium,IT:Hardware,2,T20260222.0013,OneDrive sync errors,SW:Defect,"Miller, Susan",14.0,Medium,1.0
T20260122.0001,OneDrive sync errors,Medium,Medium,IT:Hardware,3,T20251225.0003,OneDrive sync errors,IT:Hardware,"Taylor, Mark",97.0,Medium,1.0
T20260122.0001,OneDrive sync errors,Medium,Medium,IT:Hardware,4,T20260110.0006,OneDrive sync errors,SW:Support,"Taylor, Mark",95.5,Medium,1.0
T20260122.0001,OneDrive sync errors,Medium,Medium,IT:Hardware,5,T20260208.0008,OneDrive sync errors,Triage,"Taylor, Mark",217.0,Medium,1.0
T20251230.0003,Laptop battery not holding charge,High,Service Request,SW:Defect,1,T20260112.0001,Laptop battery not holding charge,Triage,"Anderson, Scott",212.0,Medium,1.0
T20251230.0003,Laptop battery not holding charge,High,Service Request,SW:Defect,2,T20260218.0009,Laptop battery not holding charge,SW:Internal,"Miller, Susan",173.5,Medium,1.0
T20251230.0003,Laptop battery not holding charge,High,Service Request,SW:Defect,3,T20260209.0007,Laptop battery not holding charge,SW:Internal,"Taylor, Mark",37.5,Medium,1.0
T20251230.0003,Laptop battery not holding charge,High,Service Request,SW:Defect,4,T20260214.0003,Laptop battery not holding charge,IT:Change,"Miller, Susan",144.5,Medium,1.0
T20251230.0003,Laptop battery not holding charge,High,Service Request,SW:Defect,5,T20260124.0014,Laptop battery not holding charge,SW:Support,"Moore, James",47.5,Medium,1.0
T20251209.0002,Software license expired for Adobe Acrobat,Critical,Service Request,SW:Change,1,T20260204.0006,Software license expired for Adobe Acrobat,IT:Applications,"Moore, James",1.0,Low,1.0
T20251209.0002,Software license expired for Adobe Acrobat,Critical,Service Request,SW:Change,2,T20260102.0002,Software license expired for Adobe Acrobat,SW:Defect,"Taylor, Mark",127.0,Low,1.0
T20251209.0002,Software license expired for Adobe Acrobat,Critical,Service Request,SW:Change,3,T20260129.0006,Software license expired for Adobe Acrobat,SW:Internal,"Miller, Susan",169.0,Low,1.0
T20251209.0002,Software license expired for Adobe Acrobat,Critical,Service Request,SW:Change,4,T20260114.0011,Software license expired for Adobe Acrobat,IT:Hardware,"Moore, James",111.0,Low,1.0
T20251209.0002,Software license expired for Adobe Acrobat,Critical,Service Request,SW:Change,5,T20251231.0010,Software license expired for Adobe Acrobat,Triage,"Moore, James",168.5,Low,1.0
T20260209.0003,Software license expired for Adobe Acrobat,Critical,Service Request,SW:Defect,1,T20260204.0006,Software license expired for Adobe Acrobat,IT:Applications,"Moore, James",1.0,Low,1.0
T20260209.0003,Software license expired for Adobe Acrobat,Critical,Service Request,SW:Defect,2,T20260102.0002,Software license expired for Adobe Acrobat,SW:Defect,"Taylor, Mark",127.0,Low,1.0
T20260209.0003,Software license expired for Adobe Acrobat,Critical,Service Request,SW:Defect,3,T20260129.0006,Software license expired for Adobe Acrobat,SW:Internal,"Miller, Susan",169.0,Low,1.0
T20260209.0003,Software license expired for Adobe Acrobat,Critical,Service Request,SW:Defect,4,T20260114.0011,Software license expired for Adobe Acrobat,IT:Hardware,"Moore, James",111.0,Low,1.0
T20260209.0003,Software license expired for Adobe Acrobat,Critical,Service Request,SW:Defect,5,T20251231.0010,Software license expired for Adobe Acrobat,Triage,"Moore, James",168.5,Low,1.0
T20260124.0002,Password reset request,Critical,Service Request,IT:Applications,1,T20251210.0013,Password reset request,IT:Hardware,"Taylor, Mark",190.5,Low,1.0
T20260124.0002,Password reset request,Critical,Service Request,IT:Applications,2,T20260218.0008,Password reset request,SW:Change,"Moore, James",128.0,Low,1.0
T20260124.0002,Password reset request,Critical,Service Request,IT:Applications,3,T20260226.0006,Password reset request,IT:Applications,"Miller, Susan",89.0,Low,1.0
T20260124.0002,Password reset request,Critical,Service Request,IT:Applications,4,T20260215.0014,Password reset request,SW:Defect,"Miller, Susan",11.0,Low,1.0
T20260124.0002,Password reset request,Critical,Service Request,IT:Applications,5,T20260223.0005,Password reset request,Triage,"Miller, Susan",29.0,Low,1.0
T20260218.0004,Internet speed slow at branch office,Critical,High,SW:Support,1,T20260219.0004,Internet speed slow at branch office,SW:Support,"Moore, James",156.0,High,1.0
T20260218.0004,Internet speed slow at branch office,Critical,High,SW:Support,2,T20260220.0006,Internet speed slow at branch office,SW:Internal,"Taylor, Mark",82.5,High,1.0
T20260218.0004,Internet speed slow at branch office,Critical,High,SW:Support,3,T20260102.0006,Internet speed slow at branch office,SW:Internal,"Miller, Susan",201.5,High,1.0
T20260218.0004,Internet speed slow at branch office,Critical,High,SW:Support,4,T20260221.0007,Internet speed slow at branch office,SW:Support,"Miller, Susan",48.5,High,1.0
T20260218.0004,Internet speed slow at branch office,Critical,High,SW:Support,5,T20251215.0007,Internet speed slow at branch office,IT:Applications,"Miller, Susan",105.5,High,1.0
T20251204.0004,Printer jamming on 2nd floor,Critical,High,Triage,1,T20260206.0006,Printer jamming on 2nd floor,SW:Support,"Miller, Susan",53.5,Medium,1.0
T20251204.0004,Printer jamming on 2nd floor,Critical,High,Triage,2,T20260124.0009,Printer jamming on 2nd floor,Triage,"Miller, Susan",213.5,Medium,1.0
T20251204.0004,Printer jamming on 2nd floor,Critical,High,Triage,3,T20260205.0011,Printer jamming on 2nd floor,SW:Defect,"Anderson, Scott",48.5,Medium,1.0
T20251204.0004,Printer jamming on 2nd floor,Critical,High,Triage,4,T20251225.0004,Printer jamming on 2nd floor,IT:Hardware,"Anderson, Scott",151.5,Medium,1.0
T20251204.0004,Printer jamming on 2nd floor,Critical,High,Triage,5,T20251209.0006,Printer jamming on 2nd floor,IT:Change,"Anderson, Scott",6.5,Medium,1.0
T20260207.0004,File recovery request,High,Service Request,IT:Applications,1,T20260221.0011,File recovery request,IT:Applications,"Miller, Susan",126.0,Medium,1.0
T20260207.0004,File recovery request,High,Service Request,IT:Applications,2,T20251228.0007,File recovery request,IT:Applications,"Taylor, Mark",113.0,Medium,1.0
T20260207.0004,File recovery request,High,Service Request,IT:Applications,3,T20251215.0004,File recovery request,IT:Change,"Moore, James",68.0,Medium,1.0
T20260207.0004,File recovery request,High,Service Request,IT:Applications,4,T20260203.0009,File recovery request,SW:Defect,"Anderson, Scott",141.5,Medium,1.0
T20260207.0004,File recovery request,High,Service Request,IT:Applications,5,T20260107.0002,File recovery request,SW:Internal,"Miller, Susan",124.5,Medium,1.0
T20260211.0001,Printer jamming on 2nd floor,Low,Low,IT:Hardware,1,T20260206.0006,Printer jamming on 2nd floor,SW:Support,"Miller, Susan",53.5,Medium,1.0
T20260211.0001,Printer jamming on 2nd floor,Low,Low,IT:Hardware,2,T20260124.0009,Printer jamming on 2nd floor,Triage,"Miller, Susan",213.5,Medium,1.0
T20260211.0001,Printer jamming on 2nd floor,Low,Low,IT:Hardware,3,T20260205.0011,Printer jamming on 2nd floor,SW:Defect,"Anderson, Scott",48.5,Medium,1.0
T20260211.0001,Printer jamming on 2nd floor,Low,Low,IT:Hardware,4,T20251225.0004,Printer jamming on 2nd floor,IT:Hardware,"Anderson, Scott",151.5,Medium,1.0
T20260211.0001,Printer jamming on 2nd floor,Low,Low,IT:Hardware,5,T20251209.0006,Printer jamming on 2nd floor,IT:Change,"Anderson, Scott",6.5,Medium,1.0
T20120603.0003,"Email just in, printer is down.",High,High,IT:Hardware,1,T20260125.0011,Network printer offline,IT:Change,"Taylor, Mark",73.0,High,0.2918
T20120603.0003,"Email just in, printer is down.",High,High,IT:Hardware,2,T20260302.0003,Network printer offline,SW:Change,"Miller, Susan",235.0,High,0.2918
T20120603.0003,"Email just in, printer is down.",High,High,IT:Hardware,3,T20260127.0004,Network printer offline,IT:Applications,"Anderson, Scott",96.0,High,0.2918
T20120603.0003,"Email just in, printer is down.",High,High,IT:Hardware,4,T20251222.0008,Network printer offline,SW:Support,"Miller, Susan",45.5,High,0.2918
T20120603.0003,"Email just in, printer is down.",High,High,IT:Hardware,5,T20251227.0007,Network printer offline,IT:Hardware,"Taylor, Mark",222.5,High,0.2918
T20260110.0001,Suspicious phishing email reported,Critical,High,IT:Hardware,1,T20260212.0010,Suspicious phishing email reported,IT:Applications,"Anderson, Scott",141.0,High,1.0
T20260110.0001,Suspicious phishing email reported,Critical,High,IT:Hardware,2,T20260104.0010,Suspicious phishing email reported,SW:Defect,"Anderson, Scott",0.5,High,1.0
T20260110.0001,Suspicious phishing email reported,Critical,High,IT:Hardware,3,T20251230.0008,Suspicious phishing email reported,IT:Change,"Moore, James",134.5,High,1.0
T20260110.0001,Suspicious phishing email reported,Critical,High,IT:Hardware,4,T20260218.0010,Suspicious phishing email reported,SW:Change,"Moore, James",15.0,High,1.0
T20260110.0001,Suspicious phishing email reported,Critical,High,IT:Hardware,5,T20251206.0007,Suspicious phishing email reported,SW:Support,"Miller, Susan",115.5,High,1.0
T20260208.0003,Outlook not syncing emails,Medium,Service Request,SW:Support,1,T20260207.0003,Outlook not syncing emails,SW:Internal,"Anderson, Scott",157.5,Medium,1.0
T20260208.0003,Outlook not syncing emails,Medium,Service Request,SW:Support,2,T20260227.0015,Outlook not syncing emails,SW:Support,"Anderson, Scott",63.0,Medium,1.0
T20260208.0003,Outlook not syncing emails,Medium,Service Request,SW:Support,3,T20251208.0002,Outlook not syncing emails,SW:Change,"Anderson, Scott",105.5,Medium,1.0
T20260208.0003,Outlook not syncing emails,Medium,Service Request,SW:Support,4,T20251220.0008,Outlook not syncing emails,Triage,"Taylor, Mark",67.0,Medium,1.0
T20260208.0003,Outlook not syncing emails,Medium,Service Request,SW:Support,5,T20260225.0005,Outlook not syncing emails,Triage,"Miller, Susan",152.5,Medium,1.0
T20260207.0001,Internet speed slow at branch office,Low,Low,IT:Hardware,1,T20260219.0004,Internet speed slow at branch office,SW:Support,"Moore, James",156.0,High,1.0
T20260207.0001,Internet speed slow at branch office,Low,Low,IT:Hardware,2,T20260220.0006,Internet speed slow at branch office,SW:Internal,"Taylor, Mark",82.5,High,1.0
T20260207.0001,Internet speed slow at branch office,Low,Low,IT:Hardware,3,T20260102.0006,Internet speed slow at branch office,SW:Internal,"Miller, Susan",201.5,High,1.0
T20260207.0001,Internet speed slow at branch office,Low,Low,IT:Hardware,4,T20260221.0007,Internet speed slow at branch office,SW:Support,"Miller, Susan",48.5,High,1.0
T20260207.0001,Internet speed slow at branch office,Low,Low,IT:Hardware,5,T20251215.0007,Internet speed slow at branch office,IT:Applications,"Miller, Susan",105.5,High,1.0
T20251205.0002,Network printer offline,Low,Service Request,SW:Internal,1,T20260115.0006,Network printer offline,SW:Internal,"Taylor, Mark",158.0,High,1.0
T20251205.0002,Network printer offline,Low,Service Request,SW:Internal,2,T20260302.0003,Network printer offline,SW:Change,"Miller, Susan",235.0,High,1.0
T20251205.0002,Network printer offline,Low,Service Request,SW:Internal,3,T20260127.0004,Network printer offline,IT:Applications,"Anderson, Scott",96.0,High,1.0
T20251205.0002,Network printer offline,Low,Service Request,SW:Internal,4,T20260101.0007,Network printer offline,SW:Support,"Anderson, Scott",122.5,High,1.0
T20251205.0002,Network printer offline,Low,Service Request,SW:Internal,5,T20251213.0005,Network printer offline,IT:Change,"Miller, Susan",48.5,High,1.0
T20260227.0002,Server room temperature alert,High,High,SW:Support,1,T20260101.0003,Server room temperature alert,SW:Change,"Anderson, Scott",226.0,Critical,1.0
T20260227.0002,Server room temperature alert,High,High,SW:Support,2,T20260113.0006,Server room temperature alert,IT:Applications,"Miller, Susan",184.5,Critical,1.0
T20260227.0002,Server room temperature alert,High,High,SW:Support,3,T20251224.0005,Server room temperature alert,IT:Applications,"Anderson, Scott",75.0,Critical,1.0
T20260227.0002,Server room temperature alert,High,High,SW:Support,4,T20260302.0008,Server room temperature alert,IT:Hardware,"Anderson, Scott",166.5,Critical,1.0
T20260227.0002,Server room temperature alert,High,High,SW:Support,5,T20260106.0010,Server room temperature alert,Triage,"Miller, Susan",138.5,Critical,1.0
T20251221.0002,Zoom meeting room setup,Medium,Service Request,IT:Change,1,T20251209.0009,Zoom meeting room setup,SW:Support,"Taylor, Mark",33.5,Low,1.0
T20251221.0002,Zoom meeting room setup,Medium,Service Request,IT:Change,2,T20260119.0014,Zoom meeting room setup,IT:Change,"Taylor, Mark",57.0,Low,1.0
T20251221.0002,Zoom meeting room setup,Medium,Service Request,IT:Change,3,T20260124.0006,Zoom meeting room setup,IT:Change,"Anderson, Scott",92.5,Low,1.0
T20251221.0002,Zoom meeting room setup,Medium,Service Request,IT:Change,4,T20260110.0012,Zoom meeting room setup,SW:Internal,"Moore, James",81.0,Low,1.0
T20251221.0002,Zoom meeting room setup,Medium,Service Request,IT:Change,5,T20260105.0003,Zoom meeting room setup,Triage,"Anderson, Scott",137.0,Low,1.0
T20260228.0004,Request for additional monitor,Critical,Service Request,Triage,1,T20260218.0007,Request for additional monitor,Triage,"Moore, James",80.0,Low,1.0
T20260228.0004,Request for additional monitor,Critical,Service Request,Triage,2,T20251224.0004,Request for additional monitor,IT:Hardware,"Anderson, Scott",64.0,Low,1.0
T20260228.0004,Request for additional monitor,Critical,Service Request,Triage,3,T20260220.0014,Request for additional monitor,SW:Defect,"Miller, Susan",107.5,Low,1.0
T20260228.0004,Request for additional monitor,Critical,Service Request,Triage,4,T20260104.0006,Request for additional monitor,SW:Change,"Miller, Susan",26.0,Low,1.0
T20260228.0004,Request for additional monitor,Critical,Service Request,Triage,5,T20260116.0016,Request for additional monitor,SW:Internal,"Anderson, Scott",174.0,Low,1.0
T20260121.0002,Internet speed slow at branch office,Medium,Service Request,Triage,1,T20260219.0004,Internet speed slow at branch office,SW:Support,"Moore, James",156.0,High,1.0
T20260121.0002,Internet speed slow at branch office,Medium,Service Request,Triage,2,T20260220.0006,Internet speed slow at branch office,SW:Internal,"Taylor, Mark",82.5,High,1.0
T20260121.0002,Internet speed slow at branch office,Medium,Service Request,Triage,3,T20260102.0006,Internet speed slow at branch office,SW:Internal,"Miller, Susan",201.5,High,1.0
T20260121.0002,Internet speed slow at branch office,Medium,Service Request,Triage,4,T20260221.0007,Internet speed slow at branch office,SW:Support,"Miller, Susan",48.5,High,1.0
T20260121.0002,Internet speed slow at branch office,Medium,Service Request,Triage,5,T20251215.0007,Internet speed slow at branch office,IT:Applications,"Miller, Susan",105.5,High,1.0
T20260205.0003,Printer jamming on 2nd floor,Critical,Service Request,IT:Change,1,T20260206.0006,Printer jamming on 2nd floor,SW:Support,"Miller, Susan",53.5,Medium,1.0
T20260205.0003,Printer jamming on 2nd floor,Critical,Service Request,IT:Change,2,T20260124.0009,Printer jamming on 2nd floor,Triage,"Miller, Susan",213.5,Medium,1.0
T20260205.0003,Printer jamming on 2nd floor,Critical,Service Request,IT:Change,3,T20260205.0011,Printer jamming on 2nd floor,SW:Defect,"Anderson, Scott",48.5,Medium,1.0
T20260205.0003,Printer jamming on 2nd floor,Critical,Service Request,IT:Change,4,T20251225.0004,Printer jamming on 2nd floor,IT:Hardware,"Anderson, Scott",151.5,Medium,1.0
T20260205.0003,Printer jamming on 2nd floor,Critical,Service Request,IT:Change,5,T20251209.0006,Printer jamming on 2nd floor,IT:Change,"Anderson, Scott",6.5,Medium,1.0
T20251228.0001,Server room temperature alert,High,High,Triage,1,T20260101.0003,Server room temperature alert,SW:Change,"Anderson, Scott",226.0,Critical,1.0
T20251228.0001,Server room temperature alert,High,High,Triage,2,T20260113.0006,Server room temperature alert,IT:Applications,"Miller, Susan",184.5,Critical,1.0
T20251228.0001,Server room temperature alert,High,High,Triage,3,T20251224.0005,Server room temperature alert,IT:Applications,"Anderson, Scott",75.0,Critical,1.0
T20251228.0001,Server room temperature alert,High,High,Triage,4,T20260302.0008,Server room temperature alert,IT:Hardware,"Anderson, Scott",166.5,Critical,1.0
T20251228.0001,Server room temperature alert,High,High,Triage,5,T20260106.0010,Server room temperature alert,Triage,"Miller, Susan",138.5,Critical,1.0
T20260106.0002,Software license expired for Adobe Acrobat,Medium,Service Request,Triage,1,T20260204.0006,Software license expired for Adobe Acrobat,IT:Applications,"Moore, James",1.0,Low,1.0
T20260106.0002,Software license expired for Adobe Acrobat,Medium,Service Request,Triage,2,T20260102.0002,Software license expired for Adobe Acrobat,SW:Defect,"Taylor, Mark",127.0,Low,1.0
T20260106.0002,Software license expired for Adobe Acrobat,Medium,Service Request,Triage,3,T20260129.0006,Software license expired for Adobe Acrobat,SW:Internal,"Miller, Susan",169.0,Low,1.0
T20260106.0002,Software license expired for Adobe Acrobat,Medium,Service Request,Triage,4,T20260114.0011,Software license expired for Adobe Acrobat,IT:Hardware,"Moore, James",111.0,Low,1.0
T20260106.0002,Software license expired for Adobe Acrobat,Medium,Service Request,Triage,5,T20251231.0010,Software license expired for Adobe Acrobat,Triage,"Moore, James",168.5,Low,1.0
T20120604.0007,Install Symantec EP,Low,Service Request,IT:Applications,1,T20260216.0012,Request to install project management software,IT:Hardware,"Anderson, Scott",120.0,Low,0.1646
T20120604.0007,Install Symantec EP,Low,Service Request,IT:Applications,2,T20260125.0005,Request to install project management software,SW:Internal,"Taylor, Mark",100.0,Low,0.1646
T20120604.0007,Install Symantec EP,Low,Service Request,IT:Applications,3,T20260208.0006,Request to install project management software,SW:Support,"Miller, Susan",4.5,Low,0.1646
T20120604.0007,Install Symantec EP,Low,Service Request,IT:Applications,4,T20260104.0002,Request to install project management software,SW:Defect,"Miller, Susan",43.5,Low,0.1646
T20120604.0007,Install Symantec EP,Low,Service Request,IT:Applications,5,T20260216.0003,Request to install project management software,SW:Internal,"Moore, James",24.5,Low,0.1646
T20260304.0001,cpu damaged,Critical,High,IT:Hardware,1,T20260113.0013,OneDrive sync errors,SW:Support,"Anderson, Scott",84.5,Medium,0.0
T20260304.0001,cpu damaged,Critical,High,IT:Hardware,2,T20251210.0014,Monitor flickering on docking station,IT:Change,"Taylor, Mark",124.0,Medium,0.0
T20260304.0001,cpu damaged,Critical,High,IT:Hardware,3,T20251231.0012,Backup job failed overnight,IT:Change,"Taylor, Mark",232.5,Critical,0.0
T20260304.0001,cpu damaged,Critical,High,IT:Hardware,4,T20251230.0013,New employee laptop setup,SW:Internal,"Anderson, Scott",156.5,Low,0.0
T20260304.0001,cpu damaged,Critical,High,IT:Hardware,5,T20260126.0007,VPN connection drops intermittently,SW:Defect,"Taylor, Mark",19.0,High,0.0
T20120604.0004,Opportunity Closed:[Cloud Application],Medium,Medium,,1,T20260207.0003,Outlook not syncing emails,SW:Internal,"Anderson, Scott",157.5,Medium,0.1925
T20120604.0004,Opportunity Closed:[Cloud Application],Medium,Medium,,2,T20260111.0005,Outlook not syncing emails,SW:Defect,"Moore, James",234.5,Medium,0.1925
T20120604.0004,Opportunity Closed:[Cloud Application],Medium,Medium,,3,T20260210.0002,Outlook not syncing emails,SW:Internal,"Taylor, Mark",130.5,Medium,0.1925
T20120604.0004,Opportunity Closed:[Cloud Application],Medium,Medium,,4,T20260227.0015,Outlook not syncing emails,SW:Support,"Anderson, Scott",63.0,Medium,0.1925
T20120604.0004,Opportunity Closed:[Cloud Application],Medium,Medium,,5,T20251208.0002,Outlook not syncing emails,SW:Change,"Anderson, Scott",105.5,Medium,0.1925
T20120604.0010,Software Upgrade,Medium,Maintenance,Triage,1,T20260211.0006,Request to install project management software,SW:Change,"Anderson, Scott",222.5,Low,0.1458
T20120604.0010,Software Upgrade,Medium,Maintenance,Triage,2,T20260227.0011,Request to install project management software,SW:Change,"Anderson, Scott",170.0,Low,0.1458
T20120604.0010,Software Upgrade,Medium,Maintenance,Triage,3,T20260129.0007,Request to install project management software,Triage,"Taylor, Mark",216.5,Low,0.1458
T20120604.0010,Software Upgrade,Medium,Maintenance,Triage,4,T20251217.0005,Request to install project management software,SW:Internal,"Anderson, Scott",36.5,Low,0.1458
T20120604.0010,Software Upgrade,Medium,Maintenance,Triage,5,T20260111.0006,Request to install project management software,Triage,"Anderson, Scott",166.5,Low,0.1458
T20120529.0001,Customer defect with provisioning,High,High,SW:Defect,1,T20260113.0013,OneDrive sync errors,SW:Support,"Anderson, Scott",84.5,Medium,0.0
T20120529.0001,Customer defect with provisioning,High,High,SW:Defect,2,T20251210.0014,Monitor flickering on docking station,IT:Change,"Taylor, Mark",124.0,Medium,0.0
T20120529.0001,Customer defect with provisioning,High,High,SW:Defect,3,T20251231.0012,Backup job failed overnight,IT:Change,"Taylor, Mark",232.5,Critical,0.0
T20120529.0001,Customer defect with provisioning,High,High,SW:Defect,4,T20251230.0013,New employee laptop setup,SW:Internal,"Anderson, Scott",156.5,Low,0.0
T20120529.0001,Customer defect with provisioning,High,High,SW:Defect,5,T20260126.0007,VPN connection drops intermittently,SW:Defect,"Taylor, Mark",19.0,High,0.0
T20120531.0003,Documentation Updating required,Low,Maintenance,SW:Support,1,T20260125.0004,QuickBooks not launching after update,SW:Internal,"Taylor, Mark",164.5,Medium,0.3395
T20120531.0003,Documentation Updating required,Low,Maintenance,SW:Support,2,T20260212.0012,QuickBooks not launching after update,SW:Defect,"Moore, James",108.0,Medium,0.3395
T20120531.0003,Documentation Updating required,Low,Maintenance,SW:Support,3,T20260219.0007,QuickBooks not launching after update,IT:Hardware,"Moore, James",93.0,Medium,0.3395
T20120531.0003,Documentation Updating required,Low,Maintenance,SW:Support,4,T20251216.0006,QuickBooks not launching after update,SW:Change,"Moore, James",166.5,Medium,0.3395
T20120531.0003,Documentation Updating required,Low,Maintenance,SW:Support,5,T20260104.0008,QuickBooks not launching after update,SW:Internal,"Taylor, Mark",27.5,Medium,0.3395
T20120530.0003,Review security audit logs,Medium,Medium,SW:Support,1,T20260203.0004,Email bouncing back to external clients,SW:Change,"Moore, James",154.0,Critical,0.1319
T20120530.0003,Review security audit logs,Medium,Medium,SW:Support,2,T20260126.0003,Email bouncing back to external clients,IT:Applications,"Taylor, Mark",8.0,Critical,0.1319
T20120530.0003,Review security audit logs,Medium,Medium,SW:Support,3,T20251211.0004,Email bouncing back to external clients,SW:Change,"Moore, James",212.5,Critical,0.1319
T20120530.0003,Review security audit logs,Medium,Medium,SW:Support,4,T20251228.0003,Email bouncing back to external clients,SW:Internal,"Taylor, Mark",110.0,Critical,0.1319
T20120530.0003,Review security audit logs,Medium,Medium,SW:Support,5,T20251209.0011,Email bouncing back to external clients,SW:Change,"Miller, Susan",41.5,Critical,0.1319
T20120604.0003.001,Customer experience weekly checkup,Low,Low,SW:Support,1,T20260222.0006,New employee laptop setup,Triage,"Anderson, Scott",11.5,Low,0.2362
T20120604.0003.001,Customer experience weekly checkup,Low,Low,SW:Support,2,T20260218.0006,New employee laptop setup,IT:Change,"Taylor, Mark",119.0,Low,0.2362
T20120604.0003.001,Customer experience weekly checkup,Low,Low,SW:Support,3,T20251216.0007,New employee laptop setup,SW:Change,"Anderson, Scott",23.0,Low,0.2362
T20120604.0003.001,Customer experience weekly checkup,Low,Low,SW:Support,4,T20251225.0008,New employee laptop setup,SW:Support,"Taylor, Mark",102.5,Low,0.2362
T20120604.0003.001,Customer experience weekly checkup,Low,Low,SW:Support,5,T20260225.0010,New employee laptop setup,SW:Support,"Anderson, Scott",152.0,Low,0.2362
T20120604.0003.002,Customer experience weekly checkup,Low,Low,SW:Support,1,T20260222.0006,New employee laptop setup,Triage,"Anderson, Scott",11.5,Low,0.2362
T20120604.0003.002,Customer experience weekly checkup,Low,Low,SW:Support,2,T20260218.0006,New employee laptop setup,IT:Change,"Taylor, Mark",119.0,Low,0.2362
T20120604.0003.002,Customer experience weekly checkup,Low,Low,SW:Support,3,T20251216.0007,New employee laptop setup,SW:Change,"Anderson, Scott",23.0,Low,0.2362
T20120604.0003.002,Customer experience weekly checkup,Low,Low,SW:Support,4,T20251225.0008,New employee laptop setup,SW:Support,"Taylor, Mark",102.5,Low,0.2362
T20120604.0003.002,Customer experience weekly checkup,Low,Low,SW:Support,5,T20260225.0010,New employee laptop setup,SW:Support,"Anderson, Scott",152.0,Low,0.2362
T20120604.0003.003,Customer experience weekly checkup,Low,Low,SW:Support,1,T20260222.0006,New employee laptop setup,Triage,"Anderson, Scott",11.5,Low,0.2362
T20120604.0003.003,Customer experience weekly checkup,Low,Low,SW:Support,2,T20260218.0006,New employee laptop setup,IT:Change,"Taylor, Mark",119.0,Low,0.2362
T20120604.0003.003,Customer experience weekly checkup,Low,Low,SW:Support,3,T20251216.0007,New employee laptop setup,SW:Change,"Anderson, Scott",23.0,Low,0.2362
T20120604.0003.003,Customer experience weekly checkup,Low,Low,SW:Support,4,T20251225.0008,New employee laptop setup,SW:Support,"Taylor, Mark",102.5,Low,0.2362
T20120604.0003.003,Customer experience weekly checkup,Low,Low,SW:Support,5,T20260225.0010,New employee laptop setup,SW:Support,"Anderson, Scott",152.0,Low,0.2362
T20120604.0003.004,Customer experience weekly checkup,Low,Low,SW:Support,1,T20260222.0006,New employee laptop setup,Triage,"Anderson, Scott",11.5,Low,0.2362
T20120604.0003.004,Customer experience weekly checkup,Low,Low,SW:Support,2,T20260218.0006,New employee laptop setup,IT:Change,"Taylor, Mark",119.0,Low,0.2362
T20120604.0003.004,Customer experience weekly checkup,Low,Low,SW:Support,3,T20251216.0007,New employee laptop setup,SW:Change,"Anderson, Scott",23.0,Low,0.2362
T20120604.0003.004,Customer experience weekly checkup,Low,Low,SW:Support,4,T20251225.0008,New employee laptop setup,SW:Support,"Taylor, Mark",102.5,Low,0.2362
T20120604.0003.004,Customer experience weekly checkup,Low,Low,SW:Support,5,T20260225.0010,New employee laptop setup,SW:Support,"Anderson, Scott",152.0,Low,0.2362
T20120604.0003.005,Customer experience weekly checkup,Low,Low,SW:Support,1,T20260222.0006,New employee laptop setup,Triage,"Anderson, Scott",11.5,Low,0.2362
T20120604.0003.005,Customer experience weekly checkup,Low,Low,SW:Support,2,T20260218.0006,New employee laptop setup,IT:Change,"Taylor, Mark",119.0,Low,0.2362
T20120604.0003.005,Customer experience weekly checkup,Low,Low,SW:Support,3,T20251216.0007,New employee laptop setup,SW:Change,"Anderson, Scott",23.0,Low,0.2362
T20120604.0003.005,Customer experience weekly checkup,Low,Low,SW:Support,4,T20251225.0008,New employee laptop setup,SW:Support,"Taylor, Mark",102.5,Low,0.2362
T20120604.0003.005,Customer experience weekly checkup,Low,Low,SW:Support,5,T20260225.0010,New employee laptop setup,SW:Support,"Anderson, Scott",152.0,Low,0.2362
T20120604.0003.006,Customer experience weekly checkup,Low,Low,SW:Support,1,T20260222.0006,New employee laptop setup,Triage,"Anderson, Scott",11.5,Low,0.2362
T20120604.0003.006,Customer experience weekly checkup,Low,Low,SW:Support,2,T20260218.0006,New employee laptop setup,IT:Change,"Taylor, Mark",119.0,Low,0.2362
T20120604.0003.006,Customer experience weekly checkup,Low,Low,SW:Support,3,T20251216.0007,New employee laptop setup,SW:Change,"Anderson, Scott",23.0,Low,0.2362
T20120604.0003.006,Customer experience weekly checkup,Low,Low,SW:Support,4,T20251225.0008,New employee laptop setup,SW:Support,"Taylor, Mark",102.5,Low,0.2362
T20120604.0003.006,Customer experience weekly checkup,Low,Low,SW:Support,5,T20260225.0010,New employee laptop setup,SW:Support,"Anderson, Scott",152.0,Low,0.2362
T20120604.0003.007,Customer experience weekly checkup,Low,Low,SW:Support,1,T20260222.0006,New employee laptop setup,Triage,"Anderson, Scott",11.5,Low,0.2362
T20120604.0003.007,Customer experience weekly checkup,Low,Low,SW:Support,2,T20260218.0006,New employee laptop setup,IT:Change,"Taylor, Mark",119.0,Low,0.2362
T20120604.0003.007,Customer experience weekly checkup,Low,Low,SW:Support,3,T20251216.0007,New employee laptop setup,SW:Change,"Anderson, Scott",23.0,Low,0.2362
T20120604.0003.007,Customer experience weekly checkup,Low,Low,SW:Support,4,T20251225.0008,New employee laptop setup,SW:Support,"Taylor, Mark",102.5,Low,0.2362
T20120604.0003.007,Customer experience weekly checkup,Low,Low,SW:Support,5,T20260225.0010,New employee laptop setup,SW:Support,"Anderson, Scott",152.0,Low,0.2362
T20120604.0003.008,Customer experience weekly checkup,Low,Low,SW:Support,1,T20260222.0006,New employee laptop setup,Triage,"Anderson, Scott",11.5,Low,0.2362
T20120604.0003.008,Customer experience weekly checkup,Low,Low,SW:Support,2,T20260218.0006,New employee laptop setup,IT:Change,"Taylor, Mark",119.0,Low,0.2362
T20120604.0003.008,Customer experience weekly checkup,Low,Low,SW:Support,3,T20251216.0007,New employee laptop setup,SW:Change,"Anderson, Scott",23.0,Low,0.2362
T20120604.0003.008,Customer experience weekly checkup,Low,Low,SW:Support,4,T20251225.0008,New employee laptop setup,SW:Support,"Taylor, Mark",102.5,Low,0.2362
T20120604.0003.008,Customer experience weekly checkup,Low,Low,SW:Support,5,T20260225.0010,New employee laptop setup,SW:Support,"Anderson, Scott",152.0,Low,0.2362
T20120604.0003.009,Customer experience weekly checkup,Low,Low,SW:Support,1,T20260222.0006,New employee laptop setup,Triage,"Anderson, Scott",11.5,Low,0.2362
T20120604.0003.009,Customer experience weekly checkup,Low,Low,SW:Support,2,T20260218.0006,New employee laptop setup,IT:Change,"Taylor, Mark",119.0,Low,0.2362
T20120604.0003.009,Customer experience weekly checkup,Low,Low,SW:Support,3,T20251216.0007,New employee laptop setup,SW:Change,"Anderson, Scott",23.0,Low,0.2362
T20120604.0003.009,Customer experience weekly checkup,Low,Low,SW:Support,4,T20251225.0008,New employee laptop setup,SW:Support,"Taylor, Mark",102.5,Low,0.2362
T20120604.0003.009,Customer experience weekly checkup,Low,Low,SW:Support,5,T20260225.0010,New employee laptop setup,SW:Support,"Anderson, Scott",152.0,Low,0.2362
T20120604.0003.010,Customer experience weekly checkup,Low,Low,SW:Support,1,T20260222.0006,New employee laptop setup,Triage,"Anderson, Scott",11.5,Low,0.2362
T20120604.0003.010,Customer experience weekly checkup,Low,Low,SW:Support,2,T20260218.0006,New employee laptop setup,IT:Change,"Taylor, Mark",119.0,Low,0.2362
T20120604.0003.010,Customer experience weekly checkup,Low,Low,SW:Support,3,T20251216.0007,New employee laptop setup,SW:Change,"Anderson, Scott",23.0,Low,0.2362
T20120604.0003.010,Customer experience weekly checkup,Low,Low,SW:Support,4,T20251225.0008,New employee laptop setup,SW:Support,"Taylor, Mark",102.5,Low,0.2362
T20120604.0003.010,Customer experience weekly checkup,Low,Low,SW:Support,5,T20260225.0010,New employee laptop setup,SW:Support,"Anderson, Scott",152.0,Low,0.2362
T20120604.0003.011,Customer experience weekly checkup,Low,Low,SW:Support,1,T20260222.0006,New employee laptop setup,Triage,"Anderson, Scott",11.5,Low,0.2362
T20120604.0003.011,Customer experience weekly checkup,Low,Low,SW:Support,2,T20260218.0006,New employee laptop setup,IT:Change,"Taylor, Mark",119.0,Low,0.2362
T20120604.0003.011,Customer experience weekly checkup,Low,Low,SW:Support,3,T20251216.0007,New employee laptop setup,SW:Change,"Anderson, Scott",23.0,Low,0.2362
T20120604.0003.011,Customer experience weekly checkup,Low,Low,SW:Support,4,T20251225.0008,New employee laptop setup,SW:Support,"Taylor, Mark",102.5,Low,0.2362
T20120604.0003.011,Customer experience weekly checkup,Low,Low,SW:Support,5,T20260225.0010,New employee laptop setup,SW:Support,"Anderson, Scott",152.0,Low,0.2362
T20120604.0003.012,Customer experience weekly checkup,Low,Low,SW:Support,1,T20260222.0006,New employee laptop setup,Triage,"Anderson, Scott",11.5,Low,0.2362
T20120604.0003.012,Customer experience weekly checkup,Low,Low,SW:Support,2,T20260218.0006,New employee laptop setup,IT:Change,"Taylor, Mark",119.0,Low,0.2362
T20120604.0003.012,Customer experience weekly checkup,Low,Low,SW:Support,3,T20251216.0007,New employee laptop setup,SW:Change,"Anderson, Scott",23.0,Low,0.2362
T20120604.0003.012,Customer experience weekly checkup,Low,Low,SW:Support,4,T20251225.0008,New employee laptop setup,SW:Support,"Taylor, Mark",102.5,Low,0.2362
T20120604.0003.012,Customer experience weekly checkup,Low,Low,SW:Support,5,T20260225.0010,New employee laptop setup,SW:Support,"Anderson, Scott",152.0,Low,0.2362
T20120604.0003.013,Customer experience weekly checkup,Low,Low,SW:Support,1,T20260222.0006,New employee laptop setup,Triage,"Anderson, Scott",11.5,Low,0.2362
T20120604.0003.013,Customer experience weekly checkup,Low,Low,SW:Support,2,T20260218.0006,New employee laptop setup,IT:Change,"Taylor, Mark",119.0,Low,0.2362
T20120604.0003.013,Customer experience weekly checkup,Low,Low,SW:Support,3,T20251216.0007,New employee laptop setup,SW:Change,"Anderson, Scott",23.0,Low,0.2362
T20120604.0003.013,Customer experience weekly checkup,Low,Low,SW:Support,4,T20251225.0008,New employee laptop setup,SW:Support,"Taylor, Mark",102.5,Low,0.2362
T20120604.0003.013,Customer experience weekly checkup,Low,Low,SW:Support,5,T20260225.0010,New employee laptop setup,SW:Support,"Anderson, Scott",152.0,Low,0.2362
T20120604.0003.014,Customer experience weekly checkup,Low,Low,SW:Support,1,T20260222.0006,New employee laptop setup,Triage,"Anderson, Scott",11.5,Low,0.2362
T20120604.0003.014,Customer experience weekly checkup,Low,Low,SW:Support,2,T20260218.0006,New employee laptop setup,IT:Change,"Taylor, Mark",119.0,Low,0.2362
T20120604.0003.014,Customer experience weekly checkup,Low,Low,SW:Support,3,T20251216.0007,New employee laptop setup,SW:Change,"Anderson, Scott",23.0,Low,0.2362
T20120604.0003.014,Customer experience weekly checkup,Low,Low,SW:Support,4,T20251225.0008,New employee laptop setup,SW:Support,"Taylor, Mark",102.5,Low,0.2362
T20120604.0003.014,Customer experience weekly checkup,Low,Low,SW:Support,5,T20260225.0010,New employee laptop setup,SW:Support,"Anderson, Scott",152.0,Low,0.2362
T20120604.0003.015,Customer experience weekly checkup,Low,Low,SW:Support,1,T20260222.0006,New employee laptop setup,Triage,"Anderson, Scott",11.5,Low,0.2362
T20120604.0003.015,Customer experience weekly checkup,Low,Low,SW:Support,2,T20260218.0006,New employee laptop setup,IT:Change,"Taylor, Mark",119.0,Low,0.2362
T20120604.0003.015,Customer experience weekly checkup,Low,Low,SW:Support,3,T20251216.0007,New employee laptop setup,SW:Change,"Anderson, Scott",23.0,Low,0.2362
T20120604.0003.015,Customer experience weekly checkup,Low,Low,SW:Support,4,T20251225.0008,New employee laptop setup,SW:Support,"Taylor, Mark",102.5,Low,0.2362
T20120604.0003.015,Customer experience weekly checkup,Low,Low,SW:Support,5,T20260225.0010,New employee laptop setup,SW:Support,"Anderson, Scott",152.0,Low,0.2362
T20120604.0003.016,Customer experience weekly checkup,Low,Low,SW:Support,1,T20260222.0006,New employee laptop setup,Triage,"Anderson, Scott",11.5,Low,0.2362
T20120604.0003.016,Customer experience weekly checkup,Low,Low,SW:Support,2,T20260218.0006,New employee laptop setup,IT:Change,"Taylor, Mark",119.0,Low,0.2362
T20120604.0003.016,Customer experience weekly checkup,Low,Low,SW:Support,3,T20251216.0007,New employee laptop setup,SW:Change,"Anderson, Scott",23.0,Low,0.2362
T20120604.0003.016,Customer experience weekly checkup,Low,Low,SW:Support,4,T20251225.0008,New employee laptop setup,SW:Support,"Taylor, Mark",102.5,Low,0.2362
T20120604.0003.016,Customer experience weekly checkup,Low,Low,SW:Support,5,T20260225.0010,New employee laptop setup,SW:Support,"Anderson, Scott",152.0,Low,0.2362
T20120604.0003.017,Customer experience weekly checkup,Low,Low,SW:Support,1,T20260222.0006,New employee laptop setup,Triage,"Anderson, Scott",11.5,Low,0.2362
T20120604.0003.017,Customer experience weekly checkup,Low,Low,SW:Support,2,T20260218.0006,New employee laptop setup,IT:Change,"Taylor, Mark",119.0,Low,0.2362
T20120604.0003.017,Customer experience weekly checkup,Low,Low,SW:Support,3,T20251216.0007,New employee laptop setup,SW:Change,"Anderson, Scott",23.0,Low,0.2362
T20120604.0003.017,Customer experience weekly checkup,Low,Low,SW:Support,4,T20251225.0008,New employee laptop setup,SW:Support,"Taylor, Mark",102.5,Low,0.2362
T20120604.0003.017,Customer experience weekly checkup,Low,Low,SW:Support,5,T20260225.0010,New employee laptop setup,SW:Support,"Anderson, Scott",152.0,Low,0.2362
T20120604.0003.018,Customer experience weekly checkup,Low,Low,SW:Support,1,T20260222.0006,New employee laptop setup,Triage,"Anderson, Scott",11.5,Low,0.2362
T20120604.0003.018,Customer experience weekly checkup,Low,Low,SW:Support,2,T20260218.0006,New employee laptop setup,IT:Change,"Taylor, Mark",119.0,Low,0.2362
T20120604.0003.018,Customer experience weekly checkup,Low,Low,SW:Support,3,T20251216.0007,New employee laptop setup,SW:Change,"Anderson, Scott",23.0,Low,0.2362
T20120604.0003.018,Customer experience weekly checkup,Low,Low,SW:Support,4,T20251225.0008,New employee laptop setup,SW:Support,"Taylor, Mark",102.5,Low,0.2362
T20120604.0003.018,Customer experience weekly checkup,Low,Low,SW:Support,5,T20260225.0010,New employee laptop setup,SW:Support,"Anderson, Scott",152.0,Low,0.2362
T20120604.0003.019,Customer experience weekly checkup,Low,Low,SW:Support,1,T20260222.0006,New employee laptop setup,Triage,"Anderson, Scott",11.5,Low,0.2362
T20120604.0003.019,Customer experience weekly checkup,Low,Low,SW:Support,2,T20260218.0006,New employee laptop setup,IT:Change,"Taylor, Mark",119.0,Low,0.2362
T20120604.0003.019,Customer experience weekly checkup,Low,Low,SW:Support,3,T20251216.0007,New employee laptop setup,SW:Change,"Anderson, Scott",23.0,Low,0.2362
T20120604.0003.019,Customer experience weekly checkup,Low,Low,SW:Support,4,T20251225.0008,New employee laptop setup,SW:Support,"Taylor, Mark",102.5,Low,0.2362
T20120604.0003.019,Customer experience weekly checkup,Low,Low,SW:Support,5,T20260225.0010,New employee laptop setup,SW:Support,"Anderson, Scott",152.0,Low,0.2362
T20120604.0003.020,Customer experience weekly checkup,Low,Low,SW:Support,1,T20260222.0006,New employee laptop setup,Triage,"Anderson, Scott",11.5,Low,0.2362
T20120604.0003.020,Customer experience weekly checkup,Low,Low,SW:Support,2,T20260218.0006,New employee laptop setup,IT:Change,"Taylor, Mark",119.0,Low,0.2362
T20120604.0003.020,Customer experience weekly checkup,Low,Low,SW:Support,3,T20251216.0007,New employee laptop setup,SW:Change,"Anderson, Scott",23.0,Low,0.2362
T20120604.0003.020,Customer experience weekly checkup,Low,Low,SW:Support,4,T20251225.0008,New employee laptop setup,SW:Support,"Taylor, Mark",102.5,Low,0.2362
T20120604.0003.020,Customer experience weekly checkup,Low,Low,SW:Support,5,T20260225.0010,New employee laptop setup,SW:Support,"Anderson, Scott",152.0,Low,0.2362
T20120604.0008,Save/Close Error,Medium,Medium,SW:Support,1,T20260223.0010,Windows update causing BSOD,SW:Support,"Moore, James",110.0,Critical,0.2676
T20120604.0008,Save/Close Error,Medium,Medium,SW:Support,2,T20260112.0007,Windows update causing BSOD,Triage,"Miller, Susan",104.5,Critical,0.2676
T20120604.0008,Save/Close Error,Medium,Medium,SW:Support,3,T20260212.0016,Windows update causing BSOD,SW:Defect,"Moore, James",170.5,Critical,0.2676
T20120604.0008,Save/Close Error,Medium,Medium,SW:Support,4,T20260301.0006,Windows update causing BSOD,IT:Change,"Taylor, Mark",209.5,Critical,0.2676
T20120604.0008,Save/Close Error,Medium,Medium,SW:Support,5,T20260216.0011,Windows update causing BSOD,IT:Hardware,"Moore, James",219.0,Critical,0.2676
T20120531.0002,Security Change Request,Low,Service Request,IT:Change,1,T20251207.0003,New user account creation,SW:Defect,"Moore, James",40.5,Low,0.1693
T20120531.0002,Security Change Request,Low,Service Request,IT:Change,2,T20251209.0008,New user account creation,SW:Internal,"Miller, Susan",64.0,Low,0.1693
T20120531.0002,Security Change Request,Low,Service Request,IT:Change,3,T20251220.0007,New user account creation,SW:Defect,"Anderson, Scott",139.0,Low,0.1693
T20120531.0002,Security Change Request,Low,Service Request,IT:Change,4,T20260119.0015,New user account creation,SW:Defect,"Taylor, Mark",223.5,Low,0.1693
T20120531.0002,Security Change Request,Low,Service Request,IT:Change,5,T20260116.0015,New user account creation,SW:Defect,"Taylor, Mark",213.5,Low,0.1693
T20120603.0004,Server Drive 0 at 20% free space,High,High,Triage,1,T20251207.0010,Shared drive access denied,SW:Change,"Moore, James",176.5,Medium,0.2016
T20120603.0004,Server Drive 0 at 20% free space,High,High,Triage,2,T20251202.0002,Shared drive access denied,IT:Change,"Anderson, Scott",215.5,Medium,0.2016
T20120603.0004,Server Drive 0 at 20% free space,High,High,Triage,3,T20260302.0006,Shared drive access denied,SW:Internal,"Moore, James",51.0,Medium,0.2016
T20120603.0004,Server Drive 0 at 20% free space,High,High,Triage,4,T20260107.0009,Shared drive access denied,SW:Defect,"Moore, James",173.0,Medium,0.2016
T20120603.0004,Server Drive 0 at 20% free space,High,High,Triage,5,T20260124.0005,Shared drive access denied,SW:Defect,"Moore, James",201.0,Medium,0.2016
T20260227.0003,New user account creation,High,Service Request,IT:Applications,1,T20251207.0003,New user account creation,SW:Defect,"Moore, James",40.5,Low,1.0
T20260227.0003,New user account creation,High,Service Request,IT:Applications,2,T20251209.0008,New user account creation,SW:Internal,"Miller, Susan",64.0,Low,1.0
T20260227.0003,New user account creation,High,Service Request,IT:Applications,3,T20260120.0007,New user account creation,IT:Change,"Taylor, Mark",88.5,Low,1.0
T20260227.0003,New user account creation,High,Service Request,IT:Applications,4,T20251204.0011,New user account creation,IT:Change,"Moore, James",47.0,Low,1.0
T20260227.0003,New user account creation,High,Service Request,IT:Applications,5,T20260131.0007,New user account creation,Triage,"Moore, James",174.5,Low,1.0
T20251218.0001,Shared drive access denied,Low,Low,Triage,1,T20251207.0010,Shared drive access denied,SW:Change,"Moore, James",176.5,Medium,1.0
T20251218.0001,Shared drive access denied,Low,Low,Triage,2,T20260302.0006,Shared drive access denied,SW:Internal,"Moore, James",51.0,Medium,1.0
T20251218.0001,Shared drive access denied,Low,Low,Triage,3,T20251219.0006,Shared drive access denied,SW:Defect,"Anderson, Scott",144.0,Medium,1.0
T20251218.0001,Shared drive access denied,Low,Low,Triage,4,T20260209.0013,Shared drive access denied,SW:Internal,"Taylor, Mark",55.5,Medium,1.0
T20251218.0001,Shared drive access denied,Low,Low,Triage,5,T20260117.0006,Shared drive access denied,SW:Internal,"Anderson, Scott",156.0,Medium,1.0
T20260122.0002,Desk phone not receiving calls,Low,Service Request,SW:Support,1,T20251231.0005,Desk phone not receiving calls,Triage,"Moore, James",207.5,Medium,1.0
T20260122.0002,Desk phone not receiving calls,Low,Service Request,SW:Support,2,T20260220.0009,Desk phone not receiving calls,SW:Internal,"Anderson, Scott",84.0,Medium,1.0
T20260122.0002,Desk phone not receiving calls,Low,Service Request,SW:Support,3,T20251221.0006,Desk phone not receiving calls,Triage,"Moore, James",150.0,Medium,1.0
T20260122.0002,Desk phone not receiving calls,Low,Service Request,SW:Support,4,T20260127.0006,Desk phone not receiving calls,IT:Applications,"Moore, James",113.0,Medium,1.0
T20260122.0002,Desk phone not receiving calls,Low,Service Request,SW:Support,5,T20260205.0005,Desk phone not receiving calls,IT:Change,"Taylor, Mark",56.0,Medium,1.0
T20260205.0001,Shared drive access denied,Medium,Medium,SW:Internal,1,T20251207.0010,Shared drive access denied,SW:Change,"Moore, James",176.5,Medium,1.0
T20260205.0001,Shared drive access denied,Medium,Medium,SW:Internal,2,T20260302.0006,Shared drive access denied,SW:Internal,"Moore, James",51.0,Medium,1.0
T20260205.0001,Shared drive access denied,Medium,Medium,SW:Internal,3,T20251219.0006,Shared drive access denied,SW:Defect,"Anderson, Scott",144.0,Medium,1.0
T20260205.0001,Shared drive access denied,Medium,Medium,SW:Internal,4,T20260209.0013,Shared drive access denied,SW:Internal,"Taylor, Mark",55.5,Medium,1.0
T20260205.0001,Shared drive access denied,Medium,Medium,SW:Internal,5,T20260117.0006,Shared drive access denied,SW:Internal,"Anderson, Scott",156.0,Medium,1.0
T20260209.0002,File recovery request,Low,Service Request,SW:Support,1,T20260221.0011,File recovery request,IT:Applications,"Miller, Susan",126.0,Medium,1.0
T20260209.0002,File recovery request,Low,Service Request,SW:Support,2,T20251228.0007,File recovery request,IT:Applications,"Taylor, Mark",113.0,Medium,1.0
T20260209.0002,File recovery request,Low,Service Request,SW:Support,3,T20251215.0004,File recovery request,IT:Change,"Moore, James",68.0,Medium,1.0
T20260209.0002,File recovery request,Low,Service Request,SW:Support,4,T20260203.0009,File recovery request,SW:Defect,"Anderson, Scott",141.5,Medium,1.0
T20260209.0002,File recovery request,Low,Service Request,SW:Support,5,T20260107.0002,File recovery request,SW:Internal,"Miller, Susan",124.5,Medium,1.0
T20251218.0003,Zoom meeting room setup,High,Service Request,SW:Internal,1,T20251209.0009,Zoom meeting room setup,SW:Support,"Taylor, Mark",33.5,Low,1.0
T20251218.0003,Zoom meeting room setup,High,Service Request,SW:Internal,2,T20260119.0014,Zoom meeting room setup,IT:Change,"Taylor, Mark",57.0,Low,1.0
T20251218.0003,Zoom meeting room setup,High,Service Request,SW:Internal,3,T20260124.0006,Zoom meeting room setup,IT:Change,"Anderson, Scott",92.5,Low,1.0
T20251218.0003,Zoom meeting room setup,High,Service Request,SW:Internal,4,T20260110.0012,Zoom meeting room setup,SW:Internal,"Moore, James",81.0,Low,1.0
T20251218.0003,Zoom meeting room setup,High,Service Request,SW:Internal,5,T20260105.0003,Zoom meeting room setup,Triage,"Anderson, Scott",137.0,Low,1.0
T20251225.0001,Zoom meeting room setup,Low,Service Request,SW:Defect,1,T20251209.0009,Zoom meeting room setup,SW:Support,"Taylor, Mark",33.5,Low,1.0
T20251225.0001,Zoom meeting room setup,Low,Service Request,SW:Defect,2,T20260119.0014,Zoom meeting room setup,IT:Change,"Taylor, Mark",57.0,Low,1.0
T20251225.0001,Zoom meeting room setup,Low,Service Request,SW:Defect,3,T20260124.0006,Zoom meeting room setup,IT:Change,"Anderson, Scott",92.5,Low,1.0
T20251225.0001,Zoom meeting room setup,Low,Service Request,SW:Defect,4,T20260110.0012,Zoom meeting room setup,SW:Internal,"Moore, James",81.0,Low,1.0
T20251225.0001,Zoom meeting room setup,Low,Service Request,SW:Defect,5,T20260105.0003,Zoom meeting room setup,Triage,"Anderson, Scott",137.0,Low,1.0
T20260111.0003,QuickBooks not launching after update,Low,Maintenance,SW:Defect,1,T20260102.0008,QuickBooks not launching after update,IT:Hardware,"Miller, Susan",76.0,Medium,1.0
T20260111.0003,QuickBooks not launching after update,Low,Maintenance,SW:Defect,2,T20260106.0003,QuickBooks not launching after update,SW:Change,"Moore, James",11.0,Medium,1.0
T20260111.0003,QuickBooks not launching after update,Low,Maintenance,SW:Defect,3,T20251221.0008,QuickBooks not launching after update,SW:Internal,"Anderson, Scott",55.0,Medium,1.0
T20260111.0003,QuickBooks not launching after update,Low,Maintenance,SW:Defect,4,T20260219.0007,QuickBooks not launching after update,IT:Hardware,"Moore, James",93.0,Medium,1.0
T20260111.0003,QuickBooks not launching after update,Low,Maintenance,SW:Defect,5,T20251203.0004,QuickBooks not launching after update,SW:Defect,"Taylor, Mark",150.0,Medium,1.0
T20260222.0003,Suspicious phishing email reported,Medium,Medium,IT:Applications,1,T20260212.0010,Suspicious phishing email reported,IT:Applications,"Anderson, Scott",141.0,High,1.0
T20260222.0003,Suspicious phishing email reported,Medium,Medium,IT:Applications,2,T20260104.0010,Suspicious phishing email reported,SW:Defect,"Anderson, Scott",0.5,High,1.0
T20260222.0003,Suspicious phishing email reported,Medium,Medium,IT:Applications,3,T20251230.0008,Suspicious phishing email reported,IT:Change,"Moore, James",134.5,High,1.0
T20260222.0003,Suspicious phishing email reported,Medium,Medium,IT:Applications,4,T20260218.0010,Suspicious phishing email reported,SW:Change,"Moore, James",15.0,High,1.0
T20260222.0003,Suspicious phishing email reported,Medium,Medium,IT:Applications,5,T20251206.0007,Suspicious phishing email reported,SW:Support,"Miller, Susan",115.5,High,1.0
T20251209.0003,Desk phone not receiving calls,Critical,High,SW:Internal,1,T20251231.0005,Desk phone not receiving calls,Triage,"Moore, James",207.5,Medium,1.0
T20251209.0003,Desk phone not receiving calls,Critical,High,SW:Internal,2,T20260220.0009,Desk phone not receiving calls,SW:Internal,"Anderson, Scott",84.0,Medium,1.0
T20251209.0003,Desk phone not receiving calls,Critical,High,SW:Internal,3,T20251221.0006,Desk phone not receiving calls,Triage,"Moore, James",150.0,Medium,1.0
T20251209.0003,Desk phone not receiving calls,Critical,High,SW:Internal,4,T20260127.0006,Desk phone not receiving calls,IT:Applications,"Moore, James",113.0,Medium,1.0
T20251209.0003,Desk phone not receiving calls,Critical,High,SW:Internal,5,T20260205.0005,Desk phone not receiving calls,IT:Change,"Taylor, Mark",56.0,Medium,1.0
T20260222.0004,Windows update causing BSOD,Low,Maintenance,SW:Support,1,T20260301.0006,Windows update causing BSOD,IT:Change,"Taylor, Mark",209.5,Critical,1.0
T20260222.0004,Windows update causing BSOD,Low,Maintenance,SW:Support,2,T20251228.0006,Windows update causing BSOD,IT:Hardware,"Miller, Susan",42.5,Critical,1.0
T20260222.0004,Windows update causing BSOD,Low,Maintenance,SW:Support,3,T20251222.0005,Windows update causing BSOD,IT:Hardware,"Moore, James",2.0,Critical,1.0
T20260222.0004,Windows update causing BSOD,Low,Maintenance,SW:Support,4,T20260212.0016,Windows update causing BSOD,SW:Defect,"Moore, James",170.5,Critical,1.0
T20260222.0004,Windows update causing BSOD,Low,Maintenance,SW:Support,5,T20251230.0011,Windows update causing BSOD,Triage,"Taylor, Mark",30.0,Critical,1.0
T20260130.0003,Keyboard and mouse not responding,Medium,Medium,SW:Internal,1,T20251217.0004,Keyboard and mouse not responding,IT:Applications,"Taylor, Mark",105.0,Medium,1.0
T20260130.0003,Keyboard and mouse not responding,Medium,Medium,SW:Internal,2,T20251226.0016,Keyboard and mouse not responding,IT:Hardware,"Anderson, Scott",39.0,Medium,1.0
T20260130.0003,Keyboard and mouse not responding,Medium,Medium,SW:Internal,3,T20260113.0007,Keyboard and mouse not responding,SW:Change,"Taylor, Mark",57.5,Medium,1.0
T20260130.0003,Keyboard and mouse not responding,Medium,Medium,SW:Internal,4,T20260302.0010,Keyboard and mouse not responding,Triage,"Taylor, Mark",3.5,Medium,1.0
T20260130.0003,Keyboard and mouse not responding,Medium,Medium,SW:Internal,5,T20251228.0004,Keyboard and mouse not responding,Triage,"Taylor, Mark",208.5,Medium,1.0
T20251220.0004,Laptop battery not holding charge,Low,Service Request,IT:Change,1,T20260112.0001,Laptop battery not holding charge,Triage,"Anderson, Scott",212.0,Medium,1.0
T20251220.0004,Laptop battery not holding charge,Low,Service Request,IT:Change,2,T20260218.0009,Laptop battery not holding charge,SW:Internal,"Miller, Susan",173.5,Medium,1.0
T20251220.0004,Laptop battery not holding charge,Low,Service Request,IT:Change,3,T20260209.0007,Laptop battery not holding charge,SW:Internal,"Taylor, Mark",37.5,Medium,1.0
T20251220.0004,Laptop battery not holding charge,Low,Service Request,IT:Change,4,T20260214.0003,Laptop battery not holding charge,IT:Change,"Miller, Susan",144.5,Medium,1.0
T20251220.0004,Laptop battery not holding charge,Low,Service Request,IT:Change,5,T20260124.0014,Laptop battery not holding charge,SW:Support,"Moore, James",47.5,Medium,1.0
T20251204.0005,File recovery request,Medium,Service Request,IT:Change,1,T20260221.0011,File recovery request,IT:Applications,"Miller, Susan",126.0,Medium,1.0
T20251204.0005,File recovery request,Medium,Service Request,IT:Change,2,T20251228.0007,File recovery request,IT:Applications,"Taylor, Mark",113.0,Medium,1.0
T20251204.0005,File recovery request,Medium,Service Request,IT:Change,3,T20251215.0004,File recovery request,IT:Change,"Moore, James",68.0,Medium,1.0
T20251204.0005,File recovery request,Medium,Service Request,IT:Change,4,T20260203.0009,File recovery request,SW:Defect,"Anderson, Scott",141.5,Medium,1.0
T20251204.0005,File recovery request,Medium,Service Request,IT:Change,5,T20260107.0002,File recovery request,SW:Internal,"Miller, Susan",124.5,Medium,1.0
T20260203.0003,Network printer offline,Low,Low,SW:Defect,1,T20260115.0006,Network printer offline,SW:Internal,"Taylor, Mark",158.0,High,1.0
T20260203.0003,Network printer offline,Low,Low,SW:Defect,2,T20260302.0003,Network printer offline,SW:Change,"Miller, Susan",235.0,High,1.0
T20260203.0003,Network printer offline,Low,Low,SW:Defect,3,T20260127.0004,Network printer offline,IT:Applications,"Anderson, Scott",96.0,High,1.0
T20260203.0003,Network printer offline,Low,Low,SW:Defect,4,T20260101.0007,Network printer offline,SW:Support,"Anderson, Scott",122.5,High,1.0
T20260203.0003,Network printer offline,Low,Low,SW:Defect,5,T20251213.0005,Network printer offline,IT:Change,"Miller, Susan",48.5,High,1.0
T20251208.0001,New employee laptop setup,High,Service Request,SW:Support,1,T20260218.0006,New employee laptop setup,IT:Change,"Taylor, Mark",119.0,Low,1.0
T20251208.0001,New employee laptop setup,High,Service Request,SW:Support,2,T20260222.0006,New employee laptop setup,Triage,"Anderson, Scott",11.5,Low,1.0
T20251208.0001,New employee laptop setup,High,Service Request,SW:Support,3,T20251223.0007,New employee laptop setup,SW:Defect,"Moore, James",168.5,Low,1.0
T20251208.0001,New employee laptop setup,High,Service Request,SW:Support,4,T20251210.0006,New employee laptop setup,SW:Defect,"Anderson, Scott",5.0,Low,1.0
T20251208.0001,New employee laptop setup,High,Service Request,SW:Support,5,T20251225.0005,New employee laptop setup,SW:Internal,"Moore, James",87.0,Low,1.0
T20260128.0001,Server room temperature alert,Medium,Medium,IT:Applications,1,T20260101.0003,Server room temperature alert,SW:Change,"Anderson, Scott",226.0,Critical,1.0
T20260128.0001,Server room temperature alert,Medium,Medium,IT:Applications,2,T20260113.0006,Server room temperature alert,IT:Applications,"Miller, Susan",184.5,Critical,1.0
T20260128.0001,Server room temperature alert,Medium,Medium,IT:Applications,3,T20251224.0005,Server room temperature alert,IT:Applications,"Anderson, Scott",75.0,Critical,1.0
T20260128.0001,Server room temperature alert,Medium,Medium,IT:Applications,4,T20260302.0008,Server room temperature alert,IT:Hardware,"Anderson, Scott",166.5,Critical,1.0
T20260128.0001,Server room temperature alert,Medium,Medium,IT:Applications,5,T20260106.0010,Server room temperature alert,Triage,"Miller, Susan",138.5,Critical,1.0
T20260114.0001,Monitor flickering on docking station,Medium,Medium,SW:Support,1,T20251206.0008,Monitor flickering on docking station,SW:Change,"Taylor, Mark",162.0,Medium,1.0
T20260114.0001,Monitor flickering on docking station,Medium,Medium,SW:Support,2,T20251210.0014,Monitor flickering on docking station,IT:Change,"Taylor, Mark",124.0,Medium,1.0
T20260114.0001,Monitor flickering on docking station,Medium,Medium,SW:Support,3,T20251212.0004,Monitor flickering on docking station,SW:Change,"Miller, Susan",98.5,Medium,1.0
T20260114.0001,Monitor flickering on docking station,Medium,Medium,SW:Support,4,T20251208.0004,Monitor flickering on docking station,SW:Support,"Anderson, Scott",60.0,Medium,1.0
T20260114.0001,Monitor flickering on docking station,Medium,Medium,SW:Support,5,T20260115.0004,Monitor flickering on docking station,IT:Applications,"Moore, James",165.0,Medium,1.0
T20251214.0001,Windows update causing BSOD,Medium,Maintenance,IT:Hardware,1,T20260301.0006,Windows update causing BSOD,IT:Change,"Taylor, Mark",209.5,Critical,1.0
T20251214.0001,Windows update causing BSOD,Medium,Maintenance,IT:Hardware,2,T20251228.0006,Windows update causing BSOD,IT:Hardware,"Miller, Susan",42.5,Critical,1.0
T20251214.0001,Windows update causing BSOD,Medium,Maintenance,IT:Hardware,3,T20251222.0005,Windows update causing BSOD,IT:Hardware,"Moore, James",2.0,Critical,1.0
T20251214.0001,Windows update causing BSOD,Medium,Maintenance,IT:Hardware,4,T20260212.0016,Windows update causing BSOD,SW:Defect,"Moore, James",170.5,Critical,1.0
T20251214.0001,Windows update causing BSOD,Medium,Maintenance,IT:Hardware,5,T20251230.0011,Windows update causing BSOD,Triage,"Taylor, Mark",30.0,Critical,1.0
T20251210.0002,Zoom meeting room setup,Low,Service Request,SW:Internal,1,T20251209.0009,Zoom meeting room setup,SW:Support,"Taylor, Mark",33.5,Low,1.0
T20251210.0002,Zoom meeting room setup,Low,Service Request,SW:Internal,2,T20260119.0014,Zoom meeting room setup,IT:Change,"Taylor, Mark",57.0,Low,1.0
T20251210.0002,Zoom meeting room setup,Low,Service Request,SW:Internal,3,T20260124.0006,Zoom meeting room setup,IT:Change,"Anderson, Scott",92.5,Low,1.0
T20251210.0002,Zoom meeting room setup,Low,Service Request,SW:Internal,4,T20260110.0012,Zoom meeting room setup,SW:Internal,"Moore, James",81.0,Low,1.0
T20251210.0002,Zoom meeting room setup,Low,Service Request,SW:Internal,5,T20260105.0003,Zoom meeting room setup,Triage,"Anderson, Scott",137.0,Low,1.0
T20260222.0001,Server room temperature alert,Medium,Medium,SW:Support,1,T20260101.0003,Server room temperature alert,SW:Change,"Anderson, Scott",226.0,Critical,1.0
T20260222.0001,Server room temperature alert,Medium,Medium,SW:Support,2,T20260113.0006,Server room temperature alert,IT:Applications,"Miller, Susan",184.5,Critical,1.0
T20260222.0001,Server room temperature alert,Medium,Medium,SW:Support,3,T20251224.0005,Server room temperature alert,IT:Applications,"Anderson, Scott",75.0,Critical,1.0
T20260222.0001,Server room temperature alert,Medium,Medium,SW:Support,4,T20260302.0008,Server room temperature alert,IT:Hardware,"Anderson, Scott",166.5,Critical,1.0
T20260222.0001,Server room temperature alert,Medium,Medium,SW:Support,5,T20260106.0010,Server room temperature alert,Triage,"Miller, Susan",138.5,Critical,1.0
T20260222.0002,Suspicious phishing email reported,Low,Low,SW:Internal,1,T20260212.0010,Suspicious phishing email reported,IT:Applications,"Anderson, Scott",141.0,High,1.0
T20260222.0002,Suspicious phishing email reported,Low,Low,SW:Internal,2,T20260104.0010,Suspicious phishing email reported,SW:Defect,"Anderson, Scott",0.5,High,1.0
T20260222.0002,Suspicious phishing email reported,Low,Low,SW:Internal,3,T20251230.0008,Suspicious phishing email reported,IT:Change,"Moore, James",134.5,High,1.0
T20260222.0002,Suspicious phishing email reported,Low,Low,SW:Internal,4,T20260218.0010,Suspicious phishing email reported,SW:Change,"Moore, James",15.0,High,1.0
T20260222.0002,Suspicious phishing email reported,Low,Low,SW:Internal,5,T20251206.0007,Suspicious phishing email reported,SW:Support,"Miller, Susan",115.5,High,1.0
T20251220.0002,MFA not working on mobile device,High,Service Request,SW:Internal,1,T20251211.0011,MFA not working on mobile device,SW:Change,"Miller, Susan",15.5,High,1.0
T20251220.0002,MFA not working on mobile device,High,Service Request,SW:Internal,2,T20260121.0005,MFA not working on mobile device,IT:Change,"Taylor, Mark",18.5,High,1.0
T20251220.0002,MFA not working on mobile device,High,Service Request,SW:Internal,3,T20260111.0004,MFA not working on mobile device,Triage,"Anderson, Scott",87.5,High,1.0
T20251220.0002,MFA not working on mobile device,High,Service Request,SW:Internal,4,T20260202.0005,MFA not working on mobile device,SW:Support,"Taylor, Mark",89.0,High,1.0
T20251220.0002,MFA not working on mobile device,High,Service Request,SW:Internal,5,T20260221.0009,MFA not working on mobile device,IT:Hardware,"Taylor, Mark",214.0,High,1.0
T20251222.0002,Request for additional monitor,Critical,Service Request,SW:Internal,1,T20260218.0007,Request for additional monitor,Triage,"Moore, James",80.0,Low,1.0
T20251222.0002,Request for additional monitor,Critical,Service Request,SW:Internal,2,T20251224.0004,Request for additional monitor,IT:Hardware,"Anderson, Scott",64.0,Low,1.0
T20251222.0002,Request for additional monitor,Critical,Service Request,SW:Internal,3,T20260220.0014,Request for additional monitor,SW:Defect,"Miller, Susan",107.5,Low,1.0
T20251222.0002,Request for additional monitor,Critical,Service Request,SW:Internal,4,T20260104.0006,Request for additional monitor,SW:Change,"Miller, Susan",26.0,Low,1.0
T20251222.0002,Request for additional monitor,Critical,Service Request,SW:Internal,5,T20260116.0016,Request for additional monitor,SW:Internal,"Anderson, Scott",174.0,Low,1.0
T20251217.0003,Server room temperature alert,Low,Low,Triage,1,T20260101.0003,Server room temperature alert,SW:Change,"Anderson, Scott",226.0,Critical,1.0
T20251217.0003,Server room temperature alert,Low,Low,Triage,2,T20260113.0006,Server room temperature alert,IT:Applications,"Miller, Susan",184.5,Critical,1.0
T20251217.0003,Server room temperature alert,Low,Low,Triage,3,T20251224.0005,Server room temperature alert,IT:Applications,"Anderson, Scott",75.0,Critical,1.0
T20251217.0003,Server room temperature alert,Low,Low,Triage,4,T20260302.0008,Server room temperature alert,IT:Hardware,"Anderson, Scott",166.5,Critical,1.0
T20251217.0003,Server room temperature alert,Low,Low,Triage,5,T20260106.0010,Server room temperature alert,Triage,"Miller, Susan",138.5,Critical,1.0
T20251219.0004,Backup job failed overnight,Critical,Service Request,SW:Internal,1,T20260203.0005,Backup job failed overnight,SW:Defect,"Anderson, Scott",16.0,Critical,1.0
T20251219.0004,Backup job failed overnight,Critical,Service Request,SW:Internal,2,T20260101.0016,Backup job failed overnight,IT:Hardware,"Moore, James",211.0,Critical,1.0
T20251219.0004,Backup job failed overnight,Critical,Service Request,SW:Internal,3,T20251212.0005,Backup job failed overnight,SW:Internal,"Miller, Susan",102.0,Critical,1.0
T20251219.0004,Backup job failed overnight,Critical,Service Request,SW:Internal,4,T20260129.0009,Backup job failed overnight,SW:Internal,"Anderson, Scott",51.5,Critical,1.0
T20251219.0004,Backup job failed overnight,Critical,Service Request,SW:Internal,5,T20251202.0004,Backup job failed overnight,SW:Change,"Taylor, Mark",188.0,Critical,1.0
T20260113.0004,Zoom meeting room setup,High,Service Request,Triage,1,T20251209.0009,Zoom meeting room setup,SW:Support,"Taylor, Mark",33.5,Low,1.0
T20260113.0004,Zoom meeting room setup,High,Service Request,Triage,2,T20260119.0014,Zoom meeting room setup,IT:Change,"Taylor, Mark",57.0,Low,1.0
T20260113.0004,Zoom meeting room setup,High,Service Request,Triage,3,T20260124.0006,Zoom meeting room setup,IT:Change,"Anderson, Scott",92.5,Low,1.0
T20260113.0004,Zoom meeting room setup,High,Service Request,Triage,4,T20260110.0012,Zoom meeting room setup,SW:Internal,"Moore, James",81.0,Low,1.0
T20260113.0004,Zoom meeting room setup,High,Service Request,Triage,5,T20260105.0003,Zoom meeting room setup,Triage,"Anderson, Scott",137.0,Low,1.0
T20260222.0005,OneDrive sync errors,Medium,Medium,Triage,1,T20260113.0013,OneDrive sync errors,SW:Support,"Anderson, Scott",84.5,Medium,1.0
T20260222.0005,OneDrive sync errors,Medium,Medium,Triage,2,T20260222.0013,OneDrive sync errors,SW:Defect,"Miller, Susan",14.0,Medium,1.0
T20260222.0005,OneDrive sync errors,Medium,Medium,Triage,3,T20251225.0003,OneDrive sync errors,IT:Hardware,"Taylor, Mark",97.0,Medium,1.0
T20260222.0005,OneDrive sync errors,Medium,Medium,Triage,4,T20260110.0006,OneDrive sync errors,SW:Support,"Taylor, Mark",95.5,Medium,1.0
T20260222.0005,OneDrive sync errors,Medium,Medium,Triage,5,T20260208.0008,OneDrive sync errors,Triage,"Taylor, Mark",217.0,Medium,1.0
T20260227.0006,Backup job failed overnight,Medium,Service Request,SW:Defect,1,T20260203.0005,Backup job failed overnight,SW:Defect,"Anderson, Scott",16.0,Critical,1.0
T20260227.0006,Backup job failed overnight,Medium,Service Request,SW:Defect,2,T20260101.0016,Backup job failed overnight,IT:Hardware,"Moore, James",211.0,Critical,1.0
T20260227.0006,Backup job failed overnight,Medium,Service Request,SW:Defect,3,T20251212.0005,Backup job failed overnight,SW:Internal,"Miller, Susan",102.0,Critical,1.0
T20260227.0006,Backup job failed overnight,Medium,Service Request,SW:Defect,4,T20260129.0009,Backup job failed overnight,SW:Internal,"Anderson, Scott",51.5,Critical,1.0
T20260227.0006,Backup job failed overnight,Medium,Service Request,SW:Defect,5,T20251202.0004,Backup job failed overnight,SW:Change,"Taylor, Mark",188.0,Critical,1.0
T20251209.0005,Outlook not syncing emails,Low,Low,SW:Support,1,T20260207.0003,Outlook not syncing emails,SW:Internal,"Anderson, Scott",157.5,Medium,1.0
T20251209.0005,Outlook not syncing emails,Low,Low,SW:Support,2,T20260227.0015,Outlook not syncing emails,SW:Support,"Anderson, Scott",63.0,Medium,1.0
T20251209.0005,Outlook not syncing emails,Low,Low,SW:Support,3,T20251208.0002,Outlook not syncing emails,SW:Change,"Anderson, Scott",105.5,Medium,1.0
T20251209.0005,Outlook not syncing emails,Low,Low,SW:Support,4,T20251220.0008,Outlook not syncing emails,Triage,"Taylor, Mark",67.0,Medium,1.0
T20251209.0005,Outlook not syncing emails,Low,Low,SW:Support,5,T20260225.0005,Outlook not syncing emails,Triage,"Miller, Susan",152.5,Medium,1.0
T20260224.0002,Email bouncing back to external clients,Critical,High,IT:Hardware,1,T20260119.0001,Email bouncing back to external clients,Triage,"Moore, James",195.0,Critical,1.0
T20260224.0002,Email bouncing back to external clients,Critical,High,IT:Hardware,2,T20251209.0007,Email bouncing back to external clients,SW:Support,"Anderson, Scott",169.5,Critical,1.0
T20260224.0002,Email bouncing back to external clients,Critical,High,IT:Hardware,3,T20251226.0005,Email bouncing back to external clients,SW:Support,"Miller, Susan",137.0,Critical,1.0
T20260224.0002,Email bouncing back to external clients,Critical,High,IT:Hardware,4,T20260114.0007,Email bouncing back to external clients,SW:Internal,"Miller, Susan",29.0,Critical,1.0
T20260224.0002,Email bouncing back to external clients,Critical,High,IT:Hardware,5,T20251210.0005,Email bouncing back to external clients,IT:Hardware,"Taylor, Mark",100.5,Critical,1.0
T20260116.0006,Windows update causing BSOD,High,Maintenance,IT:Applications,1,T20260301.0006,Windows update causing BSOD,IT:Change,"Taylor, Mark",209.5,Critical,1.0
T20260116.0006,Windows update causing BSOD,High,Maintenance,IT:Applications,2,T20251228.0006,Windows update causing BSOD,IT:Hardware,"Miller, Susan",42.5,Critical,1.0
T20260116.0006,Windows update causing BSOD,High,Maintenance,IT:Applications,3,T20251222.0005,Windows update causing BSOD,IT:Hardware,"Moore, James",2.0,Critical,1.0
T20260116.0006,Windows update causing BSOD,High,Maintenance,IT:Applications,4,T20260212.0016,Windows update causing BSOD,SW:Defect,"Moore, James",170.5,Critical,1.0
T20260116.0006,Windows update causing BSOD,High,Maintenance,IT:Applications,5,T20251230.0011,Windows update causing BSOD,Triage,"Taylor, Mark",30.0,Critical,1.0
T20120530.0002,Flickering Monitor,Medium,Medium,IT:Hardware,1,T20251230.0006,Monitor flickering on docking station,SW:Change,"Miller, Susan",25.0,Medium,0.3388
T20120530.0002,Flickering Monitor,Medium,Medium,IT:Hardware,2,T20251212.0004,Monitor flickering on docking station,SW:Change,"Miller, Susan",98.5,Medium,0.3388
T20120530.0002,Flickering Monitor,Medium,Medium,IT:Hardware,3,T20251217.0013,Monitor flickering on docking station,IT:Change,"Taylor, Mark",146.0,Medium,0.3388
T20120530.0002,Flickering Monitor,Medium,Medium,IT:Hardware,4,T20251210.0014,Monitor flickering on docking station,IT:Change,"Taylor, Mark",124.0,Medium,0.3388
T20120530.0002,Flickering Monitor,Medium,Medium,IT:Hardware,5,T20251206.0008,Monitor flickering on docking station,SW:Change,"Taylor, Mark",162.0,Medium,0.3388
T20260207.0002,Email bouncing back to external clients,Medium,Medium,SW:Support,1,T20260119.0001,Email bouncing back to external clients,Triage,"Moore, James",195.0,Critical,1.0
T20260207.0002,Email bouncing back to external clients,Medium,Medium,SW:Support,2,T20251209.0007,Email bouncing back to external clients,SW:Support,"Anderson, Scott",169.5,Critical,1.0
T20260207.0002,Email bouncing back to external clients,Medium,Medium,SW:Support,3,T20251226.0005,Email bouncing back to external clients,SW:Support,"Miller, Susan",137.0,Critical,1.0
T20260207.0002,Email bouncing back to external clients,Medium,Medium,SW:Support,4,T20260114.0007,Email bouncing back to external clients,SW:Internal,"Miller, Susan",29.0,Critical,1.0
T20260207.0002,Email bouncing back to external clients,Medium,Medium,SW:Support,5,T20251210.0005,Email bouncing back to external clients,IT:Hardware,"Taylor, Mark",100.5,Critical,1.0
T20251227.0003,File recovery request,Medium,Service Request,SW:Change,1,T20260221.0011,File recovery request,IT:Applications,"Miller, Susan",126.0,Medium,1.0
T20251227.0003,File recovery request,Medium,Service Request,SW:Change,2,T20251228.0007,File recovery request,IT:Applications,"Taylor, Mark",113.0,Medium,1.0
T20251227.0003,File recovery request,Medium,Service Request,SW:Change,3,T20251215.0004,File recovery request,IT:Change,"Moore, James",68.0,Medium,1.0
T20251227.0003,File recovery request,Medium,Service Request,SW:Change,4,T20260203.0009,File recovery request,SW:Defect,"Anderson, Scott",141.5,Medium,1.0
T20251227.0003,File recovery request,Medium,Service Request,SW:Change,5,T20260107.0002,File recovery request,SW:Internal,"Miller, Susan",124.5,Medium,1.0
T20260120.0003,New user account creation,Low,Service Request,SW:Defect,1,T20251207.0003,New user account creation,SW:Defect,"Moore, James",40.5,Low,1.0
T20260120.0003,New user account creation,Low,Service Request,SW:Defect,2,T20251209.0008,New user account creation,SW:Internal,"Miller, Susan",64.0,Low,1.0
T20260120.0003,New user account creation,Low,Service Request,SW:Defect,3,T20260120.0007,New user account creation,IT:Change,"Taylor, Mark",88.5,Low,1.0
T20260120.0003,New user account creation,Low,Service Request,SW:Defect,4,T20251204.0011,New user account creation,IT:Change,"Moore, James",47.0,Low,1.0
T20260120.0003,New user account creation,Low,Service Request,SW:Defect,5,T20260131.0007,New user account creation,Triage,"Moore, James",174.5,Low,1.0
T20260209.0001,Suspicious phishing email reported,Critical,High,SW:Internal,1,T20260212.0010,Suspicious phishing email reported,IT:Applications,"Anderson, Scott",141.0,High,1.0
T20260209.0001,Suspicious phishing email reported,Critical,High,SW:Internal,2,T20260104.0010,Suspicious phishing email reported,SW:Defect,"Anderson, Scott",0.5,High,1.0
T20260209.0001,Suspicious phishing email reported,Critical,High,SW:Internal,3,T20251230.0008,Suspicious phishing email reported,IT:Change,"Moore, James",134.5,High,1.0
T20260209.0001,Suspicious phishing email reported,Critical,High,SW:Internal,4,T20260218.0010,Suspicious phishing email reported,SW:Change,"Moore, James",15.0,High,1.0
T20260209.0001,Suspicious phishing email reported,Critical,High,SW:Internal,5,T20251206.0007,Suspicious phishing email reported,SW:Support,"Miller, Susan",115.5,High,1.0
T20260110.0003,Slow computer performance,High,Service Request,SW:Change,1,T20251221.0005,Slow computer performance,Triage,"Miller, Susan",219.0,Medium,1.0
T20260110.0003,Slow computer performance,High,Service Request,SW:Change,2,T20251216.0008,Slow computer performance,SW:Change,"Miller, Susan",158.5,Medium,1.0
T20260110.0003,Slow computer performance,High,Service Request,SW:Change,3,T20260114.0006,Slow computer performance,IT:Hardware,"Moore, James",173.0,Medium,1.0
T20260110.0003,Slow computer performance,High,Service Request,SW:Change,4,T20260224.0004,Slow computer performance,SW:Change,"Miller, Susan",127.0,Medium,1.0
T20260110.0003,Slow computer performance,High,Service Request,SW:Change,5,T20260117.0008,Slow computer performance,SW:Support,"Miller, Susan",186.0,Medium,1.0
T20251215.0003,Wi-Fi connectivity issues in conference room B,Low,Low,IT:Applications,1,T20260110.0007,Wi-Fi connectivity issues in conference room B,SW:Support,"Miller, Susan",173.0,Medium,1.0
T20251215.0003,Wi-Fi connectivity issues in conference room B,Low,Low,IT:Applications,2,T20260110.0013,Wi-Fi connectivity issues in conference room B,Triage,"Anderson, Scott",160.0,Medium,1.0
T20251215.0003,Wi-Fi connectivity issues in conference room B,Low,Low,IT:Applications,3,T20260128.0006,Wi-Fi connectivity issues in conference room B,SW:Change,"Anderson, Scott",121.0,Medium,1.0
T20251215.0003,Wi-Fi connectivity issues in conference room B,Low,Low,IT:Applications,4,T20251212.0007,Wi-Fi connectivity issues in conference room B,SW:Change,"Anderson, Scott",175.0,Medium,1.0
T20251215.0003,Wi-Fi connectivity issues in conference room B,Low,Low,IT:Applications,5,T20251217.0009,Wi-Fi connectivity issues in conference room B,SW:Defect,"Anderson, Scott",162.0,Medium,1.0
T20260214.0002,Outlook not syncing emails,Critical,Service Request,Triage,1,T20260207.0003,Outlook not syncing emails,SW:Internal,"Anderson, Scott",157.5,Medium,1.0
T20260214.0002,Outlook not syncing emails,Critical,Service Request,Triage,2,T20260227.0015,Outlook not syncing emails,SW:Support,"Anderson, Scott",63.0,Medium,1.0
T20260214.0002,Outlook not syncing emails,Critical,Service Request,Triage,3,T20251208.0002,Outlook not syncing emails,SW:Change,"Anderson, Scott",105.5,Medium,1.0
T20260214.0002,Outlook not syncing emails,Critical,Service Request,Triage,4,T20251220.0008,Outlook not syncing emails,Triage,"Taylor, Mark",67.0,Medium,1.0
T20260214.0002,Outlook not syncing emails,Critical,Service Request,Triage,5,T20260225.0005,Outlook not syncing emails,Triage,"Miller, Susan",152.5,Medium,1.0
T20251210.0003,New user account creation,High,Service Request,IT:Change,1,T20251207.0003,New user account creation,SW:Defect,"Moore, James",40.5,Low,1.0
T20251210.0003,New user account creation,High,Service Request,IT:Change,2,T20251209.0008,New user account creation,SW:Internal,"Miller, Susan",64.0,Low,1.0
T20251210.0003,New user account creation,High,Service Request,IT:Change,3,T20260120.0007,New user account creation,IT:Change,"Taylor, Mark",88.5,Low,1.0
T20251210.0003,New user account creation,High,Service Request,IT:Change,4,T20251204.0011,New user account creation,IT:Change,"Moore, James",47.0,Low,1.0
T20251210.0003,New user account creation,High,Service Request,IT:Change,5,T20260131.0007,New user account creation,Triage,"Moore, James",174.5,Low,1.0
T20260301.0002,Email bouncing back to external clients,Medium,Medium,SW:Support,1,T20260119.0001,Email bouncing back to external clients,Triage,"Moore, James",195.0,Critical,1.0
T20260301.0002,Email bouncing back to external clients,Medium,Medium,SW:Support,2,T20251209.0007,Email bouncing back to external clients,SW:Support,"Anderson, Scott",169.5,Critical,1.0
T20260301.0002,Email bouncing back to external clients,Medium,Medium,SW:Support,3,T20251226.0005,Email bouncing back to external clients,SW:Support,"Miller, Susan",137.0,Critical,1.0
T20260301.0002,Email bouncing back to external clients,Medium,Medium,SW:Support,4,T20260114.0007,Email bouncing back to external clients,SW:Internal,"Miller, Susan",29.0,Critical,1.0
T20260301.0002,Email bouncing back to external clients,Medium,Medium,SW:Support,5,T20251210.0005,Email bouncing back to external clients,IT:Hardware,"Taylor, Mark",100.5,Critical,1.0
T20251217.0001,Password reset request,Medium,Service Request,SW:Support,1,T20251210.0013,Password reset request,IT:Hardware,"Taylor, Mark",190.5,Low,1.0
T20251217.0001,Password reset request,Medium,Service Request,SW:Support,2,T20260218.0008,Password reset request,SW:Change,"Moore, James",128.0,Low,1.0
T20251217.0001,Password reset request,Medium,Service Request,SW:Support,3,T20260226.0006,Password reset request,IT:Applications,"Miller, Susan",89.0,Low,1.0
T20251217.0001,Password reset request,Medium,Service Request,SW:Support,4,T20260215.0014,Password reset request,SW:Defect,"Miller, Susan",11.0,Low,1.0
T20251217.0001,Password reset request,Medium,Service Request,SW:Support,5,T20260223.0005,Password reset request,Triage,"Miller, Susan",29.0,Low,1.0
T20251204.0002,MFA not working on mobile device,Medium,Medium,IT:Hardware,1,T20251211.0011,MFA not working on mobile device,SW:Change,"Miller, Susan",15.5,High,1.0
T20251204.0002,MFA not working on mobile device,Medium,Medium,IT:Hardware,2,T20260121.0005,MFA not working on mobile device,IT:Change,"Taylor, Mark",18.5,High,1.0
T20251204.0002,MFA not working on mobile device,Medium,Medium,IT:Hardware,3,T20260111.0004,MFA not working on mobile device,Triage,"Anderson, Scott",87.5,High,1.0
T20251204.0002,MFA not working on mobile device,Medium,Medium,IT:Hardware,4,T20260202.0005,MFA not working on mobile device,SW:Support,"Taylor, Mark",89.0,High,1.0
T20251204.0002,MFA not working on mobile device,Medium,Medium,IT:Hardware,5,T20260221.0009,MFA not working on mobile device,IT:Hardware,"Taylor, Mark",214.0,High,1.0
T20251221.0004,Shared drive access denied,High,High,SW:Internal,1,T20251207.0010,Shared drive access denied,SW:Change,"Moore, James",176.5,Medium,1.0
T20251221.0004,Shared drive access denied,High,High,SW:Internal,2,T20260302.0006,Shared drive access denied,SW:Internal,"Moore, James",51.0,Medium,1.0
T20251221.0004,Shared drive access denied,High,High,SW:Internal,3,T20251219.0006,Shared drive access denied,SW:Defect,"Anderson, Scott",144.0,Medium,1.0
T20251221.0004,Shared drive access denied,High,High,SW:Internal,4,T20260209.0013,Shared drive access denied,SW:Internal,"Taylor, Mark",55.5,Medium,1.0
T20251221.0004,Shared drive access denied,High,High,SW:Internal,5,T20260117.0006,Shared drive access denied,SW:Internal,"Anderson, Scott",156.0,Medium,1.0
T20260114.0003,Request to install project management software,Critical,Service Request,SW:Support,1,T20260216.0012,Request to install project management software,IT:Hardware,"Anderson, Scott",120.0,Low,1.0
T20260114.0003,Request to install project management software,Critical,Service Request,SW:Support,2,T20260110.0002,Request to install project management software,IT:Hardware,"Anderson, Scott",32.5,Low,1.0
T20260114.0003,Request to install project management software,Critical,Service Request,SW:Support,3,T20260125.0005,Request to install project management software,SW:Internal,"Taylor, Mark",100.0,Low,1.0
T20260114.0003,Request to install project management software,Critical,Service Request,SW:Support,4,T20260104.0002,Request to install project management software,SW:Defect,"Miller, Susan",43.5,Low,1.0
T20260114.0003,Request to install project management software,Critical,Service Request,SW:Support,5,T20260208.0006,Request to install project management software,SW:Support,"Miller, Susan",4.5,Low,1.0
T20260113.0003,Network printer offline,Medium,Medium,SW:Defect,1,T20260115.0006,Network printer offline,SW:Internal,"Taylor, Mark",158.0,High,1.0
T20260113.0003,Network printer offline,Medium,Medium,SW:Defect,2,T20260302.0003,Network printer offline,SW:Change,"Miller, Susan",235.0,High,1.0
T20260113.0003,Network printer offline,Medium,Medium,SW:Defect,3,T20260127.0004,Network printer offline,IT:Applications,"Anderson, Scott",96.0,High,1.0
T20260113.0003,Network printer offline,Medium,Medium,SW:Defect,4,T20260101.0007,Network printer offline,SW:Support,"Anderson, Scott",122.5,High,1.0
T20260113.0003,Network printer offline,Medium,Medium,SW:Defect,5,T20251213.0005,Network printer offline,IT:Change,"Miller, Susan",48.5,High,1.0
T20260124.0003,Laptop battery not holding charge,Low,Low,SW:Defect,1,T20260112.0001,Laptop battery not holding charge,Triage,"Anderson, Scott",212.0,Medium,1.0
T20260124.0003,Laptop battery not holding charge,Low,Low,SW:Defect,2,T20260218.0009,Laptop battery not holding charge,SW:Internal,"Miller, Susan",173.5,Medium,1.0
T20260124.0003,Laptop battery not holding charge,Low,Low,SW:Defect,3,T20260209.0007,Laptop battery not holding charge,SW:Internal,"Taylor, Mark",37.5,Medium,1.0
T20260124.0003,Laptop battery not holding charge,Low,Low,SW:Defect,4,T20260214.0003,Laptop battery not holding charge,IT:Change,"Miller, Susan",144.5,Medium,1.0
T20260124.0003,Laptop battery not holding charge,Low,Low,SW:Defect,5,T20260124.0014,Laptop battery not holding charge,SW:Support,"Moore, James",47.5,Medium,1.0
T20260210.0001,MFA not working on mobile device,Medium,Medium,SW:Defect,1,T20251211.0011,MFA not working on mobile device,SW:Change,"Miller, Susan",15.5,High,1.0
T20260210.0001,MFA not working on mobile device,Medium,Medium,SW:Defect,2,T20260121.0005,MFA not working on mobile device,IT:Change,"Taylor, Mark",18.5,High,1.0
T20260210.0001,MFA not working on mobile device,Medium,Medium,SW:Defect,3,T20260111.0004,MFA not working on mobile device,Triage,"Anderson, Scott",87.5,High,1.0
T20260210.0001,MFA not working on mobile device,Medium,Medium,SW:Defect,4,T20260202.0005,MFA not working on mobile device,SW:Support,"Taylor, Mark",89.0,High,1.0
T20260210.0001,MFA not working on mobile device,Medium,Medium,SW:Defect,5,T20260221.0009,MFA not working on mobile device,IT:Hardware,"Taylor, Mark",214.0,High,1.0
T20260201.0001,Teams calls have audio echo,Critical,High,Triage,1,T20251204.0021,Teams calls have audio echo,SW:Support,"Taylor, Mark",58.0,Medium,1.0
T20260201.0001,Teams calls have audio echo,Critical,High,Triage,2,T20251205.0015,Teams calls have audio echo,IT:Hardware,"Moore, James",11.5,Medium,1.0
T20260201.0001,Teams calls have audio echo,Critical,High,Triage,3,T20260211.0005,Teams calls have audio echo,SW:Support,"Moore, James",186.0,Medium,1.0
T20260201.0001,Teams calls have audio echo,Critical,High,Triage,4,T20251205.0008,Teams calls have audio echo,IT:Applications,"Miller, Susan",169.5,Medium,1.0
T20260201.0001,Teams calls have audio echo,Critical,High,Triage,5,T20260131.0004,Teams calls have audio echo,SW:Defect,"Anderson, Scott",132.0,Medium,1.0
T20260215.0001,Backup job failed overnight,High,High,IT:Hardware,1,T20260203.0005,Backup job failed overnight,SW:Defect,"Anderson, Scott",16.0,Critical,1.0
T20260215.0001,Backup job failed overnight,High,High,IT:Hardware,2,T20260101.0016,Backup job failed overnight,IT:Hardware,"Moore, James",211.0,Critical,1.0
T20260215.0001,Backup job failed overnight,High,High,IT:Hardware,3,T20251212.0005,Backup job failed overnight,SW:Internal,"Miller, Susan",102.0,Critical,1.0
T20260215.0001,Backup job failed overnight,High,High,IT:Hardware,4,T20260129.0009,Backup job failed overnight,SW:Internal,"Anderson, Scott",51.5,Critical,1.0
T20260215.0001,Backup job failed overnight,High,High,IT:Hardware,5,T20251202.0004,Backup job failed overnight,SW:Change,"Taylor, Mark",188.0,Critical,1.0
T20260101.0002,OneDrive sync errors,High,High,IT:Applications,1,T20260113.0013,OneDrive sync errors,SW:Support,"Anderson, Scott",84.5,Medium,1.0
T20260101.0002,OneDrive sync errors,High,High,IT:Applications,2,T20260222.0013,OneDrive sync errors,SW:Defect,"Miller, Susan",14.0,Medium,1.0
T20260101.0002,OneDrive sync errors,High,High,IT:Applications,3,T20251225.0003,OneDrive sync errors,IT:Hardware,"Taylor, Mark",97.0,Medium,1.0
T20260101.0002,OneDrive sync errors,High,High,IT:Applications,4,T20260110.0006,OneDrive sync errors,SW:Support,"Taylor, Mark",95.5,Medium,1.0
T20260101.0002,OneDrive sync errors,High,High,IT:Applications,5,T20260208.0008,OneDrive sync errors,Triage,"Taylor, Mark",217.0,Medium,1.0
T20251226.0003,Wi-Fi connectivity issues in conference room B,Medium,Service Request,SW:Change,1,T20260110.0007,Wi-Fi connectivity issues in conference room B,SW:Support,"Miller, Susan",173.0,Medium,1.0
T20251226.0003,Wi-Fi connectivity issues in conference room B,Medium,Service Request,SW:Change,2,T20260110.0013,Wi-Fi connectivity issues in conference room B,Triage,"Anderson, Scott",160.0,Medium,1.0
T20251226.0003,Wi-Fi connectivity issues in conference room B,Medium,Service Request,SW:Change,3,T20260128.0006,Wi-Fi connectivity issues in conference room B,SW:Change,"Anderson, Scott",121.0,Medium,1.0
T20251226.0003,Wi-Fi connectivity issues in conference room B,Medium,Service Request,SW:Change,4,T20251212.0007,Wi-Fi connectivity issues in conference room B,SW:Change,"Anderson, Scott",175.0,Medium,1.0
T20251226.0003,Wi-Fi connectivity issues in conference room B,Medium,Service Request,SW:Change,5,T20251217.0009,Wi-Fi connectivity issues in conference room B,SW:Defect,"Anderson, Scott",162.0,Medium,1.0
T20260220.0001,File recovery request,High,Service Request,SW:Defect,1,T20260221.0011,File recovery request,IT:Applications,"Miller, Susan",126.0,Medium,1.0
T20260220.0001,File recovery request,High,Service Request,SW:Defect,2,T20251228.0007,File recovery request,IT:Applications,"Taylor, Mark",113.0,Medium,1.0
T20260220.0001,File recovery request,High,Service Request,SW:Defect,3,T20251215.0004,File recovery request,IT:Change,"Moore, James",68.0,Medium,1.0
T20260220.0001,File recovery request,High,Service Request,SW:Defect,4,T20260203.0009,File recovery request,SW:Defect,"Anderson, Scott",141.5,Medium,1.0
T20260220.0001,File recovery request,High,Service Request,SW:Defect,5,T20260107.0002,File recovery request,SW:Internal,"Miller, Susan",124.5,Medium,1.0
T20260201.0002,VPN connection drops intermittently,Low,Service Request,SW:Support,1,T20260223.0002,VPN connection drops intermittently,SW:Change,"Moore, James",157.87,Medium,1.0
T20260201.0002,VPN connection drops intermittently,Low,Service Request,SW:Support,2,T20260204.0007,VPN connection drops intermittently,IT:Change,"Miller, Susan",164.0,High,1.0
T20260201.0002,VPN connection drops intermittently,Low,Service Request,SW:Support,3,T20260219.0002,VPN connection drops intermittently,SW:Support,"Moore, James",147.0,High,1.0
T20260201.0002,VPN connection drops intermittently,Low,Service Request,SW:Support,4,T20260221.0006,VPN connection drops intermittently,Triage,"Anderson, Scott",145.0,High,1.0
T20260201.0002,VPN connection drops intermittently,Low,Service Request,SW:Support,5,T20251212.0006,VPN connection drops intermittently,SW:Support,"Anderson, Scott",39.0,High,1.0
T20251221.0003,Email bouncing back to external clients,Critical,High,IT:Hardware,1,T20260119.0001,Email bouncing back to external clients,Triage,"Moore, James",195.0,Critical,1.0
T20251221.0003,Email bouncing back to external clients,Critical,High,IT:Hardware,2,T20251209.0007,Email bouncing back to external clients,SW:Support,"Anderson, Scott",169.5,Critical,1.0
T20251221.0003,Email bouncing back to external clients,Critical,High,IT:Hardware,3,T20251226.0005,Email bouncing back to external clients,SW:Support,"Miller, Susan",137.0,Critical,1.0
T20251221.0003,Email bouncing back to external clients,Critical,High,IT:Hardware,4,T20260114.0007,Email bouncing back to external clients,SW:Internal,"Miller, Susan",29.0,Critical,1.0
T20251221.0003,Email bouncing back to external clients,Critical,High,IT:Hardware,5,T20251210.0005,Email bouncing back to external clients,IT:Hardware,"Taylor, Mark",100.5,Critical,1.0
T20260216.0001,Shared drive access denied,High,High,SW:Internal,1,T20251207.0010,Shared drive access denied,SW:Change,"Moore, James",176.5,Medium,1.0
T20260216.0001,Shared drive access denied,High,High,SW:Internal,2,T20260302.0006,Shared drive access denied,SW:Internal,"Moore, James",51.0,Medium,1.0
T20260216.0001,Shared drive access denied,High,High,SW:Internal,3,T20251219.0006,Shared drive access denied,SW:Defect,"Anderson, Scott",144.0,Medium,1.0
T20260216.0001,Shared drive access denied,High,High,SW:Internal,4,T20260209.0013,Shared drive access denied,SW:Internal,"Taylor, Mark",55.5,Medium,1.0
T20260216.0001,Shared drive access denied,High,High,SW:Internal,5,T20260117.0006,Shared drive access denied,SW:Internal,"Anderson, Scott",156.0,Medium,1.0
T20251229.0004,New user account creation,Low,Service Request,SW:Defect,1,T20251207.0003,New user account creation,SW:Defect,"Moore, James",40.5,Low,1.0
T20251229.0004,New user account creation,Low,Service Request,SW:Defect,2,T20251209.0008,New user account creation,SW:Internal,"Miller, Susan",64.0,Low,1.0
T20251229.0004,New user account creation,Low,Service Request,SW:Defect,3,T20260120.0007,New user account creation,IT:Change,"Taylor, Mark",88.5,Low,1.0
T20251229.0004,New user account creation,Low,Service Request,SW:Defect,4,T20251204.0011,New user account creation,IT:Change,"Moore, James",47.0,Low,1.0
T20251229.0004,New user account creation,Low,Service Request,SW:Defect,5,T20260131.0007,New user account creation,Triage,"Moore, James",174.5,Low,1.0
T20251217.0002,File recovery request,Medium,Service Request,SW:Defect,1,T20260221.0011,File recovery request,IT:Applications,"Miller, Susan",126.0,Medium,1.0
T20251217.0002,File recovery request,Medium,Service Request,SW:Defect,2,T20251228.0007,File recovery request,IT:Applications,"Taylor, Mark",113.0,Medium,1.0
T20251217.0002,File recovery request,Medium,Service Request,SW:Defect,3,T20251215.0004,File recovery request,IT:Change,"Moore, James",68.0,Medium,1.0
T20251217.0002,File recovery request,Medium,Service Request,SW:Defect,4,T20260203.0009,File recovery request,SW:Defect,"Anderson, Scott",141.5,Medium,1.0
T20251217.0002,File recovery request,Medium,Service Request,SW:Defect,5,T20260107.0002,File recovery request,SW:Internal,"Miller, Susan",124.5,Medium,1.0
T20260209.0005,Email bouncing back to external clients,Low,Service Request,SW:Defect,1,T20260119.0001,Email bouncing back to external clients,Triage,"Moore, James",195.0,Critical,1.0
T20260209.0005,Email bouncing back to external clients,Low,Service Request,SW:Defect,2,T20251209.0007,Email bouncing back to external clients,SW:Support,"Anderson, Scott",169.5,Critical,1.0
T20260209.0005,Email bouncing back to external clients,Low,Service Request,SW:Defect,3,T20251226.0005,Email bouncing back to external clients,SW:Support,"Miller, Susan",137.0,Critical,1.0
T20260209.0005,Email bouncing back to external clients,Low,Service Request,SW:Defect,4,T20260114.0007,Email bouncing back to external clients,SW:Internal,"Miller, Susan",29.0,Critical,1.0
T20260209.0005,Email bouncing back to external clients,Low,Service Request,SW:Defect,5,T20251210.0005,Email bouncing back to external clients,IT:Hardware,"Taylor, Mark",100.5,Critical,1.0
T20260102.0003,Teams calls have audio echo,Critical,Service Request,IT:Change,1,T20251204.0021,Teams calls have audio echo,SW:Support,"Taylor, Mark",58.0,Medium,1.0
T20260102.0003,Teams calls have audio echo,Critical,Service Request,IT:Change,2,T20251205.0015,Teams calls have audio echo,IT:Hardware,"Moore, James",11.5,Medium,1.0
T20260102.0003,Teams calls have audio echo,Critical,Service Request,IT:Change,3,T20260211.0005,Teams calls have audio echo,SW:Support,"Moore, James",186.0,Medium,1.0
T20260102.0003,Teams calls have audio echo,Critical,Service Request,IT:Change,4,T20251205.0008,Teams calls have audio echo,IT:Applications,"Miller, Susan",169.5,Medium,1.0
T20260102.0003,Teams calls have audio echo,Critical,Service Request,IT:Change,5,T20260131.0004,Teams calls have audio echo,SW:Defect,"Anderson, Scott",132.0,Medium,1.0
T20251231.0003,New employee laptop setup,Critical,Service Request,IT:Change,1,T20260218.0006,New employee laptop setup,IT:Change,"Taylor, Mark",119.0,Low,1.0
T20251231.0003,New employee laptop setup,Critical,Service Request,IT:Change,2,T20260222.0006,New employee laptop setup,Triage,"Anderson, Scott",11.5,Low,1.0
T20251231.0003,New employee laptop setup,Critical,Service Request,IT:Change,3,T20251223.0007,New employee laptop setup,SW:Defect,"Moore, James",168.5,Low,1.0
T20251231.0003,New employee laptop setup,Critical,Service Request,IT:Change,4,T20251210.0006,New employee laptop setup,SW:Defect,"Anderson, Scott",5.0,Low,1.0
T20251231.0003,New employee laptop setup,Critical,Service Request,IT:Change,5,T20251225.0005,New employee laptop setup,SW:Internal,"Moore, James",87.0,Low,1.0
T20260202.0003,Shared drive access denied,Medium,Service Request,SW:Internal,1,T20251207.0010,Shared drive access denied,SW:Change,"Moore, James",176.5,Medium,1.0
T20260202.0003,Shared drive access denied,Medium,Service Request,SW:Internal,2,T20260302.0006,Shared drive access denied,SW:Internal,"Moore, James",51.0,Medium,1.0
T20260202.0003,Shared drive access denied,Medium,Service Request,SW:Internal,3,T20251219.0006,Shared drive access denied,SW:Defect,"Anderson, Scott",144.0,Medium,1.0
T20260202.0003,Shared drive access denied,Medium,Service Request,SW:Internal,4,T20260209.0013,Shared drive access denied,SW:Internal,"Taylor, Mark",55.5,Medium,1.0
T20260202.0003,Shared drive access denied,Medium,Service Request,SW:Internal,5,T20260117.0006,Shared drive access denied,SW:Internal,"Anderson, Scott",156.0,Medium,1.0
T20260301.0001,Suspicious phishing email reported,Critical,High,IT:Hardware,1,T20260212.0010,Suspicious phishing email reported,IT:Applications,"Anderson, Scott",141.0,High,1.0
T20260301.0001,Suspicious phishing email reported,Critical,High,IT:Hardware,2,T20260104.0010,Suspicious phishing email reported,SW:Defect,"Anderson, Scott",0.5,High,1.0
T20260301.0001,Suspicious phishing email reported,Critical,High,IT:Hardware,3,T20251230.0008,Suspicious phishing email reported,IT:Change,"Moore, James",134.5,High,1.0
T20260301.0001,Suspicious phishing email reported,Critical,High,IT:Hardware,4,T20260218.0010,Suspicious phishing email reported,SW:Change,"Moore, James",15.0,High,1.0
T20260301.0001,Suspicious phishing email reported,Critical,High,IT:Hardware,5,T20251206.0007,Suspicious phishing email reported,SW:Support,"Miller, Susan",115.5,High,1.0
T20260221.0003,Monitor flickering on docking station,Medium,Service Request,SW:Defect,1,T20251206.0008,Monitor flickering on docking station,SW:Change,"Taylor, Mark",162.0,Medium,1.0
T20260221.0003,Monitor flickering on docking station,Medium,Service Request,SW:Defect,2,T20251210.0014,Monitor flickering on docking station,IT:Change,"Taylor, Mark",124.0,Medium,1.0
T20260221.0003,Monitor flickering on docking station,Medium,Service Request,SW:Defect,3,T20251212.0004,Monitor flickering on docking station,SW:Change,"Miller, Susan",98.5,Medium,1.0
T20260221.0003,Monitor flickering on docking station,Medium,Service Request,SW:Defect,4,T20251208.0004,Monitor flickering on docking station,SW:Support,"Anderson, Scott",60.0,Medium,1.0
T20260221.0003,Monitor flickering on docking station,Medium,Service Request,SW:Defect,5,T20260115.0004,Monitor flickering on docking station,IT:Applications,"Moore, James",165.0,Medium,1.0
T20251230.0001,Request for additional monitor,Low,Service Request,IT:Applications,1,T20260218.0007,Request for additional monitor,Triage,"Moore, James",80.0,Low,1.0
T20251230.0001,Request for additional monitor,Low,Service Request,IT:Applications,2,T20251224.0004,Request for additional monitor,IT:Hardware,"Anderson, Scott",64.0,Low,1.0
T20251230.0001,Request for additional monitor,Low,Service Request,IT:Applications,3,T20260220.0014,Request for additional monitor,SW:Defect,"Miller, Susan",107.5,Low,1.0
T20251230.0001,Request for additional monitor,Low,Service Request,IT:Applications,4,T20260104.0006,Request for additional monitor,SW:Change,"Miller, Susan",26.0,Low,1.0
T20251230.0001,Request for additional monitor,Low,Service Request,IT:Applications,5,T20260116.0016,Request for additional monitor,SW:Internal,"Anderson, Scott",174.0,Low,1.0
T20260115.0001,Laptop battery not holding charge,High,Service Request,IT:Change,1,T20260112.0001,Laptop battery not holding charge,Triage,"Anderson, Scott",212.0,Medium,1.0
T20260115.0001,Laptop battery not holding charge,High,Service Request,IT:Change,2,T20260218.0009,Laptop battery not holding charge,SW:Internal,"Miller, Susan",173.5,Medium,1.0
T20260115.0001,Laptop battery not holding charge,High,Service Request,IT:Change,3,T20260209.0007,Laptop battery not holding charge,SW:Internal,"Taylor, Mark",37.5,Medium,1.0
T20260115.0001,Laptop battery not holding charge,High,Service Request,IT:Change,4,T20260214.0003,Laptop battery not holding charge,IT:Change,"Miller, Susan",144.5,Medium,1.0
T20260115.0001,Laptop battery not holding charge,High,Service Request,IT:Change,5,T20260124.0014,Laptop battery not holding charge,SW:Support,"Moore, James",47.5,Medium,1.0
T20260115.0002,Printer jamming on 2nd floor,Medium,Medium,SW:Support,1,T20260206.0006,Printer jamming on 2nd floor,SW:Support,"Miller, Susan",53.5,Medium,1.0
T20260115.0002,Printer jamming on 2nd floor,Medium,Medium,SW:Support,2,T20260124.0009,Printer jamming on 2nd floor,Triage,"Miller, Susan",213.5,Medium,1.0
T20260115.0002,Printer jamming on 2nd floor,Medium,Medium,SW:Support,3,T20260205.0011,Printer jamming on 2nd floor,SW:Defect,"Anderson, Scott",48.5,Medium,1.0
T20260115.0002,Printer jamming on 2nd floor,Medium,Medium,SW:Support,4,T20251225.0004,Printer jamming on 2nd floor,IT:Hardware,"Anderson, Scott",151.5,Medium,1.0
T20260115.0002,Printer jamming on 2nd floor,Medium,Medium,SW:Support,5,T20251209.0006,Printer jamming on 2nd floor,IT:Change,"Anderson, Scott",6.5,Medium,1.0
T20260219.0001,Slow computer performance,High,High,IT:Applications,1,T20251221.0005,Slow computer performance,Triage,"Miller, Susan",219.0,Medium,1.0
T20260219.0001,Slow computer performance,High,High,IT:Applications,2,T20251216.0008,Slow computer performance,SW:Change,"Miller, Susan",158.5,Medium,1.0
T20260219.0001,Slow computer performance,High,High,IT:Applications,3,T20260114.0006,Slow computer performance,IT:Hardware,"Moore, James",173.0,Medium,1.0
T20260219.0001,Slow computer performance,High,High,IT:Applications,4,T20260224.0004,Slow computer performance,SW:Change,"Miller, Susan",127.0,Medium,1.0
T20260219.0001,Slow computer performance,High,High,IT:Applications,5,T20260117.0008,Slow computer performance,SW:Support,"Miller, Susan",186.0,Medium,1.0
T20260120.0001,Request to install project management software,Medium,Service Request,SW:Defect,1,T20260216.0012,Request to install project management software,IT:Hardware,"Anderson, Scott",120.0,Low,1.0
T20260120.0001,Request to install project management software,Medium,Service Request,SW:Defect,2,T20260110.0002,Request to install project management software,IT:Hardware,"Anderson, Scott",32.5,Low,1.0
T20260120.0001,Request to install project management software,Medium,Service Request,SW:Defect,3,T20260125.0005,Request to install project management software,SW:Internal,"Taylor, Mark",100.0,Low,1.0
T20260120.0001,Request to install project management software,Medium,Service Request,SW:Defect,4,T20260104.0002,Request to install project management software,SW:Defect,"Miller, Susan",43.5,Low,1.0
T20260120.0001,Request to install project management software,Medium,Service Request,SW:Defect,5,T20260208.0006,Request to install project management software,SW:Support,"Miller, Susan",4.5,Low,1.0
T20251215.0001,New employee laptop setup,Medium,Service Request,SW:Support,1,T20260218.0006,New employee laptop setup,IT:Change,"Taylor, Mark",119.0,Low,1.0
T20251215.0001,New employee laptop setup,Medium,Service Request,SW:Support,2,T20260222.0006,New employee laptop setup,Triage,"Anderson, Scott",11.5,Low,1.0
T20251215.0001,New employee laptop setup,Medium,Service Request,SW:Support,3,T20251223.0007,New employee laptop setup,SW:Defect,"Moore, James",168.5,Low,1.0
T20251215.0001,New employee laptop setup,Medium,Service Request,SW:Support,4,T20251210.0006,New employee laptop setup,SW:Defect,"Anderson, Scott",5.0,Low,1.0
T20251215.0001,New employee laptop setup,Medium,Service Request,SW:Support,5,T20251225.0005,New employee laptop setup,SW:Internal,"Moore, James",87.0,Low,1.0
T20260102.0001,Software license expired for Adobe Acrobat,Medium,Service Request,SW:Internal,1,T20260204.0006,Software license expired for Adobe Acrobat,IT:Applications,"Moore, James",1.0,Low,1.0
T20260102.0001,Software license expired for Adobe Acrobat,Medium,Service Request,SW:Internal,2,T20260102.0002,Software license expired for Adobe Acrobat,SW:Defect,"Taylor, Mark",127.0,Low,1.0
T20260102.0001,Software license expired for Adobe Acrobat,Medium,Service Request,SW:Internal,3,T20260129.0006,Software license expired for Adobe Acrobat,SW:Internal,"Miller, Susan",169.0,Low,1.0
T20260102.0001,Software license expired for Adobe Acrobat,Medium,Service Request,SW:Internal,4,T20260114.0011,Software license expired for Adobe Acrobat,IT:Hardware,"Moore, James",111.0,Low,1.0
T20260102.0001,Software license expired for Adobe Acrobat,Medium,Service Request,SW:Internal,5,T20251231.0010,Software license expired for Adobe Acrobat,Triage,"Moore, James",168.5,Low,1.0
T20260203.0001,New employee laptop setup,Medium,Service Request,IT:Hardware,1,T20260218.0006,New employee laptop setup,IT:Change,"Taylor, Mark",119.0,Low,1.0
T20260203.0001,New employee laptop setup,Medium,Service Request,IT:Hardware,2,T20260222.0006,New employee laptop setup,Triage,"Anderson, Scott",11.5,Low,1.0
T20260203.0001,New employee laptop setup,Medium,Service Request,IT:Hardware,3,T20251223.0007,New employee laptop setup,SW:Defect,"Moore, James",168.5,Low,1.0
T20260203.0001,New employee laptop setup,Medium,Service Request,IT:Hardware,4,T20251210.0006,New employee laptop setup,SW:Defect,"Anderson, Scott",5.0,Low,1.0
T20260203.0001,New employee laptop setup,Medium,Service Request,IT:Hardware,5,T20251225.0005,New employee laptop setup,SW:Internal,"Moore, James",87.0,Low,1.0
T20251215.0002,Teams calls have audio echo,Medium,Medium,SW:Defect,1,T20251204.0021,Teams calls have audio echo,SW:Support,"Taylor, Mark",58.0,Medium,1.0
T20251215.0002,Teams calls have audio echo,Medium,Medium,SW:Defect,2,T20251205.0015,Teams calls have audio echo,IT:Hardware,"Moore, James",11.5,Medium,1.0
T20251215.0002,Teams calls have audio echo,Medium,Medium,SW:Defect,3,T20260211.0005,Teams calls have audio echo,SW:Support,"Moore, James",186.0,Medium,1.0
T20251215.0002,Teams calls have audio echo,Medium,Medium,SW:Defect,4,T20251205.0008,Teams calls have audio echo,IT:Applications,"Miller, Susan",169.5,Medium,1.0
T20251215.0002,Teams calls have audio echo,Medium,Medium,SW:Defect,5,T20260131.0004,Teams calls have audio echo,SW:Defect,"Anderson, Scott",132.0,Medium,1.0
T20251224.0002,Windows update causing BSOD,Medium,Maintenance,IT:Hardware,1,T20260301.0006,Windows update causing BSOD,IT:Change,"Taylor, Mark",209.5,Critical,1.0
T20251224.0002,Windows update causing BSOD,Medium,Maintenance,IT:Hardware,2,T20251228.0006,Windows update causing BSOD,IT:Hardware,"Miller, Susan",42.5,Critical,1.0
T20251224.0002,Windows update causing BSOD,Medium,Maintenance,IT:Hardware,3,T20251222.0005,Windows update causing BSOD,IT:Hardware,"Moore, James",2.0,Critical,1.0
T20251224.0002,Windows update causing BSOD,Medium,Maintenance,IT:Hardware,4,T20260212.0016,Windows update causing BSOD,SW:Defect,"Moore, James",170.5,Critical,1.0
T20251224.0002,Windows update causing BSOD,Medium,Maintenance,IT:Hardware,5,T20251230.0011,Windows update causing BSOD,Triage,"Taylor, Mark",30.0,Critical,1.0
T20251204.0003,Teams calls have audio echo,High,Service Request,IT:Hardware,1,T20251204.0021,Teams calls have audio echo,SW:Support,"Taylor, Mark",58.0,Medium,1.0
T20251204.0003,Teams calls have audio echo,High,Service Request,IT:Hardware,2,T20251205.0015,Teams calls have audio echo,IT:Hardware,"Moore, James",11.5,Medium,1.0
T20251204.0003,Teams calls have audio echo,High,Service Request,IT:Hardware,3,T20260211.0005,Teams calls have audio echo,SW:Support,"Moore, James",186.0,Medium,1.0
T20251204.0003,Teams calls have audio echo,High,Service Request,IT:Hardware,4,T20251205.0008,Teams calls have audio echo,IT:Applications,"Miller, Susan",169.5,Medium,1.0
T20251204.0003,Teams calls have audio echo,High,Service Request,IT:Hardware,5,T20260131.0004,Teams calls have audio echo,SW:Defect,"Anderson, Scott",132.0,Medium,1.0
T20251218.0002,Zoom meeting room setup,Low,Service Request,IT:Hardware,1,T20251209.0009,Zoom meeting room setup,SW:Support,"Taylor, Mark",33.5,Low,1.0
T20251218.0002,Zoom meeting room setup,Low,Service Request,IT:Hardware,2,T20260119.0014,Zoom meeting room setup,IT:Change,"Taylor, Mark",57.0,Low,1.0
T20251218.0002,Zoom meeting room setup,Low,Service Request,IT:Hardware,3,T20260124.0006,Zoom meeting room setup,IT:Change,"Anderson, Scott",92.5,Low,1.0
T20251218.0002,Zoom meeting room setup,Low,Service Request,IT:Hardware,4,T20260110.0012,Zoom meeting room setup,SW:Internal,"Moore, James",81.0,Low,1.0
T20251218.0002,Zoom meeting room setup,Low,Service Request,IT:Hardware,5,T20260105.0003,Zoom meeting room setup,Triage,"Anderson, Scott",137.0,Low,1.0
T20260103.0001,New user account creation,High,Service Request,SW:Internal,1,T20251207.0003,New user account creation,SW:Defect,"Moore, James",40.5,Low,1.0
T20260103.0001,New user account creation,High,Service Request,SW:Internal,2,T20251209.0008,New user account creation,SW:Internal,"Miller, Susan",64.0,Low,1.0
T20260103.0001,New user account creation,High,Service Request,SW:Internal,3,T20260120.0007,New user account creation,IT:Change,"Taylor, Mark",88.5,Low,1.0
T20260103.0001,New user account creation,High,Service Request,SW:Internal,4,T20251204.0011,New user account creation,IT:Change,"Moore, James",47.0,Low,1.0
T20260103.0001,New user account creation,High,Service Request,SW:Internal,5,T20260131.0007,New user account creation,Triage,"Moore, James",174.5,Low,1.0
T20260227.0005,New employee laptop setup,Medium,Service Request,SW:Internal,1,T20260218.0006,New employee laptop setup,IT:Change,"Taylor, Mark",119.0,Low,1.0
T20260227.0005,New employee laptop setup,Medium,Service Request,SW:Internal,2,T20260222.0006,New employee laptop setup,Triage,"Anderson, Scott",11.5,Low,1.0
T20260227.0005,New employee laptop setup,Medium,Service Request,SW:Internal,3,T20251223.0007,New employee laptop setup,SW:Defect,"Moore, James",168.5,Low,1.0
T20260227.0005,New employee laptop setup,Medium,Service Request,SW:Internal,4,T20251210.0006,New employee laptop setup,SW:Defect,"Anderson, Scott",5.0,Low,1.0
T20260227.0005,New employee laptop setup,Medium,Service Request,SW:Internal,5,T20251225.0005,New employee laptop setup,SW:Internal,"Moore, James",87.0,Low,1.0
T20260209.0006,Monitor flickering on docking station,Medium,Service Request,IT:Change,1,T20251206.0008,Monitor flickering on docking station,SW:Change,"Taylor, Mark",162.0,Medium,1.0
T20260209.0006,Monitor flickering on docking station,Medium,Service Request,IT:Change,2,T20251210.0014,Monitor flickering on docking station,IT:Change,"Taylor, Mark",124.0,Medium,1.0
T20260209.0006,Monitor flickering on docking station,Medium,Service Request,IT:Change,3,T20251212.0004,Monitor flickering on docking station,SW:Change,"Miller, Susan",98.5,Medium,1.0
T20260209.0006,Monitor flickering on docking station,Medium,Service Request,IT:Change,4,T20251208.0004,Monitor flickering on docking station,SW:Support,"Anderson, Scott",60.0,Medium,1.0
T20260209.0006,Monitor flickering on docking station,Medium,Service Request,IT:Change,5,T20260115.0004,Monitor flickering on docking station,IT:Applications,"Moore, James",165.0,Medium,1.0
T20260218.0005,Windows update causing BSOD,High,Maintenance,SW:Internal,1,T20260301.0006,Windows update causing BSOD,IT:Change,"Taylor, Mark",209.5,Critical,1.0
T20260218.0005,Windows update causing BSOD,High,Maintenance,SW:Internal,2,T20251228.0006,Windows update causing BSOD,IT:Hardware,"Miller, Susan",42.5,Critical,1.0
T20260218.0005,Windows update causing BSOD,High,Maintenance,SW:Internal,3,T20251222.0005,Windows update causing BSOD,IT:Hardware,"Moore, James",2.0,Critical,1.0
T20260218.0005,Windows update causing BSOD,High,Maintenance,SW:Internal,4,T20260212.0016,Windows update causing BSOD,SW:Defect,"Moore, James",170.5,Critical,1.0
T20260218.0005,Windows update causing BSOD,High,Maintenance,SW:Internal,5,T20251230.0011,Windows update causing BSOD,Triage,"Taylor, Mark",30.0,Critical,1.0
T20260110.0004,MFA not working on mobile device,High,High,SW:Internal,1,T20251211.0011,MFA not working on mobile device,SW:Change,"Miller, Susan",15.5,High,1.0
T20260110.0004,MFA not working on mobile device,High,High,SW:Internal,2,T20260121.0005,MFA not working on mobile device,IT:Change,"Taylor, Mark",18.5,High,1.0
T20260110.0004,MFA not working on mobile device,High,High,SW:Internal,3,T20260111.0004,MFA not working on mobile device,Triage,"Anderson, Scott",87.5,High,1.0
T20260110.0004,MFA not working on mobile device,High,High,SW:Internal,4,T20260202.0005,MFA not working on mobile device,SW:Support,"Taylor, Mark",89.0,High,1.0
T20260110.0004,MFA not working on mobile device,High,High,SW:Internal,5,T20260221.0009,MFA not working on mobile device,IT:Hardware,"Taylor, Mark",214.0,High,1.0
T20251229.0002,Keyboard and mouse not responding,Low,Low,IT:Applications,1,T20251217.0004,Keyboard and mouse not responding,IT:Applications,"Taylor, Mark",105.0,Medium,1.0
T20251229.0002,Keyboard and mouse not responding,Low,Low,IT:Applications,2,T20251226.0016,Keyboard and mouse not responding,IT:Hardware,"Anderson, Scott",39.0,Medium,1.0
T20251229.0002,Keyboard and mouse not responding,Low,Low,IT:Applications,3,T20260113.0007,Keyboard and mouse not responding,SW:Change,"Taylor, Mark",57.5,Medium,1.0
T20251229.0002,Keyboard and mouse not responding,Low,Low,IT:Applications,4,T20260302.0010,Keyboard and mouse not responding,Triage,"Taylor, Mark",3.5,Medium,1.0
T20251229.0002,Keyboard and mouse not responding,Low,Low,IT:Applications,5,T20251228.0004,Keyboard and mouse not responding,Triage,"Taylor, Mark",208.5,Medium,1.0
T20260202.0002,Internet speed slow at branch office,Critical,High,IT:Hardware,1,T20260219.0004,Internet speed slow at branch office,SW:Support,"Moore, James",156.0,High,1.0
T20260202.0002,Internet speed slow at branch office,Critical,High,IT:Hardware,2,T20260220.0006,Internet speed slow at branch office,SW:Internal,"Taylor, Mark",82.5,High,1.0
T20260202.0002,Internet speed slow at branch office,Critical,High,IT:Hardware,3,T20260102.0006,Internet speed slow at branch office,SW:Internal,"Miller, Susan",201.5,High,1.0
T20260202.0002,Internet speed slow at branch office,Critical,High,IT:Hardware,4,T20260221.0007,Internet speed slow at branch office,SW:Support,"Miller, Susan",48.5,High,1.0
T20260202.0002,Internet speed slow at branch office,Critical,High,IT:Hardware,5,T20251215.0007,Internet speed slow at branch office,IT:Applications,"Miller, Susan",105.5,High,1.0
T20251222.0001,New user account creation,Low,Service Request,IT:Change,1,T20251207.0003,New user account creation,SW:Defect,"Moore, James",40.5,Low,1.0
T20251222.0001,New user account creation,Low,Service Request,IT:Change,2,T20251209.0008,New user account creation,SW:Internal,"Miller, Susan",64.0,Low,1.0
T20251222.0001,New user account creation,Low,Service Request,IT:Change,3,T20260120.0007,New user account creation,IT:Change,"Taylor, Mark",88.5,Low,1.0
T20251222.0001,New user account creation,Low,Service Request,IT:Change,4,T20251204.0011,New user account creation,IT:Change,"Moore, James",47.0,Low,1.0
T20251222.0001,New user account creation,Low,Service Request,IT:Change,5,T20260131.0007,New user account creation,Triage,"Moore, James",174.5,Low,1.0
T20260117.0002,Need access to CRM application,Low,Service Request,Triage,1,T20260114.0005,Need access to CRM application,SW:Defect,"Miller, Susan",107.5,Low,1.0
T20260117.0002,Need access to CRM application,Low,Service Request,Triage,2,T20251209.0010,Need access to CRM application,SW:Support,"Anderson, Scott",221.5,Low,1.0
T20260117.0002,Need access to CRM application,Low,Service Request,Triage,3,T20260301.0007,Need access to CRM application,IT:Hardware,"Moore, James",233.0,Low,1.0
T20260117.0002,Need access to CRM application,Low,Service Request,Triage,4,T20260123.0003,Need access to CRM application,SW:Internal,"Anderson, Scott",75.0,Low,1.0
T20260117.0002,Need access to CRM application,Low,Service Request,Triage,5,T20260119.0005,Need access to CRM application,Triage,"Moore, James",150.5,Low,1.0
T20260215.0002,MFA not working on mobile device,High,Service Request,SW:Defect,1,T20251211.0011,MFA not working on mobile device,SW:Change,"Miller, Susan",15.5,High,1.0
T20260215.0002,MFA not working on mobile device,High,Service Request,SW:Defect,2,T20260121.0005,MFA not working on mobile device,IT:Change,"Taylor, Mark",18.5,High,1.0
T20260215.0002,MFA not working on mobile device,High,Service Request,SW:Defect,3,T20260111.0004,MFA not working on mobile device,Triage,"Anderson, Scott",87.5,High,1.0
T20260215.0002,MFA not working on mobile device,High,Service Request,SW:Defect,4,T20260202.0005,MFA not working on mobile device,SW:Support,"Taylor, Mark",89.0,High,1.0
T20260215.0002,MFA not working on mobile device,High,Service Request,SW:Defect,5,T20260221.0009,MFA not working on mobile device,IT:Hardware,"Taylor, Mark",214.0,High,1.0
T20260218.0003,Email bouncing back to external clients,Medium,Medium,SW:Internal,1,T20260119.0001,Email bouncing back to external clients,Triage,"Moore, James",195.0,Critical,1.0
T20260218.0003,Email bouncing back to external clients,Medium,Medium,SW:Internal,2,T20251209.0007,Email bouncing back to external clients,SW:Support,"Anderson, Scott",169.5,Critical,1.0
T20260218.0003,Email bouncing back to external clients,Medium,Medium,SW:Internal,3,T20251226.0005,Email bouncing back to external clients,SW:Support,"Miller, Susan",137.0,Critical,1.0
T20260218.0003,Email bouncing back to external clients,Medium,Medium,SW:Internal,4,T20260114.0007,Email bouncing back to external clients,SW:Internal,"Miller, Susan",29.0,Critical,1.0
T20260218.0003,Email bouncing back to external clients,Medium,Medium,SW:Internal,5,T20251210.0005,Email bouncing back to external clients,IT:Hardware,"Taylor, Mark",100.5,Critical,1.0
T20260214.0001,Internet speed slow at branch office,Low,Service Request,IT:Change,1,T20260219.0004,Internet speed slow at branch office,SW:Support,"Moore, James",156.0,High,1.0
T20260214.0001,Internet speed slow at branch office,Low,Service Request,IT:Change,2,T20260220.0006,Internet speed slow at branch office,SW:Internal,"Taylor, Mark",82.5,High,1.0
T20260214.0001,Internet speed slow at branch office,Low,Service Request,IT:Change,3,T20260102.0006,Internet speed slow at branch office,SW:Internal,"Miller, Susan",201.5,High,1.0
T20260214.0001,Internet speed slow at branch office,Low,Service Request,IT:Change,4,T20260221.0007,Internet speed slow at branch office,SW:Support,"Miller, Susan",48.5,High,1.0
T20260214.0001,Internet speed slow at branch office,Low,Service Request,IT:Change,5,T20251215.0007,Internet speed slow at branch office,IT:Applications,"Miller, Susan",105.5,High,1.0
T20260107.0001,Need access to CRM application,Medium,Service Request,IT:Change,1,T20260114.0005,Need access to CRM application,SW:Defect,"Miller, Susan",107.5,Low,1.0
T20260107.0001,Need access to CRM application,Medium,Service Request,IT:Change,2,T20251209.0010,Need access to CRM application,SW:Support,"Anderson, Scott",221.5,Low,1.0
T20260107.0001,Need access to CRM application,Medium,Service Request,IT:Change,3,T20260301.0007,Need access to CRM application,IT:Hardware,"Moore, James",233.0,Low,1.0
T20260107.0001,Need access to CRM application,Medium,Service Request,IT:Change,4,T20260123.0003,Need access to CRM application,SW:Internal,"Anderson, Scott",75.0,Low,1.0
T20260107.0001,Need access to CRM application,Medium,Service Request,IT:Change,5,T20260119.0005,Need access to CRM application,Triage,"Moore, James",150.5,Low,1.0
T20260212.0005,Zoom meeting room setup,Medium,Service Request,IT:Change,1,T20251209.0009,Zoom meeting room setup,SW:Support,"Taylor, Mark",33.5,Low,1.0
T20260212.0005,Zoom meeting room setup,Medium,Service Request,IT:Change,2,T20260119.0014,Zoom meeting room setup,IT:Change,"Taylor, Mark",57.0,Low,1.0
T20260212.0005,Zoom meeting room setup,Medium,Service Request,IT:Change,3,T20260124.0006,Zoom meeting room setup,IT:Change,"Anderson, Scott",92.5,Low,1.0
T20260212.0005,Zoom meeting room setup,Medium,Service Request,IT:Change,4,T20260110.0012,Zoom meeting room setup,SW:Internal,"Moore, James",81.0,Low,1.0
T20260212.0005,Zoom meeting room setup,Medium,Service Request,IT:Change,5,T20260105.0003,Zoom meeting room setup,Triage,"Anderson, Scott",137.0,Low,1.0
T20251206.0001,QuickBooks not launching after update,Medium,Maintenance,SW:Defect,1,T20260102.0008,QuickBooks not launching after update,IT:Hardware,"Miller, Susan",76.0,Medium,1.0
T20251206.0001,QuickBooks not launching after update,Medium,Maintenance,SW:Defect,2,T20260106.0003,QuickBooks not launching after update,SW:Change,"Moore, James",11.0,Medium,1.0
T20251206.0001,QuickBooks not launching after update,Medium,Maintenance,SW:Defect,3,T20251221.0008,QuickBooks not launching after update,SW:Internal,"Anderson, Scott",55.0,Medium,1.0
T20251206.0001,QuickBooks not launching after update,Medium,Maintenance,SW:Defect,4,T20260219.0007,QuickBooks not launching after update,IT:Hardware,"Moore, James",93.0,Medium,1.0
T20251206.0001,QuickBooks not launching after update,Medium,Maintenance,SW:Defect,5,T20251203.0004,QuickBooks not launching after update,SW:Defect,"Taylor, Mark",150.0,Medium,1.0
T20260220.0002,File recovery request,High,Service Request,SW:Change,1,T20260221.0011,File recovery request,IT:Applications,"Miller, Susan",126.0,Medium,1.0
T20260220.0002,File recovery request,High,Service Request,SW:Change,2,T20251228.0007,File recovery request,IT:Applications,"Taylor, Mark",113.0,Medium,1.0
T20260220.0002,File recovery request,High,Service Request,SW:Change,3,T20251215.0004,File recovery request,IT:Change,"Moore, James",68.0,Medium,1.0
T20260220.0002,File recovery request,High,Service Request,SW:Change,4,T20260203.0009,File recovery request,SW:Defect,"Anderson, Scott",141.5,Medium,1.0
T20260220.0002,File recovery request,High,Service Request,SW:Change,5,T20260107.0002,File recovery request,SW:Internal,"Miller, Susan",124.5,Medium,1.0
T20251207.0002,Server room temperature alert,Medium,Medium,Triage,1,T20260101.0003,Server room temperature alert,SW:Change,"Anderson, Scott",226.0,Critical,1.0
T20251207.0002,Server room temperature alert,Medium,Medium,Triage,2,T20260113.0006,Server room temperature alert,IT:Applications,"Miller, Susan",184.5,Critical,1.0
T20251207.0002,Server room temperature alert,Medium,Medium,Triage,3,T20251224.0005,Server room temperature alert,IT:Applications,"Anderson, Scott",75.0,Critical,1.0
T20251207.0002,Server room temperature alert,Medium,Medium,Triage,4,T20260302.0008,Server room temperature alert,IT:Hardware,"Anderson, Scott",166.5,Critical,1.0
T20251207.0002,Server room temperature alert,Medium,Medium,Triage,5,T20260106.0010,Server room temperature alert,Triage,"Miller, Susan",138.5,Critical,1.0
T20260217.0004,Shared drive access denied,Critical,High,IT:Hardware,1,T20251207.0010,Shared drive access denied,SW:Change,"Moore, James",176.5,Medium,1.0
T20260217.0004,Shared drive access denied,Critical,High,IT:Hardware,2,T20260302.0006,Shared drive access denied,SW:Internal,"Moore, James",51.0,Medium,1.0
T20260217.0004,Shared drive access denied,Critical,High,IT:Hardware,3,T20251219.0006,Shared drive access denied,SW:Defect,"Anderson, Scott",144.0,Medium,1.0
T20260217.0004,Shared drive access denied,Critical,High,IT:Hardware,4,T20260209.0013,Shared drive access denied,SW:Internal,"Taylor, Mark",55.5,Medium,1.0
T20260217.0004,Shared drive access denied,Critical,High,IT:Hardware,5,T20260117.0006,Shared drive access denied,SW:Internal,"Anderson, Scott",156.0,Medium,1.0
T20251213.0003,VPN connection drops intermittently,Critical,Service Request,SW:Support,1,T20260223.0002,VPN connection drops intermittently,SW:Change,"Moore, James",157.87,Medium,1.0
T20251213.0003,VPN connection drops intermittently,Critical,Service Request,SW:Support,2,T20260204.0007,VPN connection drops intermittently,IT:Change,"Miller, Susan",164.0,High,1.0
T20251213.0003,VPN connection drops intermittently,Critical,Service Request,SW:Support,3,T20260219.0002,VPN connection drops intermittently,SW:Support,"Moore, James",147.0,High,1.0
T20251213.0003,VPN connection drops intermittently,Critical,Service Request,SW:Support,4,T20260221.0006,VPN connection drops intermittently,Triage,"Anderson, Scott",145.0,High,1.0
T20251213.0003,VPN connection drops intermittently,Critical,Service Request,SW:Support,5,T20251212.0006,VPN connection drops intermittently,SW:Support,"Anderson, Scott",39.0,High,1.0
T20251209.0004,Need access to CRM application,Critical,Service Request,Triage,1,T20260114.0005,Need access to CRM application,SW:Defect,"Miller, Susan",107.5,Low,1.0
T20251209.0004,Need access to CRM application,Critical,Service Request,Triage,2,T20251209.0010,Need access to CRM application,SW:Support,"Anderson, Scott",221.5,Low,1.0
T20251209.0004,Need access to CRM application,Critical,Service Request,Triage,3,T20260301.0007,Need access to CRM application,IT:Hardware,"Moore, James",233.0,Low,1.0
T20251209.0004,Need access to CRM application,Critical,Service Request,Triage,4,T20260123.0003,Need access to CRM application,SW:Internal,"Anderson, Scott",75.0,Low,1.0
T20251209.0004,Need access to CRM application,Critical,Service Request,Triage,5,T20260119.0005,Need access to CRM application,Triage,"Moore, James",150.5,Low,1.0
T20260116.0005,OneDrive sync errors,High,Service Request,SW:Support,1,T20260113.0013,OneDrive sync errors,SW:Support,"Anderson, Scott",84.5,Medium,1.0
T20260116.0005,OneDrive sync errors,High,Service Request,SW:Support,2,T20260222.0013,OneDrive sync errors,SW:Defect,"Miller, Susan",14.0,Medium,1.0
T20260116.0005,OneDrive sync errors,High,Service Request,SW:Support,3,T20251225.0003,OneDrive sync errors,IT:Hardware,"Taylor, Mark",97.0,Medium,1.0
T20260116.0005,OneDrive sync errors,High,Service Request,SW:Support,4,T20260110.0006,OneDrive sync errors,SW:Support,"Taylor, Mark",95.5,Medium,1.0
T20260116.0005,OneDrive sync errors,High,Service Request,SW:Support,5,T20260208.0008,OneDrive sync errors,Triage,"Taylor, Mark",217.0,Medium,1.0
T20120602.0001,Ensure that image is being backed up,Medium,Medium,IT:Applications,1,T20251209.0007,Email bouncing back to external clients,SW:Support,"Anderson, Scott",169.5,Critical,0.1805
T20120602.0001,Ensure that image is being backed up,Medium,Medium,IT:Applications,2,T20251210.0005,Email bouncing back to external clients,IT:Hardware,"Taylor, Mark",100.5,Critical,0.1805
T20120602.0001,Ensure that image is being backed up,Medium,Medium,IT:Applications,3,T20251231.0009,Email bouncing back to external clients,SW:Change,"Moore, James",163.5,Critical,0.1805
T20120602.0001,Ensure that image is being backed up,Medium,Medium,IT:Applications,4,T20260220.0011,Email bouncing back to external clients,SW:Change,"Miller, Susan",153.5,Critical,0.1805
T20120602.0001,Ensure that image is being backed up,Medium,Medium,IT:Applications,5,T20251210.0011,Email bouncing back to external clients,IT:Applications,"Moore, James",77.0,Critical,0.1805
T20251226.0002,Suspicious phishing email reported,Low,Low,SW:Defect,1,T20260212.0010,Suspicious phishing email reported,IT:Applications,"Anderson, Scott",141.0,High,1.0
T20251226.0002,Suspicious phishing email reported,Low,Low,SW:Defect,2,T20260104.0010,Suspicious phishing email reported,SW:Defect,"Anderson, Scott",0.5,High,1.0
T20251226.0002,Suspicious phishing email reported,Low,Low,SW:Defect,3,T20251230.0008,Suspicious phishing email reported,IT:Change,"Moore, James",134.5,High,1.0
T20251226.0002,Suspicious phishing email reported,Low,Low,SW:Defect,4,T20260218.0010,Suspicious phishing email reported,SW:Change,"Moore, James",15.0,High,1.0
T20251226.0002,Suspicious phishing email reported,Low,Low,SW:Defect,5,T20251206.0007,Suspicious phishing email reported,SW:Support,"Miller, Susan",115.5,High,1.0
T20260108.0001,Need access to CRM application,High,Service Request,SW:Internal,1,T20260114.0005,Need access to CRM application,SW:Defect,"Miller, Susan",107.5,Low,1.0
T20260108.0001,Need access to CRM application,High,Service Request,SW:Internal,2,T20251209.0010,Need access to CRM application,SW:Support,"Anderson, Scott",221.5,Low,1.0
T20260108.0001,Need access to CRM application,High,Service Request,SW:Internal,3,T20260301.0007,Need access to CRM application,IT:Hardware,"Moore, James",233.0,Low,1.0
T20260108.0001,Need access to CRM application,High,Service Request,SW:Internal,4,T20260123.0003,Need access to CRM application,SW:Internal,"Anderson, Scott",75.0,Low,1.0
T20260108.0001,Need access to CRM application,High,Service Request,SW:Internal,5,T20260119.0005,Need access to CRM application,Triage,"Moore, James",150.5,Low,1.0
T20260116.0003,Outlook not syncing emails,High,High,IT:Hardware,1,T20260207.0003,Outlook not syncing emails,SW:Internal,"Anderson, Scott",157.5,Medium,1.0
T20260116.0003,Outlook not syncing emails,High,High,IT:Hardware,2,T20260227.0015,Outlook not syncing emails,SW:Support,"Anderson, Scott",63.0,Medium,1.0
T20260116.0003,Outlook not syncing emails,High,High,IT:Hardware,3,T20251208.0002,Outlook not syncing emails,SW:Change,"Anderson, Scott",105.5,Medium,1.0
T20260116.0003,Outlook not syncing emails,High,High,IT:Hardware,4,T20251220.0008,Outlook not syncing emails,Triage,"Taylor, Mark",67.0,Medium,1.0
T20260116.0003,Outlook not syncing emails,High,High,IT:Hardware,5,T20260225.0005,Outlook not syncing emails,Triage,"Miller, Susan",152.5,Medium,1.0
T20260218.0002,Network printer offline,Low,Service Request,SW:Change,1,T20260115.0006,Network printer offline,SW:Internal,"Taylor, Mark",158.0,High,1.0
T20260218.0002,Network printer offline,Low,Service Request,SW:Change,2,T20260302.0003,Network printer offline,SW:Change,"Miller, Susan",235.0,High,1.0
T20260218.0002,Network printer offline,Low,Service Request,SW:Change,3,T20260127.0004,Network printer offline,IT:Applications,"Anderson, Scott",96.0,High,1.0
T20260218.0002,Network printer offline,Low,Service Request,SW:Change,4,T20260101.0007,Network printer offline,SW:Support,"Anderson, Scott",122.5,High,1.0
T20260218.0002,Network printer offline,Low,Service Request,SW:Change,5,T20251213.0005,Network printer offline,IT:Change,"Miller, Susan",48.5,High,1.0
T20260120.0002,VPN connection drops intermittently,Critical,High,SW:Internal,1,T20260223.0002,VPN connection drops intermittently,SW:Change,"Moore, James",157.87,Medium,1.0
T20260120.0002,VPN connection drops intermittently,Critical,High,SW:Internal,2,T20260204.0007,VPN connection drops intermittently,IT:Change,"Miller, Susan",164.0,High,1.0
T20260120.0002,VPN connection drops intermittently,Critical,High,SW:Internal,3,T20260219.0002,VPN connection drops intermittently,SW:Support,"Moore, James",147.0,High,1.0
T20260120.0002,VPN connection drops intermittently,Critical,High,SW:Internal,4,T20260221.0006,VPN connection drops intermittently,Triage,"Anderson, Scott",145.0,High,1.0
T20260120.0002,VPN connection drops intermittently,Critical,High,SW:Internal,5,T20251212.0006,VPN connection drops intermittently,SW:Support,"Anderson, Scott",39.0,High,1.0
T20260227.0004,Network printer offline,High,Service Request,IT:Change,1,T20260115.0006,Network printer offline,SW:Internal,"Taylor, Mark",158.0,High,1.0
T20260227.0004,Network printer offline,High,Service Request,IT:Change,2,T20260302.0003,Network printer offline,SW:Change,"Miller, Susan",235.0,High,1.0
T20260227.0004,Network printer offline,High,Service Request,IT:Change,3,T20260127.0004,Network printer offline,IT:Applications,"Anderson, Scott",96.0,High,1.0
T20260227.0004,Network printer offline,High,Service Request,IT:Change,4,T20260101.0007,Network printer offline,SW:Support,"Anderson, Scott",122.5,High,1.0
T20260227.0004,Network printer offline,High,Service Request,IT:Change,5,T20251213.0005,Network printer offline,IT:Change,"Miller, Susan",48.5,High,1.0
T20260124.0001,Monitor flickering on docking station,Critical,High,Triage,1,T20251206.0008,Monitor flickering on docking station,SW:Change,"Taylor, Mark",162.0,Medium,1.0
T20260124.0001,Monitor flickering on docking station,Critical,High,Triage,2,T20251210.0014,Monitor flickering on docking station,IT:Change,"Taylor, Mark",124.0,Medium,1.0
T20260124.0001,Monitor flickering on docking station,Critical,High,Triage,3,T20251212.0004,Monitor flickering on docking station,SW:Change,"Miller, Susan",98.5,Medium,1.0
T20260124.0001,Monitor flickering on docking station,Critical,High,Triage,4,T20251208.0004,Monitor flickering on docking station,SW:Support,"Anderson, Scott",60.0,Medium,1.0
T20260124.0001,Monitor flickering on docking station,Critical,High,Triage,5,T20260115.0004,Monitor flickering on docking station,IT:Applications,"Moore, James",165.0,Medium,1.0
T20260122.0003,Suspicious phishing email reported,High,High,IT:Hardware,1,T20260212.0010,Suspicious phishing email reported,IT:Applications,"Anderson, Scott",141.0,High,1.0
T20260122.0003,Suspicious phishing email reported,High,High,IT:Hardware,2,T20260104.0010,Suspicious phishing email reported,SW:Defect,"Anderson, Scott",0.5,High,1.0
T20260122.0003,Suspicious phishing email reported,High,High,IT:Hardware,3,T20251230.0008,Suspicious phishing email reported,IT:Change,"Moore, James",134.5,High,1.0
T20260122.0003,Suspicious phishing email reported,High,High,IT:Hardware,4,T20260218.0010,Suspicious phishing email reported,SW:Change,"Moore, James",15.0,High,1.0
T20260122.0003,Suspicious phishing email reported,High,High,IT:Hardware,5,T20251206.0007,Suspicious phishing email reported,SW:Support,"Miller, Susan",115.5,High,1.0
T20260221.0002,Printer jamming on 2nd floor,Critical,High,SW:Internal,1,T20260206.0006,Printer jamming on 2nd floor,SW:Support,"Miller, Susan",53.5,Medium,1.0
T20260221.0002,Printer jamming on 2nd floor,Critical,High,SW:Internal,2,T20260124.0009,Printer jamming on 2nd floor,Triage,"Miller, Susan",213.5,Medium,1.0
T20260221.0002,Printer jamming on 2nd floor,Critical,High,SW:Internal,3,T20260205.0011,Printer jamming on 2nd floor,SW:Defect,"Anderson, Scott",48.5,Medium,1.0
T20260221.0002,Printer jamming on 2nd floor,Critical,High,SW:Internal,4,T20251225.0004,Printer jamming on 2nd floor,IT:Hardware,"Anderson, Scott",151.5,Medium,1.0
T20260221.0002,Printer jamming on 2nd floor,Critical,High,SW:Internal,5,T20251209.0006,Printer jamming on 2nd floor,IT:Change,"Anderson, Scott",6.5,Medium,1.0
T20260127.0002,Software license expired for Adobe Acrobat,Critical,Service Request,SW:Defect,1,T20260204.0006,Software license expired for Adobe Acrobat,IT:Applications,"Moore, James",1.0,Low,1.0
T20260127.0002,Software license expired for Adobe Acrobat,Critical,Service Request,SW:Defect,2,T20260102.0002,Software license expired for Adobe Acrobat,SW:Defect,"Taylor, Mark",127.0,Low,1.0
T20260127.0002,Software license expired for Adobe Acrobat,Critical,Service Request,SW:Defect,3,T20260129.0006,Software license expired for Adobe Acrobat,SW:Internal,"Miller, Susan",169.0,Low,1.0
T20260127.0002,Software license expired for Adobe Acrobat,Critical,Service Request,SW:Defect,4,T20260114.0011,Software license expired for Adobe Acrobat,IT:Hardware,"Moore, James",111.0,Low,1.0
T20260127.0002,Software license expired for Adobe Acrobat,Critical,Service Request,SW:Defect,5,T20251231.0010,Software license expired for Adobe Acrobat,Triage,"Moore, James",168.5,Low,1.0
T20260116.0004,Password reset request,Medium,Service Request,Triage,1,T20251210.0013,Password reset request,IT:Hardware,"Taylor, Mark",190.5,Low,1.0
T20260116.0004,Password reset request,Medium,Service Request,Triage,2,T20260218.0008,Password reset request,SW:Change,"Moore, James",128.0,Low,1.0
T20260116.0004,Password reset request,Medium,Service Request,Triage,3,T20260226.0006,Password reset request,IT:Applications,"Miller, Susan",89.0,Low,1.0
T20260116.0004,Password reset request,Medium,Service Request,Triage,4,T20260215.0014,Password reset request,SW:Defect,"Miller, Susan",11.0,Low,1.0
T20260116.0004,Password reset request,Medium,Service Request,Triage,5,T20260223.0005,Password reset request,Triage,"Miller, Susan",29.0,Low,1.0
T20260212.0004,MFA not working on mobile device,Critical,High,SW:Support,1,T20251211.0011,MFA not working on mobile device,SW:Change,"Miller, Susan",15.5,High,1.0
T20260212.0004,MFA not working on mobile device,Critical,High,SW:Support,2,T20260121.0005,MFA not working on mobile device,IT:Change,"Taylor, Mark",18.5,High,1.0
T20260212.0004,MFA not working on mobile device,Critical,High,SW:Support,3,T20260111.0004,MFA not working on mobile device,Triage,"Anderson, Scott",87.5,High,1.0
T20260212.0004,MFA not working on mobile device,Critical,High,SW:Support,4,T20260202.0005,MFA not working on mobile device,SW:Support,"Taylor, Mark",89.0,High,1.0
T20260212.0004,MFA not working on mobile device,Critical,High,SW:Support,5,T20260221.0009,MFA not working on mobile device,IT:Hardware,"Taylor, Mark",214.0,High,1.0
T20260223.0004,Network printer offline,Low,Low,Triage,1,T20260115.0006,Network printer offline,SW:Internal,"Taylor, Mark",158.0,High,1.0
T20260223.0004,Network printer offline,Low,Low,Triage,2,T20260302.0003,Network printer offline,SW:Change,"Miller, Susan",235.0,High,1.0
T20260223.0004,Network printer offline,Low,Low,Triage,3,T20260127.0004,Network printer offline,IT:Applications,"Anderson, Scott",96.0,High,1.0
T20260223.0004,Network printer offline,Low,Low,Triage,4,T20260101.0007,Network printer offline,SW:Support,"Anderson, Scott",122.5,High,1.0
T20260223.0004,Network printer offline,Low,Low,Triage,5,T20251213.0005,Network printer offline,IT:Change,"Miller, Susan",48.5,High,1.0
T20120603.0002,Weekly backup is still not working.,High,High,IT:Applications,1,T20260203.0005,Backup job failed overnight,SW:Defect,"Anderson, Scott",16.0,Critical,0.2876
T20120603.0002,Weekly backup is still not working.,High,High,IT:Applications,2,T20260101.0016,Backup job failed overnight,IT:Hardware,"Moore, James",211.0,Critical,0.2876
T20120603.0002,Weekly backup is still not working.,High,High,IT:Applications,3,T20260215.0008,Backup job failed overnight,SW:Support,"Moore, James",161.5,Critical,0.2876
T20120603.0002,Weekly backup is still not working.,High,High,IT:Applications,4,T20251204.0010,Backup job failed overnight,Triage,"Taylor, Mark",170.5,Critical,0.2876
T20120603.0002,Weekly backup is still not working.,High,High,IT:Applications,5,T20260121.0004,Backup job failed overnight,IT:Applications,"Moore, James",39.0,Critical,0.2876
T20120601.0002,Front Desk machine needs rebuilding.,Critical,High,IT:Hardware,1,T20251213.0004,Windows update causing BSOD,IT:Applications,"Taylor, Mark",210.0,Critical,0.3392
T20120601.0002,Front Desk machine needs rebuilding.,Critical,High,IT:Hardware,2,T20260131.0003,Windows update causing BSOD,SW:Change,"Moore, James",122.5,Critical,0.3392
T20120601.0002,Front Desk machine needs rebuilding.,Critical,High,IT:Hardware,3,T20260202.0004,Windows update causing BSOD,SW:Change,"Miller, Susan",227.0,Critical,0.3392
T20120601.0002,Front Desk machine needs rebuilding.,Critical,High,IT:Hardware,4,T20260105.0005,Windows update causing BSOD,IT:Hardware,"Taylor, Mark",157.0,Critical,0.3392
T20120601.0002,Front Desk machine needs rebuilding.,Critical,High,IT:Hardware,5,T20260301.0004,Windows update causing BSOD,IT:Change,"Anderson, Scott",39.0,Critical,0.3392
T20260304.0002,teams display gone,High,Service Request,SW:Internal,1,T20251218.0010,Teams calls have audio echo,IT:Applications,"Anderson, Scott",102.5,Medium,0.3241
T20260304.0002,teams display gone,High,Service Request,SW:Internal,2,T20251205.0015,Teams calls have audio echo,IT:Hardware,"Moore, James",11.5,Medium,0.3241
T20260304.0002,teams display gone,High,Service Request,SW:Internal,3,T20260113.0005,Teams calls have audio echo,SW:Internal,"Miller, Susan",15.5,Medium,0.3241
T20260304.0002,teams display gone,High,Service Request,SW:Internal,4,T20260113.0011,Teams calls have audio echo,Triage,"Moore, James",214.0,Medium,0.3241
T20260304.0002,teams display gone,High,Service Request,SW:Internal,5,T20251217.0008,Teams calls have audio echo,IT:Applications,"Moore, James",111.0,Medium,0.3241
T20120604.0006,SQL Job cleanup log files,Medium,Medium,SW:Internal,1,T20260101.0016,Backup job failed overnight,IT:Hardware,"Moore, James",211.0,Critical,0.2287
T20120604.0006,SQL Job cleanup log files,Medium,Medium,SW:Internal,2,T20251216.0003,Backup job failed overnight,SW:Change,"Anderson, Scott",39.0,Critical,0.2287
T20120604.0006,SQL Job cleanup log files,Medium,Medium,SW:Internal,3,T20251220.0009,Backup job failed overnight,IT:Change,"Anderson, Scott",217.5,Critical,0.2287
T20120604.0006,SQL Job cleanup log files,Medium,Medium,SW:Internal,4,T20251211.0010,Backup job failed overnight,IT:Applications,"Miller, Susan",164.0,Critical,0.2287
T20120604.0006,SQL Job cleanup log files,Medium,Medium,SW:Internal,5,T20251231.0012,Backup job failed overnight,IT:Change,"Taylor, Mark",232.5,Critical,0.2287
T20120604.0005,Server crashed after new software build,Medium,Medium,SW:Internal,1,T20260226.0012,Server room temperature alert,IT:Change,"Taylor, Mark",103.5,Critical,0.1657
T20120604.0005,Server crashed after new software build,Medium,Medium,SW:Internal,2,T20260113.0006,Server room temperature alert,IT:Applications,"Miller, Susan",184.5,Critical,0.1657
T20120604.0005,Server crashed after new software build,Medium,Medium,SW:Internal,3,T20260108.0007,Server room temperature alert,SW:Defect,"Taylor, Mark",210.0,Critical,0.1657
T20120604.0005,Server crashed after new software build,Medium,Medium,SW:Internal,4,T20260302.0008,Server room temperature alert,IT:Hardware,"Anderson, Scott",166.5,Critical,0.1657
T20120604.0005,Server crashed after new software build,Medium,Medium,SW:Internal,5,T20251224.0005,Server room temperature alert,IT:Applications,"Anderson, Scott",75.0,Critical,0.1657
T20120603.0001,Web server crashing after build 24325,Critical,High,SW:Internal,1,T20260226.0012,Server room temperature alert,IT:Change,"Taylor, Mark",103.5,Critical,0.2786
T20120603.0001,Web server crashing after build 24325,Critical,High,SW:Internal,2,T20260115.0011,Server room temperature alert,Triage,"Taylor, Mark",7.5,Critical,0.2786
T20120603.0001,Web server crashing after build 24325,Critical,High,SW:Internal,3,T20251219.0012,Server room temperature alert,IT:Applications,"Anderson, Scott",41.0,Critical,0.2786
T20120603.0001,Web server crashing after build 24325,Critical,High,SW:Internal,4,T20260101.0006,Server room temperature alert,IT:Hardware,"Moore, James",219.5,Critical,0.2786
T20120603.0001,Web server crashing after build 24325,Critical,High,SW:Internal,5,T20260109.0004,Server room temperature alert,IT:Change,"Taylor, Mark",150.0,Critical,0.2786
T20120601.0001,Security access change - Firewall,High,Service Request,SW:Change,1,T20251219.0006,Shared drive access denied,SW:Defect,"Anderson, Scott",144.0,Medium,0.3463
T20120601.0001,Security access change - Firewall,High,Service Request,SW:Change,2,T20260302.0006,Shared drive access denied,SW:Internal,"Moore, James",51.0,Medium,0.3463
T20120601.0001,Security access change - Firewall,High,Service Request,SW:Change,3,T20251202.0002,Shared drive access denied,IT:Change,"Anderson, Scott",215.5,Medium,0.3463
T20120601.0001,Security access change - Firewall,High,Service Request,SW:Change,4,T20260124.0005,Shared drive access denied,SW:Defect,"Moore, James",201.0,Medium,0.3463
T20120601.0001,Security access change - Firewall,High,Service Request,SW:Change,5,T20260107.0010,Shared drive access denied,Triage,"Miller, Susan",171.0,Medium,0.3463
